date,index_name,close_value,date_key
2022-01-03,BSE_SMALLCAP,26554.6,20220103
2022-01-03,CRISIL_GILT,1451.06,20220103
2022-01-03,CRISIL_LIQUID,2281.51,20220103
2022-01-03,NIFTY100,17778.24,20220103
2022-01-03,NIFTY50,17492.79,20220103
2022-01-03,NIFTY500,14837.07,20220103
2022-01-03,NIFTY_MIDCAP150,9721.79,20220103
2022-01-04,BSE_SMALLCAP,27079.92,20220104
2022-01-04,CRISIL_GILT,1453.26,20220104
2022-01-04,CRISIL_LIQUID,2281.61,20220104
2022-01-04,NIFTY100,17537.52,20220104
2022-01-04,NIFTY50,17689.64,20220104
2022-01-04,NIFTY500,14743.12,20220104
2022-01-04,NIFTY_MIDCAP150,9954.23,20220104
2022-01-05,BSE_SMALLCAP,27313.35,20220105
2022-01-05,CRISIL_GILT,1455.5,20220105
2022-01-05,CRISIL_LIQUID,2282.31,20220105
2022-01-05,NIFTY100,17607.73,20220105
2022-01-05,NIFTY50,17835.05,20220105
2022-01-05,NIFTY500,14960.53,20220105
2022-01-05,NIFTY_MIDCAP150,9859.05,20220105
2022-01-06,BSE_SMALLCAP,27377.05,20220106
2022-01-06,CRISIL_GILT,1454.41,20220106
2022-01-06,CRISIL_LIQUID,2282.91,20220106
2022-01-06,NIFTY100,17556.05,20220106
2022-01-06,NIFTY50,17878.51,20220106
2022-01-06,NIFTY500,14950.28,20220106
2022-01-06,NIFTY_MIDCAP150,9787.54,20220106
2022-01-07,BSE_SMALLCAP,26316.86,20220107
2022-01-07,CRISIL_GILT,1454.33,20220107
2022-01-07,CRISIL_LIQUID,2284.78,20220107
2022-01-07,NIFTY100,17664.02,20220107
2022-01-07,NIFTY50,17759.15,20220107
2022-01-07,NIFTY500,15044.47,20220107
2022-01-07,NIFTY_MIDCAP150,9803.31,20220107
2022-01-10,BSE_SMALLCAP,26476.06,20220110
2022-01-10,CRISIL_GILT,1456.61,20220110
2022-01-10,CRISIL_LIQUID,2284.84,20220110
2022-01-10,NIFTY100,17516.51,20220110
2022-01-10,NIFTY50,18124.84,20220110
2022-01-10,NIFTY500,14927.83,20220110
2022-01-10,NIFTY_MIDCAP150,9844.45,20220110
2022-01-11,BSE_SMALLCAP,26462.96,20220111
2022-01-11,CRISIL_GILT,1453.45,20220111
2022-01-11,CRISIL_LIQUID,2285.86,20220111
2022-01-11,NIFTY100,17603.08,20220111
2022-01-11,NIFTY50,18256.96,20220111
2022-01-11,NIFTY500,14883.56,20220111
2022-01-11,NIFTY_MIDCAP150,9791.21,20220111
2022-01-12,BSE_SMALLCAP,26090.99,20220112
2022-01-12,CRISIL_GILT,1451.21,20220112
2022-01-12,CRISIL_LIQUID,2285.47,20220112
2022-01-12,NIFTY100,17763.76,20220112
2022-01-12,NIFTY50,18162.54,20220112
2022-01-12,NIFTY500,14864.72,20220112
2022-01-12,NIFTY_MIDCAP150,9876.14,20220112
2022-01-13,BSE_SMALLCAP,26085.36,20220113
2022-01-13,CRISIL_GILT,1450.67,20220113
2022-01-13,CRISIL_LIQUID,2285.36,20220113
2022-01-13,NIFTY100,17830.3,20220113
2022-01-13,NIFTY50,18179.05,20220113
2022-01-13,NIFTY500,14796.69,20220113
2022-01-13,NIFTY_MIDCAP150,9873.26,20220113
2022-01-14,BSE_SMALLCAP,26081.45,20220114
2022-01-14,CRISIL_GILT,1451.29,20220114
2022-01-14,CRISIL_LIQUID,2285.63,20220114
2022-01-14,NIFTY100,17578.93,20220114
2022-01-14,NIFTY50,17971.75,20220114
2022-01-14,NIFTY500,14793.7,20220114
2022-01-14,NIFTY_MIDCAP150,10002.73,20220114
2022-01-17,BSE_SMALLCAP,26102.25,20220117
2022-01-17,CRISIL_GILT,1451.63,20220117
2022-01-17,CRISIL_LIQUID,2285.61,20220117
2022-01-17,NIFTY100,17945.01,20220117
2022-01-17,NIFTY50,17998.26,20220117
2022-01-17,NIFTY500,14685.76,20220117
2022-01-17,NIFTY_MIDCAP150,9933.58,20220117
2022-01-18,BSE_SMALLCAP,26391.97,20220118
2022-01-18,CRISIL_GILT,1451.98,20220118
2022-01-18,CRISIL_LIQUID,2286.51,20220118
2022-01-18,NIFTY100,18041.24,20220118
2022-01-18,NIFTY50,17938.46,20220118
2022-01-18,NIFTY500,14683.54,20220118
2022-01-18,NIFTY_MIDCAP150,9843.49,20220118
2022-01-19,BSE_SMALLCAP,26333.58,20220119
2022-01-19,CRISIL_GILT,1452.89,20220119
2022-01-19,CRISIL_LIQUID,2287.08,20220119
2022-01-19,NIFTY100,18014.52,20220119
2022-01-19,NIFTY50,18301.33,20220119
2022-01-19,NIFTY500,14839.56,20220119
2022-01-19,NIFTY_MIDCAP150,9827.96,20220119
2022-01-20,BSE_SMALLCAP,26262.97,20220120
2022-01-20,CRISIL_GILT,1452.45,20220120
2022-01-20,CRISIL_LIQUID,2288.27,20220120
2022-01-20,NIFTY100,18115.34,20220120
2022-01-20,NIFTY50,18424.66,20220120
2022-01-20,NIFTY500,14629.78,20220120
2022-01-20,NIFTY_MIDCAP150,9817.39,20220120
2022-01-21,BSE_SMALLCAP,26153.44,20220121
2022-01-21,CRISIL_GILT,1450.36,20220121
2022-01-21,CRISIL_LIQUID,2288.12,20220121
2022-01-21,NIFTY100,18440.19,20220121
2022-01-21,NIFTY50,18055.59,20220121
2022-01-21,NIFTY500,14620.34,20220121
2022-01-21,NIFTY_MIDCAP150,9724.35,20220121
2022-01-24,BSE_SMALLCAP,26260.93,20220124
2022-01-24,CRISIL_GILT,1450.91,20220124
2022-01-24,CRISIL_LIQUID,2288.84,20220124
2022-01-24,NIFTY100,18236.66,20220124
2022-01-24,NIFTY50,18338.54,20220124
2022-01-24,NIFTY500,14565.98,20220124
2022-01-24,NIFTY_MIDCAP150,9742.25,20220124
2022-01-25,BSE_SMALLCAP,26477.73,20220125
2022-01-25,CRISIL_GILT,1453.66,20220125
2022-01-25,CRISIL_LIQUID,2288.89,20220125
2022-01-25,NIFTY100,18409.39,20220125
2022-01-25,NIFTY50,18408.04,20220125
2022-01-25,NIFTY500,14499.41,20220125
2022-01-25,NIFTY_MIDCAP150,9676.3,20220125
2022-01-26,BSE_SMALLCAP,26974.24,20220126
2022-01-26,CRISIL_GILT,1457.24,20220126
2022-01-26,CRISIL_LIQUID,2290.4,20220126
2022-01-26,NIFTY100,18393.08,20220126
2022-01-26,NIFTY50,18650.54,20220126
2022-01-26,NIFTY500,14758.9,20220126
2022-01-26,NIFTY_MIDCAP150,9893.28,20220126
2022-01-27,BSE_SMALLCAP,27192.24,20220127
2022-01-27,CRISIL_GILT,1450.36,20220127
2022-01-27,CRISIL_LIQUID,2290.25,20220127
2022-01-27,NIFTY100,18354.08,20220127
2022-01-27,NIFTY50,18701.92,20220127
2022-01-27,NIFTY500,14956.08,20220127
2022-01-27,NIFTY_MIDCAP150,9892.88,20220127
2022-01-28,BSE_SMALLCAP,27620.86,20220128
2022-01-28,CRISIL_GILT,1447.15,20220128
2022-01-28,CRISIL_LIQUID,2289.57,20220128
2022-01-28,NIFTY100,18324.13,20220128
2022-01-28,NIFTY50,18734.13,20220128
2022-01-28,NIFTY500,14899.33,20220128
2022-01-28,NIFTY_MIDCAP150,9940.6,20220128
2022-01-31,BSE_SMALLCAP,27966.74,20220131
2022-01-31,CRISIL_GILT,1451.01,20220131
2022-01-31,CRISIL_LIQUID,2289.74,20220131
2022-01-31,NIFTY100,18021.52,20220131
2022-01-31,NIFTY50,18615.38,20220131
2022-01-31,NIFTY500,14729.9,20220131
2022-01-31,NIFTY_MIDCAP150,9807.35,20220131
2022-02-01,BSE_SMALLCAP,28046.09,20220201
2022-02-01,CRISIL_GILT,1450.41,20220201
2022-02-01,CRISIL_LIQUID,2289.52,20220201
2022-02-01,NIFTY100,18101.19,20220201
2022-02-01,NIFTY50,18724.17,20220201
2022-02-01,NIFTY500,14936.51,20220201
2022-02-01,NIFTY_MIDCAP150,9874.99,20220201
2022-02-02,BSE_SMALLCAP,27785.09,20220202
2022-02-02,CRISIL_GILT,1444.13,20220202
2022-02-02,CRISIL_LIQUID,2290.22,20220202
2022-02-02,NIFTY100,17753.35,20220202
2022-02-02,NIFTY50,18900.9,20220202
2022-02-02,NIFTY500,14997.17,20220202
2022-02-02,NIFTY_MIDCAP150,9791.4,20220202
2022-02-03,BSE_SMALLCAP,27961.09,20220203
2022-02-03,CRISIL_GILT,1448.99,20220203
2022-02-03,CRISIL_LIQUID,2291.23,20220203
2022-02-03,NIFTY100,17685.95,20220203
2022-02-03,NIFTY50,18640.35,20220203
2022-02-03,NIFTY500,14852.83,20220203
2022-02-03,NIFTY_MIDCAP150,9899.67,20220203
2022-02-04,BSE_SMALLCAP,28591.9,20220204
2022-02-04,CRISIL_GILT,1453.09,20220204
2022-02-04,CRISIL_LIQUID,2292.34,20220204
2022-02-04,NIFTY100,17621.67,20220204
2022-02-04,NIFTY50,18524.44,20220204
2022-02-04,NIFTY500,14741.64,20220204
2022-02-04,NIFTY_MIDCAP150,9734.45,20220204
2022-02-07,BSE_SMALLCAP,29046.44,20220207
2022-02-07,CRISIL_GILT,1449.18,20220207
2022-02-07,CRISIL_LIQUID,2291.39,20220207
2022-02-07,NIFTY100,17574.94,20220207
2022-02-07,NIFTY50,18347.28,20220207
2022-02-07,NIFTY500,14762.94,20220207
2022-02-07,NIFTY_MIDCAP150,9737.12,20220207
2022-02-08,BSE_SMALLCAP,29586.64,20220208
2022-02-08,CRISIL_GILT,1445.31,20220208
2022-02-08,CRISIL_LIQUID,2292.51,20220208
2022-02-08,NIFTY100,17275.41,20220208
2022-02-08,NIFTY50,18626.31,20220208
2022-02-08,NIFTY500,15000.94,20220208
2022-02-08,NIFTY_MIDCAP150,9858.09,20220208
2022-02-09,BSE_SMALLCAP,28860.83,20220209
2022-02-09,CRISIL_GILT,1456.63,20220209
2022-02-09,CRISIL_LIQUID,2293.26,20220209
2022-02-09,NIFTY100,17410.12,20220209
2022-02-09,NIFTY50,18807.0,20220209
2022-02-09,NIFTY500,14960.09,20220209
2022-02-09,NIFTY_MIDCAP150,9884.01,20220209
2022-02-10,BSE_SMALLCAP,28105.41,20220210
2022-02-10,CRISIL_GILT,1453.68,20220210
2022-02-10,CRISIL_LIQUID,2294.36,20220210
2022-02-10,NIFTY100,17157.83,20220210
2022-02-10,NIFTY50,18760.65,20220210
2022-02-10,NIFTY500,15027.84,20220210
2022-02-10,NIFTY_MIDCAP150,9874.6,20220210
2022-02-11,BSE_SMALLCAP,27937.21,20220211
2022-02-11,CRISIL_GILT,1458.56,20220211
2022-02-11,CRISIL_LIQUID,2295.59,20220211
2022-02-11,NIFTY100,17036.29,20220211
2022-02-11,NIFTY50,18935.65,20220211
2022-02-11,NIFTY500,14957.42,20220211
2022-02-11,NIFTY_MIDCAP150,10031.8,20220211
2022-02-14,BSE_SMALLCAP,28141.65,20220214
2022-02-14,CRISIL_GILT,1464.67,20220214
2022-02-14,CRISIL_LIQUID,2295.73,20220214
2022-02-14,NIFTY100,16968.48,20220214
2022-02-14,NIFTY50,18733.59,20220214
2022-02-14,NIFTY500,15027.81,20220214
2022-02-14,NIFTY_MIDCAP150,9945.15,20220214
2022-02-15,BSE_SMALLCAP,28015.93,20220215
2022-02-15,CRISIL_GILT,1459.74,20220215
2022-02-15,CRISIL_LIQUID,2295.67,20220215
2022-02-15,NIFTY100,16932.91,20220215
2022-02-15,NIFTY50,18789.33,20220215
2022-02-15,NIFTY500,14820.97,20220215
2022-02-15,NIFTY_MIDCAP150,9820.24,20220215
2022-02-16,BSE_SMALLCAP,27958.44,20220216
2022-02-16,CRISIL_GILT,1456.81,20220216
2022-02-16,CRISIL_LIQUID,2296.5,20220216
2022-02-16,NIFTY100,16993.92,20220216
2022-02-16,NIFTY50,18942.63,20220216
2022-02-16,NIFTY500,14912.37,20220216
2022-02-16,NIFTY_MIDCAP150,9710.87,20220216
2022-02-17,BSE_SMALLCAP,27410.49,20220217
2022-02-17,CRISIL_GILT,1461.01,20220217
2022-02-17,CRISIL_LIQUID,2297.79,20220217
2022-02-17,NIFTY100,17004.75,20220217
2022-02-17,NIFTY50,18867.92,20220217
2022-02-17,NIFTY500,14951.88,20220217
2022-02-17,NIFTY_MIDCAP150,9606.86,20220217
2022-02-18,BSE_SMALLCAP,27200.23,20220218
2022-02-18,CRISIL_GILT,1456.42,20220218
2022-02-18,CRISIL_LIQUID,2297.48,20220218
2022-02-18,NIFTY100,17284.03,20220218
2022-02-18,NIFTY50,18875.61,20220218
2022-02-18,NIFTY500,14851.13,20220218
2022-02-18,NIFTY_MIDCAP150,9658.37,20220218
2022-02-21,BSE_SMALLCAP,26886.5,20220221
2022-02-21,CRISIL_GILT,1452.91,20220221
2022-02-21,CRISIL_LIQUID,2298.12,20220221
2022-02-21,NIFTY100,17341.61,20220221
2022-02-21,NIFTY50,18962.56,20220221
2022-02-21,NIFTY500,14426.04,20220221
2022-02-21,NIFTY_MIDCAP150,9631.55,20220221
2022-02-22,BSE_SMALLCAP,26588.16,20220222
2022-02-22,CRISIL_GILT,1452.61,20220222
2022-02-22,CRISIL_LIQUID,2298.33,20220222
2022-02-22,NIFTY100,17389.05,20220222
2022-02-22,NIFTY50,19151.71,20220222
2022-02-22,NIFTY500,14641.86,20220222
2022-02-22,NIFTY_MIDCAP150,9745.75,20220222
2022-02-23,BSE_SMALLCAP,26337.19,20220223
2022-02-23,CRISIL_GILT,1452.57,20220223
2022-02-23,CRISIL_LIQUID,2298.55,20220223
2022-02-23,NIFTY100,17315.49,20220223
2022-02-23,NIFTY50,18922.93,20220223
2022-02-23,NIFTY500,14426.37,20220223
2022-02-23,NIFTY_MIDCAP150,9803.0,20220223
2022-02-24,BSE_SMALLCAP,25958.59,20220224
2022-02-24,CRISIL_GILT,1456.98,20220224
2022-02-24,CRISIL_LIQUID,2298.86,20220224
2022-02-24,NIFTY100,17366.81,20220224
2022-02-24,NIFTY50,18905.49,20220224
2022-02-24,NIFTY500,14595.33,20220224
2022-02-24,NIFTY_MIDCAP150,9849.92,20220224
2022-02-25,BSE_SMALLCAP,25128.56,20220225
2022-02-25,CRISIL_GILT,1459.47,20220225
2022-02-25,CRISIL_LIQUID,2299.93,20220225
2022-02-25,NIFTY100,17305.72,20220225
2022-02-25,NIFTY50,18772.62,20220225
2022-02-25,NIFTY500,14496.81,20220225
2022-02-25,NIFTY_MIDCAP150,9664.02,20220225
2022-02-28,BSE_SMALLCAP,25643.29,20220228
2022-02-28,CRISIL_GILT,1460.64,20220228
2022-02-28,CRISIL_LIQUID,2300.94,20220228
2022-02-28,NIFTY100,17246.14,20220228
2022-02-28,NIFTY50,18865.93,20220228
2022-02-28,NIFTY500,14553.1,20220228
2022-02-28,NIFTY_MIDCAP150,9733.14,20220228
2022-03-01,BSE_SMALLCAP,25620.14,20220301
2022-03-01,CRISIL_GILT,1460.52,20220301
2022-03-01,CRISIL_LIQUID,2300.89,20220301
2022-03-01,NIFTY100,17708.25,20220301
2022-03-01,NIFTY50,18827.48,20220301
2022-03-01,NIFTY500,14639.75,20220301
2022-03-01,NIFTY_MIDCAP150,9878.28,20220301
2022-03-02,BSE_SMALLCAP,25395.42,20220302
2022-03-02,CRISIL_GILT,1457.07,20220302
2022-03-02,CRISIL_LIQUID,2300.49,20220302
2022-03-02,NIFTY100,17941.93,20220302
2022-03-02,NIFTY50,18962.53,20220302
2022-03-02,NIFTY500,14862.71,20220302
2022-03-02,NIFTY_MIDCAP150,9896.16,20220302
2022-03-03,BSE_SMALLCAP,25363.09,20220303
2022-03-03,CRISIL_GILT,1461.96,20220303
2022-03-03,CRISIL_LIQUID,2301.86,20220303
2022-03-03,NIFTY100,17823.22,20220303
2022-03-03,NIFTY50,18764.05,20220303
2022-03-03,NIFTY500,14728.91,20220303
2022-03-03,NIFTY_MIDCAP150,9794.5,20220303
2022-03-04,BSE_SMALLCAP,25498.62,20220304
2022-03-04,CRISIL_GILT,1462.89,20220304
2022-03-04,CRISIL_LIQUID,2303.04,20220304
2022-03-04,NIFTY100,17926.74,20220304
2022-03-04,NIFTY50,18700.26,20220304
2022-03-04,NIFTY500,14731.39,20220304
2022-03-04,NIFTY_MIDCAP150,9629.72,20220304
2022-03-07,BSE_SMALLCAP,25556.97,20220307
2022-03-07,CRISIL_GILT,1465.73,20220307
2022-03-07,CRISIL_LIQUID,2304.53,20220307
2022-03-07,NIFTY100,17975.01,20220307
2022-03-07,NIFTY50,19018.69,20220307
2022-03-07,NIFTY500,14614.22,20220307
2022-03-07,NIFTY_MIDCAP150,9745.27,20220307
2022-03-08,BSE_SMALLCAP,25316.04,20220308
2022-03-08,CRISIL_GILT,1466.97,20220308
2022-03-08,CRISIL_LIQUID,2305.52,20220308
2022-03-08,NIFTY100,17886.24,20220308
2022-03-08,NIFTY50,18996.04,20220308
2022-03-08,NIFTY500,14487.72,20220308
2022-03-08,NIFTY_MIDCAP150,9762.76,20220308
2022-03-09,BSE_SMALLCAP,25685.3,20220309
2022-03-09,CRISIL_GILT,1467.8,20220309
2022-03-09,CRISIL_LIQUID,2307.08,20220309
2022-03-09,NIFTY100,18202.81,20220309
2022-03-09,NIFTY50,19174.22,20220309
2022-03-09,NIFTY500,14507.13,20220309
2022-03-09,NIFTY_MIDCAP150,9619.52,20220309
2022-03-10,BSE_SMALLCAP,25492.73,20220310
2022-03-10,CRISIL_GILT,1468.61,20220310
2022-03-10,CRISIL_LIQUID,2306.0,20220310
2022-03-10,NIFTY100,18181.6,20220310
2022-03-10,NIFTY50,19018.0,20220310
2022-03-10,NIFTY500,14622.56,20220310
2022-03-10,NIFTY_MIDCAP150,9667.41,20220310
2022-03-11,BSE_SMALLCAP,25428.82,20220311
2022-03-11,CRISIL_GILT,1469.04,20220311
2022-03-11,CRISIL_LIQUID,2306.51,20220311
2022-03-11,NIFTY100,18397.76,20220311
2022-03-11,NIFTY50,18796.74,20220311
2022-03-11,NIFTY500,14954.42,20220311
2022-03-11,NIFTY_MIDCAP150,9671.17,20220311
2022-03-14,BSE_SMALLCAP,26062.13,20220314
2022-03-14,CRISIL_GILT,1468.94,20220314
2022-03-14,CRISIL_LIQUID,2306.6,20220314
2022-03-14,NIFTY100,18307.51,20220314
2022-03-14,NIFTY50,19023.35,20220314
2022-03-14,NIFTY500,14933.13,20220314
2022-03-14,NIFTY_MIDCAP150,9853.29,20220314
2022-03-15,BSE_SMALLCAP,26836.05,20220315
2022-03-15,CRISIL_GILT,1467.14,20220315
2022-03-15,CRISIL_LIQUID,2308.64,20220315
2022-03-15,NIFTY100,18481.95,20220315
2022-03-15,NIFTY50,19158.43,20220315
2022-03-15,NIFTY500,14931.6,20220315
2022-03-15,NIFTY_MIDCAP150,9769.94,20220315
2022-03-16,BSE_SMALLCAP,27285.8,20220316
2022-03-16,CRISIL_GILT,1469.53,20220316
2022-03-16,CRISIL_LIQUID,2308.36,20220316
2022-03-16,NIFTY100,18694.14,20220316
2022-03-16,NIFTY50,19102.14,20220316
2022-03-16,NIFTY500,14938.63,20220316
2022-03-16,NIFTY_MIDCAP150,9817.55,20220316
2022-03-17,BSE_SMALLCAP,27053.4,20220317
2022-03-17,CRISIL_GILT,1474.12,20220317
2022-03-17,CRISIL_LIQUID,2307.98,20220317
2022-03-17,NIFTY100,18555.09,20220317
2022-03-17,NIFTY50,19368.71,20220317
2022-03-17,NIFTY500,14967.91,20220317
2022-03-17,NIFTY_MIDCAP150,9956.83,20220317
2022-03-18,BSE_SMALLCAP,26913.66,20220318
2022-03-18,CRISIL_GILT,1475.43,20220318
2022-03-18,CRISIL_LIQUID,2308.12,20220318
2022-03-18,NIFTY100,18514.06,20220318
2022-03-18,NIFTY50,19279.61,20220318
2022-03-18,NIFTY500,15008.92,20220318
2022-03-18,NIFTY_MIDCAP150,10015.42,20220318
2022-03-21,BSE_SMALLCAP,26643.56,20220321
2022-03-21,CRISIL_GILT,1481.84,20220321
2022-03-21,CRISIL_LIQUID,2308.33,20220321
2022-03-21,NIFTY100,18509.77,20220321
2022-03-21,NIFTY50,19153.99,20220321
2022-03-21,NIFTY500,14864.44,20220321
2022-03-21,NIFTY_MIDCAP150,10003.95,20220321
2022-03-22,BSE_SMALLCAP,26574.97,20220322
2022-03-22,CRISIL_GILT,1480.54,20220322
2022-03-22,CRISIL_LIQUID,2308.65,20220322
2022-03-22,NIFTY100,18768.1,20220322
2022-03-22,NIFTY50,19165.54,20220322
2022-03-22,NIFTY500,14515.22,20220322
2022-03-22,NIFTY_MIDCAP150,9972.09,20220322
2022-03-23,BSE_SMALLCAP,26791.53,20220323
2022-03-23,CRISIL_GILT,1489.0,20220323
2022-03-23,CRISIL_LIQUID,2309.91,20220323
2022-03-23,NIFTY100,19017.38,20220323
2022-03-23,NIFTY50,19132.24,20220323
2022-03-23,NIFTY500,14488.18,20220323
2022-03-23,NIFTY_MIDCAP150,9943.17,20220323
2022-03-24,BSE_SMALLCAP,26121.24,20220324
2022-03-24,CRISIL_GILT,1491.09,20220324
2022-03-24,CRISIL_LIQUID,2311.58,20220324
2022-03-24,NIFTY100,18964.88,20220324
2022-03-24,NIFTY50,18960.4,20220324
2022-03-24,NIFTY500,14748.49,20220324
2022-03-24,NIFTY_MIDCAP150,9892.43,20220324
2022-03-25,BSE_SMALLCAP,25767.85,20220325
2022-03-25,CRISIL_GILT,1481.13,20220325
2022-03-25,CRISIL_LIQUID,2312.88,20220325
2022-03-25,NIFTY100,18914.38,20220325
2022-03-25,NIFTY50,18951.21,20220325
2022-03-25,NIFTY500,14765.56,20220325
2022-03-25,NIFTY_MIDCAP150,9820.37,20220325
2022-03-28,BSE_SMALLCAP,25825.38,20220328
2022-03-28,CRISIL_GILT,1488.71,20220328
2022-03-28,CRISIL_LIQUID,2315.29,20220328
2022-03-28,NIFTY100,18961.42,20220328
2022-03-28,NIFTY50,18999.44,20220328
2022-03-28,NIFTY500,14755.9,20220328
2022-03-28,NIFTY_MIDCAP150,9954.12,20220328
2022-03-29,BSE_SMALLCAP,25809.4,20220329
2022-03-29,CRISIL_GILT,1485.57,20220329
2022-03-29,CRISIL_LIQUID,2316.82,20220329
2022-03-29,NIFTY100,18727.88,20220329
2022-03-29,NIFTY50,19138.12,20220329
2022-03-29,NIFTY500,14760.65,20220329
2022-03-29,NIFTY_MIDCAP150,10079.59,20220329
2022-03-30,BSE_SMALLCAP,25667.9,20220330
2022-03-30,CRISIL_GILT,1486.78,20220330
2022-03-30,CRISIL_LIQUID,2316.96,20220330
2022-03-30,NIFTY100,18933.02,20220330
2022-03-30,NIFTY50,19568.64,20220330
2022-03-30,NIFTY500,14677.52,20220330
2022-03-30,NIFTY_MIDCAP150,10169.59,20220330
2022-03-31,BSE_SMALLCAP,25193.81,20220331
2022-03-31,CRISIL_GILT,1489.12,20220331
2022-03-31,CRISIL_LIQUID,2317.47,20220331
2022-03-31,NIFTY100,18808.63,20220331
2022-03-31,NIFTY50,19775.28,20220331
2022-03-31,NIFTY500,14672.22,20220331
2022-03-31,NIFTY_MIDCAP150,10201.64,20220331
2022-04-01,BSE_SMALLCAP,25004.44,20220401
2022-04-01,CRISIL_GILT,1489.8,20220401
2022-04-01,CRISIL_LIQUID,2318.65,20220401
2022-04-01,NIFTY100,18832.6,20220401
2022-04-01,NIFTY50,19613.8,20220401
2022-04-01,NIFTY500,14685.66,20220401
2022-04-01,NIFTY_MIDCAP150,10229.89,20220401
2022-04-04,BSE_SMALLCAP,24854.87,20220404
2022-04-04,CRISIL_GILT,1489.81,20220404
2022-04-04,CRISIL_LIQUID,2318.4,20220404
2022-04-04,NIFTY100,19059.05,20220404
2022-04-04,NIFTY50,20065.6,20220404
2022-04-04,NIFTY500,14698.42,20220404
2022-04-04,NIFTY_MIDCAP150,10056.36,20220404
2022-04-05,BSE_SMALLCAP,24418.09,20220405
2022-04-05,CRISIL_GILT,1487.83,20220405
2022-04-05,CRISIL_LIQUID,2318.77,20220405
2022-04-05,NIFTY100,19137.78,20220405
2022-04-05,NIFTY50,20083.52,20220405
2022-04-05,NIFTY500,14720.48,20220405
2022-04-05,NIFTY_MIDCAP150,10142.53,20220405
2022-04-06,BSE_SMALLCAP,24154.27,20220406
2022-04-06,CRISIL_GILT,1486.33,20220406
2022-04-06,CRISIL_LIQUID,2319.84,20220406
2022-04-06,NIFTY100,19084.64,20220406
2022-04-06,NIFTY50,20147.77,20220406
2022-04-06,NIFTY500,14741.43,20220406
2022-04-06,NIFTY_MIDCAP150,10150.44,20220406
2022-04-07,BSE_SMALLCAP,24106.48,20220407
2022-04-07,CRISIL_GILT,1491.21,20220407
2022-04-07,CRISIL_LIQUID,2321.84,20220407
2022-04-07,NIFTY100,18934.49,20220407
2022-04-07,NIFTY50,20045.55,20220407
2022-04-07,NIFTY500,14740.96,20220407
2022-04-07,NIFTY_MIDCAP150,10019.96,20220407
2022-04-08,BSE_SMALLCAP,24282.19,20220408
2022-04-08,CRISIL_GILT,1487.82,20220408
2022-04-08,CRISIL_LIQUID,2322.46,20220408
2022-04-08,NIFTY100,18934.99,20220408
2022-04-08,NIFTY50,20053.65,20220408
2022-04-08,NIFTY500,14897.02,20220408
2022-04-08,NIFTY_MIDCAP150,10146.23,20220408
2022-04-11,BSE_SMALLCAP,24609.58,20220411
2022-04-11,CRISIL_GILT,1488.45,20220411
2022-04-11,CRISIL_LIQUID,2323.2,20220411
2022-04-11,NIFTY100,18899.18,20220411
2022-04-11,NIFTY50,20059.1,20220411
2022-04-11,NIFTY500,15155.8,20220411
2022-04-11,NIFTY_MIDCAP150,10134.08,20220411
2022-04-12,BSE_SMALLCAP,24272.32,20220412
2022-04-12,CRISIL_GILT,1491.54,20220412
2022-04-12,CRISIL_LIQUID,2324.18,20220412
2022-04-12,NIFTY100,19319.0,20220412
2022-04-12,NIFTY50,20180.83,20220412
2022-04-12,NIFTY500,14939.38,20220412
2022-04-12,NIFTY_MIDCAP150,10227.08,20220412
2022-04-13,BSE_SMALLCAP,24172.09,20220413
2022-04-13,CRISIL_GILT,1488.01,20220413
2022-04-13,CRISIL_LIQUID,2323.51,20220413
2022-04-13,NIFTY100,19201.15,20220413
2022-04-13,NIFTY50,20341.13,20220413
2022-04-13,NIFTY500,14873.99,20220413
2022-04-13,NIFTY_MIDCAP150,10284.67,20220413
2022-04-14,BSE_SMALLCAP,24107.08,20220414
2022-04-14,CRISIL_GILT,1490.18,20220414
2022-04-14,CRISIL_LIQUID,2323.85,20220414
2022-04-14,NIFTY100,19126.79,20220414
2022-04-14,NIFTY50,20287.69,20220414
2022-04-14,NIFTY500,14593.31,20220414
2022-04-14,NIFTY_MIDCAP150,10186.01,20220414
2022-04-15,BSE_SMALLCAP,24058.23,20220415
2022-04-15,CRISIL_GILT,1494.55,20220415
2022-04-15,CRISIL_LIQUID,2323.82,20220415
2022-04-15,NIFTY100,18979.48,20220415
2022-04-15,NIFTY50,20496.5,20220415
2022-04-15,NIFTY500,14665.12,20220415
2022-04-15,NIFTY_MIDCAP150,10279.11,20220415
2022-04-18,BSE_SMALLCAP,23986.53,20220418
2022-04-18,CRISIL_GILT,1496.31,20220418
2022-04-18,CRISIL_LIQUID,2324.99,20220418
2022-04-18,NIFTY100,18948.25,20220418
2022-04-18,NIFTY50,20414.87,20220418
2022-04-18,NIFTY500,14834.94,20220418
2022-04-18,NIFTY_MIDCAP150,10208.04,20220418
2022-04-19,BSE_SMALLCAP,23617.29,20220419
2022-04-19,CRISIL_GILT,1500.99,20220419
2022-04-19,CRISIL_LIQUID,2325.27,20220419
2022-04-19,NIFTY100,19038.49,20220419
2022-04-19,NIFTY50,20612.2,20220419
2022-04-19,NIFTY500,14857.19,20220419
2022-04-19,NIFTY_MIDCAP150,10023.58,20220419
2022-04-20,BSE_SMALLCAP,23790.24,20220420
2022-04-20,CRISIL_GILT,1501.26,20220420
2022-04-20,CRISIL_LIQUID,2326.76,20220420
2022-04-20,NIFTY100,18900.52,20220420
2022-04-20,NIFTY50,20511.28,20220420
2022-04-20,NIFTY500,14880.87,20220420
2022-04-20,NIFTY_MIDCAP150,10114.81,20220420
2022-04-21,BSE_SMALLCAP,23703.83,20220421
2022-04-21,CRISIL_GILT,1498.49,20220421
2022-04-21,CRISIL_LIQUID,2327.68,20220421
2022-04-21,NIFTY100,18964.24,20220421
2022-04-21,NIFTY50,20331.45,20220421
2022-04-21,NIFTY500,14813.05,20220421
2022-04-21,NIFTY_MIDCAP150,10144.26,20220421
2022-04-22,BSE_SMALLCAP,23731.62,20220422
2022-04-22,CRISIL_GILT,1498.34,20220422
2022-04-22,CRISIL_LIQUID,2328.16,20220422
2022-04-22,NIFTY100,18785.85,20220422
2022-04-22,NIFTY50,20291.62,20220422
2022-04-22,NIFTY500,14845.28,20220422
2022-04-22,NIFTY_MIDCAP150,10163.64,20220422
2022-04-25,BSE_SMALLCAP,23774.75,20220425
2022-04-25,CRISIL_GILT,1493.62,20220425
2022-04-25,CRISIL_LIQUID,2328.35,20220425
2022-04-25,NIFTY100,18938.86,20220425
2022-04-25,NIFTY50,20260.33,20220425
2022-04-25,NIFTY500,14843.13,20220425
2022-04-25,NIFTY_MIDCAP150,10257.69,20220425
2022-04-26,BSE_SMALLCAP,23592.64,20220426
2022-04-26,CRISIL_GILT,1503.02,20220426
2022-04-26,CRISIL_LIQUID,2328.43,20220426
2022-04-26,NIFTY100,18877.06,20220426
2022-04-26,NIFTY50,20107.17,20220426
2022-04-26,NIFTY500,14993.45,20220426
2022-04-26,NIFTY_MIDCAP150,10131.6,20220426
2022-04-27,BSE_SMALLCAP,23860.99,20220427
2022-04-27,CRISIL_GILT,1503.42,20220427
2022-04-27,CRISIL_LIQUID,2330.21,20220427
2022-04-27,NIFTY100,18835.56,20220427
2022-04-27,NIFTY50,20054.36,20220427
2022-04-27,NIFTY500,15273.51,20220427
2022-04-27,NIFTY_MIDCAP150,10029.2,20220427
2022-04-28,BSE_SMALLCAP,23729.12,20220428
2022-04-28,CRISIL_GILT,1496.73,20220428
2022-04-28,CRISIL_LIQUID,2329.32,20220428
2022-04-28,NIFTY100,19062.91,20220428
2022-04-28,NIFTY50,19975.05,20220428
2022-04-28,NIFTY500,15492.74,20220428
2022-04-28,NIFTY_MIDCAP150,9909.79,20220428
2022-04-29,BSE_SMALLCAP,23801.61,20220429
2022-04-29,CRISIL_GILT,1494.7,20220429
2022-04-29,CRISIL_LIQUID,2329.86,20220429
2022-04-29,NIFTY100,19003.96,20220429
2022-04-29,NIFTY50,19985.01,20220429
2022-04-29,NIFTY500,15813.62,20220429
2022-04-29,NIFTY_MIDCAP150,9863.14,20220429
2022-05-02,BSE_SMALLCAP,23850.04,20220502
2022-05-02,CRISIL_GILT,1494.38,20220502
2022-05-02,CRISIL_LIQUID,2330.52,20220502
2022-05-02,NIFTY100,19074.95,20220502
2022-05-02,NIFTY50,20084.37,20220502
2022-05-02,NIFTY500,15913.28,20220502
2022-05-02,NIFTY_MIDCAP150,9906.82,20220502
2022-05-03,BSE_SMALLCAP,23952.33,20220503
2022-05-03,CRISIL_GILT,1489.99,20220503
2022-05-03,CRISIL_LIQUID,2329.47,20220503
2022-05-03,NIFTY100,19194.71,20220503
2022-05-03,NIFTY50,20080.44,20220503
2022-05-03,NIFTY500,15968.93,20220503
2022-05-03,NIFTY_MIDCAP150,10144.9,20220503
2022-05-04,BSE_SMALLCAP,24329.36,20220504
2022-05-04,CRISIL_GILT,1485.58,20220504
2022-05-04,CRISIL_LIQUID,2331.03,20220504
2022-05-04,NIFTY100,19409.57,20220504
2022-05-04,NIFTY50,19936.88,20220504
2022-05-04,NIFTY500,15974.96,20220504
2022-05-04,NIFTY_MIDCAP150,10123.45,20220504
2022-05-05,BSE_SMALLCAP,24104.56,20220505
2022-05-05,CRISIL_GILT,1484.72,20220505
2022-05-05,CRISIL_LIQUID,2331.78,20220505
2022-05-05,NIFTY100,19471.08,20220505
2022-05-05,NIFTY50,19887.01,20220505
2022-05-05,NIFTY500,16035.72,20220505
2022-05-05,NIFTY_MIDCAP150,10148.68,20220505
2022-05-06,BSE_SMALLCAP,24118.22,20220506
2022-05-06,CRISIL_GILT,1487.17,20220506
2022-05-06,CRISIL_LIQUID,2332.92,20220506
2022-05-06,NIFTY100,19429.86,20220506
2022-05-06,NIFTY50,20058.65,20220506
2022-05-06,NIFTY500,16091.93,20220506
2022-05-06,NIFTY_MIDCAP150,9992.14,20220506
2022-05-09,BSE_SMALLCAP,24121.48,20220509
2022-05-09,CRISIL_GILT,1491.16,20220509
2022-05-09,CRISIL_LIQUID,2334.07,20220509
2022-05-09,NIFTY100,19356.19,20220509
2022-05-09,NIFTY50,19959.55,20220509
2022-05-09,NIFTY500,16289.39,20220509
2022-05-09,NIFTY_MIDCAP150,9936.43,20220509
2022-05-10,BSE_SMALLCAP,24041.14,20220510
2022-05-10,CRISIL_GILT,1495.78,20220510
2022-05-10,CRISIL_LIQUID,2335.34,20220510
2022-05-10,NIFTY100,19415.4,20220510
2022-05-10,NIFTY50,19812.47,20220510
2022-05-10,NIFTY500,16272.32,20220510
2022-05-10,NIFTY_MIDCAP150,9713.54,20220510
2022-05-11,BSE_SMALLCAP,24221.69,20220511
2022-05-11,CRISIL_GILT,1493.99,20220511
2022-05-11,CRISIL_LIQUID,2336.54,20220511
2022-05-11,NIFTY100,19304.29,20220511
2022-05-11,NIFTY50,19573.89,20220511
2022-05-11,NIFTY500,16131.16,20220511
2022-05-11,NIFTY_MIDCAP150,9974.15,20220511
2022-05-12,BSE_SMALLCAP,23850.92,20220512
2022-05-12,CRISIL_GILT,1484.38,20220512
2022-05-12,CRISIL_LIQUID,2337.74,20220512
2022-05-12,NIFTY100,19399.12,20220512
2022-05-12,NIFTY50,19473.78,20220512
2022-05-12,NIFTY500,16135.18,20220512
2022-05-12,NIFTY_MIDCAP150,9768.68,20220512
2022-05-13,BSE_SMALLCAP,24334.85,20220513
2022-05-13,CRISIL_GILT,1491.47,20220513
2022-05-13,CRISIL_LIQUID,2338.63,20220513
2022-05-13,NIFTY100,19440.34,20220513
2022-05-13,NIFTY50,19615.18,20220513
2022-05-13,NIFTY500,16012.6,20220513
2022-05-13,NIFTY_MIDCAP150,9717.68,20220513
2022-05-16,BSE_SMALLCAP,24844.8,20220516
2022-05-16,CRISIL_GILT,1491.08,20220516
2022-05-16,CRISIL_LIQUID,2339.96,20220516
2022-05-16,NIFTY100,19264.63,20220516
2022-05-16,NIFTY50,19507.43,20220516
2022-05-16,NIFTY500,15990.6,20220516
2022-05-16,NIFTY_MIDCAP150,9708.02,20220516
2022-05-17,BSE_SMALLCAP,24645.61,20220517
2022-05-17,CRISIL_GILT,1489.87,20220517
2022-05-17,CRISIL_LIQUID,2342.58,20220517
2022-05-17,NIFTY100,19080.87,20220517
2022-05-17,NIFTY50,19510.92,20220517
2022-05-17,NIFTY500,15757.37,20220517
2022-05-17,NIFTY_MIDCAP150,9910.95,20220517
2022-05-18,BSE_SMALLCAP,24629.7,20220518
2022-05-18,CRISIL_GILT,1494.95,20220518
2022-05-18,CRISIL_LIQUID,2342.55,20220518
2022-05-18,NIFTY100,19102.89,20220518
2022-05-18,NIFTY50,19442.05,20220518
2022-05-18,NIFTY500,15770.54,20220518
2022-05-18,NIFTY_MIDCAP150,9942.45,20220518
2022-05-19,BSE_SMALLCAP,24042.64,20220519
2022-05-19,CRISIL_GILT,1494.21,20220519
2022-05-19,CRISIL_LIQUID,2343.53,20220519
2022-05-19,NIFTY100,19067.09,20220519
2022-05-19,NIFTY50,19363.97,20220519
2022-05-19,NIFTY500,15656.39,20220519
2022-05-19,NIFTY_MIDCAP150,9791.56,20220519
2022-05-20,BSE_SMALLCAP,23842.76,20220520
2022-05-20,CRISIL_GILT,1496.48,20220520
2022-05-20,CRISIL_LIQUID,2344.76,20220520
2022-05-20,NIFTY100,19204.03,20220520
2022-05-20,NIFTY50,19582.7,20220520
2022-05-20,NIFTY500,15767.79,20220520
2022-05-20,NIFTY_MIDCAP150,9764.3,20220520
2022-05-23,BSE_SMALLCAP,24636.16,20220523
2022-05-23,CRISIL_GILT,1497.84,20220523
2022-05-23,CRISIL_LIQUID,2344.23,20220523
2022-05-23,NIFTY100,19069.38,20220523
2022-05-23,NIFTY50,19568.13,20220523
2022-05-23,NIFTY500,15723.39,20220523
2022-05-23,NIFTY_MIDCAP150,9777.26,20220523
2022-05-24,BSE_SMALLCAP,24859.72,20220524
2022-05-24,CRISIL_GILT,1493.6,20220524
2022-05-24,CRISIL_LIQUID,2346.23,20220524
2022-05-24,NIFTY100,19193.13,20220524
2022-05-24,NIFTY50,19377.34,20220524
2022-05-24,NIFTY500,15467.99,20220524
2022-05-24,NIFTY_MIDCAP150,9712.12,20220524
2022-05-25,BSE_SMALLCAP,25114.46,20220525
2022-05-25,CRISIL_GILT,1489.94,20220525
2022-05-25,CRISIL_LIQUID,2347.32,20220525
2022-05-25,NIFTY100,19322.17,20220525
2022-05-25,NIFTY50,19145.6,20220525
2022-05-25,NIFTY500,15420.59,20220525
2022-05-25,NIFTY_MIDCAP150,9636.84,20220525
2022-05-26,BSE_SMALLCAP,24960.57,20220526
2022-05-26,CRISIL_GILT,1489.54,20220526
2022-05-26,CRISIL_LIQUID,2348.15,20220526
2022-05-26,NIFTY100,19145.13,20220526
2022-05-26,NIFTY50,18989.49,20220526
2022-05-26,NIFTY500,15417.19,20220526
2022-05-26,NIFTY_MIDCAP150,9554.26,20220526
2022-05-27,BSE_SMALLCAP,24943.08,20220527
2022-05-27,CRISIL_GILT,1489.9,20220527
2022-05-27,CRISIL_LIQUID,2348.49,20220527
2022-05-27,NIFTY100,19119.34,20220527
2022-05-27,NIFTY50,18816.95,20220527
2022-05-27,NIFTY500,15470.45,20220527
2022-05-27,NIFTY_MIDCAP150,9475.47,20220527
2022-05-30,BSE_SMALLCAP,24940.21,20220530
2022-05-30,CRISIL_GILT,1487.99,20220530
2022-05-30,CRISIL_LIQUID,2349.72,20220530
2022-05-30,NIFTY100,19343.66,20220530
2022-05-30,NIFTY50,18959.16,20220530
2022-05-30,NIFTY500,15551.09,20220530
2022-05-30,NIFTY_MIDCAP150,9381.9,20220530
2022-05-31,BSE_SMALLCAP,24478.05,20220531
2022-05-31,CRISIL_GILT,1486.05,20220531
2022-05-31,CRISIL_LIQUID,2349.5,20220531
2022-05-31,NIFTY100,19416.48,20220531
2022-05-31,NIFTY50,18935.9,20220531
2022-05-31,NIFTY500,15448.9,20220531
2022-05-31,NIFTY_MIDCAP150,9292.94,20220531
2022-06-01,BSE_SMALLCAP,24535.83,20220601
2022-06-01,CRISIL_GILT,1486.21,20220601
2022-06-01,CRISIL_LIQUID,2351.39,20220601
2022-06-01,NIFTY100,19410.05,20220601
2022-06-01,NIFTY50,18955.11,20220601
2022-06-01,NIFTY500,15353.4,20220601
2022-06-01,NIFTY_MIDCAP150,9262.6,20220601
2022-06-02,BSE_SMALLCAP,24810.04,20220602
2022-06-02,CRISIL_GILT,1484.0,20220602
2022-06-02,CRISIL_LIQUID,2352.77,20220602
2022-06-02,NIFTY100,19556.26,20220602
2022-06-02,NIFTY50,18925.23,20220602
2022-06-02,NIFTY500,15357.4,20220602
2022-06-02,NIFTY_MIDCAP150,9345.89,20220602
2022-06-03,BSE_SMALLCAP,25442.88,20220603
2022-06-03,CRISIL_GILT,1487.77,20220603
2022-06-03,CRISIL_LIQUID,2353.29,20220603
2022-06-03,NIFTY100,19487.0,20220603
2022-06-03,NIFTY50,18902.99,20220603
2022-06-03,NIFTY500,15406.57,20220603
2022-06-03,NIFTY_MIDCAP150,9216.09,20220603
2022-06-06,BSE_SMALLCAP,25545.76,20220606
2022-06-06,CRISIL_GILT,1489.32,20220606
2022-06-06,CRISIL_LIQUID,2354.96,20220606
2022-06-06,NIFTY100,19444.01,20220606
2022-06-06,NIFTY50,19058.44,20220606
2022-06-06,NIFTY500,15478.93,20220606
2022-06-06,NIFTY_MIDCAP150,9135.72,20220606
2022-06-07,BSE_SMALLCAP,25516.3,20220607
2022-06-07,CRISIL_GILT,1487.77,20220607
2022-06-07,CRISIL_LIQUID,2354.28,20220607
2022-06-07,NIFTY100,19480.14,20220607
2022-06-07,NIFTY50,19226.83,20220607
2022-06-07,NIFTY500,15617.4,20220607
2022-06-07,NIFTY_MIDCAP150,9145.49,20220607
2022-06-08,BSE_SMALLCAP,25487.6,20220608
2022-06-08,CRISIL_GILT,1490.4,20220608
2022-06-08,CRISIL_LIQUID,2354.14,20220608
2022-06-08,NIFTY100,19717.53,20220608
2022-06-08,NIFTY50,19519.86,20220608
2022-06-08,NIFTY500,15396.18,20220608
2022-06-08,NIFTY_MIDCAP150,9203.88,20220608
2022-06-09,BSE_SMALLCAP,25636.4,20220609
2022-06-09,CRISIL_GILT,1495.84,20220609
2022-06-09,CRISIL_LIQUID,2354.79,20220609
2022-06-09,NIFTY100,19578.72,20220609
2022-06-09,NIFTY50,19389.21,20220609
2022-06-09,NIFTY500,15536.5,20220609
2022-06-09,NIFTY_MIDCAP150,9363.82,20220609
2022-06-10,BSE_SMALLCAP,25929.65,20220610
2022-06-10,CRISIL_GILT,1496.93,20220610
2022-06-10,CRISIL_LIQUID,2355.48,20220610
2022-06-10,NIFTY100,19663.7,20220610
2022-06-10,NIFTY50,19336.46,20220610
2022-06-10,NIFTY500,15657.16,20220610
2022-06-10,NIFTY_MIDCAP150,9443.04,20220610
2022-06-13,BSE_SMALLCAP,26334.67,20220613
2022-06-13,CRISIL_GILT,1491.92,20220613
2022-06-13,CRISIL_LIQUID,2356.42,20220613
2022-06-13,NIFTY100,19608.79,20220613
2022-06-13,NIFTY50,19376.58,20220613
2022-06-13,NIFTY500,15783.13,20220613
2022-06-13,NIFTY_MIDCAP150,9463.63,20220613
2022-06-14,BSE_SMALLCAP,25589.12,20220614
2022-06-14,CRISIL_GILT,1498.27,20220614
2022-06-14,CRISIL_LIQUID,2357.19,20220614
2022-06-14,NIFTY100,19818.79,20220614
2022-06-14,NIFTY50,19637.19,20220614
2022-06-14,NIFTY500,15760.34,20220614
2022-06-14,NIFTY_MIDCAP150,9464.46,20220614
2022-06-15,BSE_SMALLCAP,25988.2,20220615
2022-06-15,CRISIL_GILT,1505.01,20220615
2022-06-15,CRISIL_LIQUID,2358.73,20220615
2022-06-15,NIFTY100,19952.95,20220615
2022-06-15,NIFTY50,19535.11,20220615
2022-06-15,NIFTY500,15803.94,20220615
2022-06-15,NIFTY_MIDCAP150,9455.05,20220615
2022-06-16,BSE_SMALLCAP,25577.7,20220616
2022-06-16,CRISIL_GILT,1510.15,20220616
2022-06-16,CRISIL_LIQUID,2358.25,20220616
2022-06-16,NIFTY100,19949.96,20220616
2022-06-16,NIFTY50,19696.35,20220616
2022-06-16,NIFTY500,15880.96,20220616
2022-06-16,NIFTY_MIDCAP150,9334.81,20220616
2022-06-17,BSE_SMALLCAP,25249.59,20220617
2022-06-17,CRISIL_GILT,1512.99,20220617
2022-06-17,CRISIL_LIQUID,2357.44,20220617
2022-06-17,NIFTY100,20057.29,20220617
2022-06-17,NIFTY50,19607.58,20220617
2022-06-17,NIFTY500,15863.33,20220617
2022-06-17,NIFTY_MIDCAP150,9380.43,20220617
2022-06-20,BSE_SMALLCAP,25194.17,20220620
2022-06-20,CRISIL_GILT,1515.36,20220620
2022-06-20,CRISIL_LIQUID,2357.02,20220620
2022-06-20,NIFTY100,19972.35,20220620
2022-06-20,NIFTY50,19773.96,20220620
2022-06-20,NIFTY500,16005.25,20220620
2022-06-20,NIFTY_MIDCAP150,9337.91,20220620
2022-06-21,BSE_SMALLCAP,25387.94,20220621
2022-06-21,CRISIL_GILT,1516.33,20220621
2022-06-21,CRISIL_LIQUID,2356.67,20220621
2022-06-21,NIFTY100,19878.43,20220621
2022-06-21,NIFTY50,19798.47,20220621
2022-06-21,NIFTY500,15847.51,20220621
2022-06-21,NIFTY_MIDCAP150,9357.74,20220621
2022-06-22,BSE_SMALLCAP,24947.61,20220622
2022-06-22,CRISIL_GILT,1517.14,20220622
2022-06-22,CRISIL_LIQUID,2357.31,20220622
2022-06-22,NIFTY100,20303.14,20220622
2022-06-22,NIFTY50,19639.48,20220622
2022-06-22,NIFTY500,15956.65,20220622
2022-06-22,NIFTY_MIDCAP150,9262.84,20220622
2022-06-23,BSE_SMALLCAP,24760.5,20220623
2022-06-23,CRISIL_GILT,1513.13,20220623
2022-06-23,CRISIL_LIQUID,2357.82,20220623
2022-06-23,NIFTY100,20250.89,20220623
2022-06-23,NIFTY50,19629.85,20220623
2022-06-23,NIFTY500,16034.68,20220623
2022-06-23,NIFTY_MIDCAP150,9256.79,20220623
2022-06-24,BSE_SMALLCAP,24876.75,20220624
2022-06-24,CRISIL_GILT,1509.22,20220624
2022-06-24,CRISIL_LIQUID,2358.68,20220624
2022-06-24,NIFTY100,20290.1,20220624
2022-06-24,NIFTY50,19738.19,20220624
2022-06-24,NIFTY500,16259.39,20220624
2022-06-24,NIFTY_MIDCAP150,9163.59,20220624
2022-06-27,BSE_SMALLCAP,25061.61,20220627
2022-06-27,CRISIL_GILT,1506.31,20220627
2022-06-27,CRISIL_LIQUID,2359.57,20220627
2022-06-27,NIFTY100,20234.6,20220627
2022-06-27,NIFTY50,19287.24,20220627
2022-06-27,NIFTY500,16548.29,20220627
2022-06-27,NIFTY_MIDCAP150,9222.81,20220627
2022-06-28,BSE_SMALLCAP,25239.52,20220628
2022-06-28,CRISIL_GILT,1499.13,20220628
2022-06-28,CRISIL_LIQUID,2360.39,20220628
2022-06-28,NIFTY100,20032.29,20220628
2022-06-28,NIFTY50,19440.76,20220628
2022-06-28,NIFTY500,16528.86,20220628
2022-06-28,NIFTY_MIDCAP150,9199.52,20220628
2022-06-29,BSE_SMALLCAP,25589.17,20220629
2022-06-29,CRISIL_GILT,1494.85,20220629
2022-06-29,CRISIL_LIQUID,2359.88,20220629
2022-06-29,NIFTY100,19875.01,20220629
2022-06-29,NIFTY50,19217.98,20220629
2022-06-29,NIFTY500,16763.24,20220629
2022-06-29,NIFTY_MIDCAP150,9221.5,20220629
2022-06-30,BSE_SMALLCAP,26016.57,20220630
2022-06-30,CRISIL_GILT,1495.26,20220630
2022-06-30,CRISIL_LIQUID,2360.34,20220630
2022-06-30,NIFTY100,19939.67,20220630
2022-06-30,NIFTY50,19192.78,20220630
2022-06-30,NIFTY500,16816.83,20220630
2022-06-30,NIFTY_MIDCAP150,9179.32,20220630
2022-07-01,BSE_SMALLCAP,26073.95,20220701
2022-07-01,CRISIL_GILT,1487.29,20220701
2022-07-01,CRISIL_LIQUID,2360.59,20220701
2022-07-01,NIFTY100,19719.91,20220701
2022-07-01,NIFTY50,19184.78,20220701
2022-07-01,NIFTY500,16874.78,20220701
2022-07-01,NIFTY_MIDCAP150,9254.75,20220701
2022-07-04,BSE_SMALLCAP,26067.77,20220704
2022-07-04,CRISIL_GILT,1484.15,20220704
2022-07-04,CRISIL_LIQUID,2362.13,20220704
2022-07-04,NIFTY100,19614.71,20220704
2022-07-04,NIFTY50,18769.89,20220704
2022-07-04,NIFTY500,16942.46,20220704
2022-07-04,NIFTY_MIDCAP150,9295.78,20220704
2022-07-05,BSE_SMALLCAP,25801.08,20220705
2022-07-05,CRISIL_GILT,1483.71,20220705
2022-07-05,CRISIL_LIQUID,2363.02,20220705
2022-07-05,NIFTY100,19729.15,20220705
2022-07-05,NIFTY50,18684.56,20220705
2022-07-05,NIFTY500,16752.29,20220705
2022-07-05,NIFTY_MIDCAP150,9211.53,20220705
2022-07-06,BSE_SMALLCAP,25613.36,20220706
2022-07-06,CRISIL_GILT,1481.27,20220706
2022-07-06,CRISIL_LIQUID,2365.04,20220706
2022-07-06,NIFTY100,19775.18,20220706
2022-07-06,NIFTY50,18757.53,20220706
2022-07-06,NIFTY500,16929.59,20220706
2022-07-06,NIFTY_MIDCAP150,9119.79,20220706
2022-07-07,BSE_SMALLCAP,25152.21,20220707
2022-07-07,CRISIL_GILT,1480.44,20220707
2022-07-07,CRISIL_LIQUID,2364.93,20220707
2022-07-07,NIFTY100,19717.89,20220707
2022-07-07,NIFTY50,19054.96,20220707
2022-07-07,NIFTY500,16732.28,20220707
2022-07-07,NIFTY_MIDCAP150,9213.66,20220707
2022-07-08,BSE_SMALLCAP,25659.38,20220708
2022-07-08,CRISIL_GILT,1481.93,20220708
2022-07-08,CRISIL_LIQUID,2365.34,20220708
2022-07-08,NIFTY100,19655.8,20220708
2022-07-08,NIFTY50,19192.88,20220708
2022-07-08,NIFTY500,16815.54,20220708
2022-07-08,NIFTY_MIDCAP150,8980.6,20220708
2022-07-11,BSE_SMALLCAP,25653.42,20220711
2022-07-11,CRISIL_GILT,1485.95,20220711
2022-07-11,CRISIL_LIQUID,2366.66,20220711
2022-07-11,NIFTY100,19500.02,20220711
2022-07-11,NIFTY50,19344.92,20220711
2022-07-11,NIFTY500,16456.51,20220711
2022-07-11,NIFTY_MIDCAP150,9125.44,20220711
2022-07-12,BSE_SMALLCAP,25937.88,20220712
2022-07-12,CRISIL_GILT,1483.61,20220712
2022-07-12,CRISIL_LIQUID,2366.92,20220712
2022-07-12,NIFTY100,19868.74,20220712
2022-07-12,NIFTY50,19015.04,20220712
2022-07-12,NIFTY500,16433.52,20220712
2022-07-12,NIFTY_MIDCAP150,9053.99,20220712
2022-07-13,BSE_SMALLCAP,26937.51,20220713
2022-07-13,CRISIL_GILT,1482.9,20220713
2022-07-13,CRISIL_LIQUID,2367.84,20220713
2022-07-13,NIFTY100,19718.85,20220713
2022-07-13,NIFTY50,18977.21,20220713
2022-07-13,NIFTY500,16440.49,20220713
2022-07-13,NIFTY_MIDCAP150,9124.04,20220713
2022-07-14,BSE_SMALLCAP,27801.44,20220714
2022-07-14,CRISIL_GILT,1475.08,20220714
2022-07-14,CRISIL_LIQUID,2368.02,20220714
2022-07-14,NIFTY100,19892.19,20220714
2022-07-14,NIFTY50,19271.29,20220714
2022-07-14,NIFTY500,16541.97,20220714
2022-07-14,NIFTY_MIDCAP150,9166.32,20220714
2022-07-15,BSE_SMALLCAP,28252.12,20220715
2022-07-15,CRISIL_GILT,1477.71,20220715
2022-07-15,CRISIL_LIQUID,2369.53,20220715
2022-07-15,NIFTY100,19544.68,20220715
2022-07-15,NIFTY50,19438.74,20220715
2022-07-15,NIFTY500,16763.63,20220715
2022-07-15,NIFTY_MIDCAP150,9132.0,20220715
2022-07-18,BSE_SMALLCAP,28125.03,20220718
2022-07-18,CRISIL_GILT,1474.92,20220718
2022-07-18,CRISIL_LIQUID,2369.11,20220718
2022-07-18,NIFTY100,19694.66,20220718
2022-07-18,NIFTY50,19366.57,20220718
2022-07-18,NIFTY500,16761.12,20220718
2022-07-18,NIFTY_MIDCAP150,9166.8,20220718
2022-07-19,BSE_SMALLCAP,28459.31,20220719
2022-07-19,CRISIL_GILT,1476.62,20220719
2022-07-19,CRISIL_LIQUID,2371.18,20220719
2022-07-19,NIFTY100,19862.37,20220719
2022-07-19,NIFTY50,19393.94,20220719
2022-07-19,NIFTY500,16586.45,20220719
2022-07-19,NIFTY_MIDCAP150,9176.51,20220719
2022-07-20,BSE_SMALLCAP,28477.62,20220720
2022-07-20,CRISIL_GILT,1475.87,20220720
2022-07-20,CRISIL_LIQUID,2372.39,20220720
2022-07-20,NIFTY100,19720.69,20220720
2022-07-20,NIFTY50,19559.49,20220720
2022-07-20,NIFTY500,16529.57,20220720
2022-07-20,NIFTY_MIDCAP150,9259.94,20220720
2022-07-21,BSE_SMALLCAP,28129.1,20220721
2022-07-21,CRISIL_GILT,1484.62,20220721
2022-07-21,CRISIL_LIQUID,2373.4,20220721
2022-07-21,NIFTY100,19630.58,20220721
2022-07-21,NIFTY50,19722.34,20220721
2022-07-21,NIFTY500,16572.6,20220721
2022-07-21,NIFTY_MIDCAP150,9182.66,20220721
2022-07-22,BSE_SMALLCAP,27795.62,20220722
2022-07-22,CRISIL_GILT,1491.91,20220722
2022-07-22,CRISIL_LIQUID,2374.34,20220722
2022-07-22,NIFTY100,19812.46,20220722
2022-07-22,NIFTY50,19711.32,20220722
2022-07-22,NIFTY500,16603.78,20220722
2022-07-22,NIFTY_MIDCAP150,9255.87,20220722
2022-07-25,BSE_SMALLCAP,28145.88,20220725
2022-07-25,CRISIL_GILT,1494.7,20220725
2022-07-25,CRISIL_LIQUID,2374.45,20220725
2022-07-25,NIFTY100,19637.43,20220725
2022-07-25,NIFTY50,19681.21,20220725
2022-07-25,NIFTY500,16359.5,20220725
2022-07-25,NIFTY_MIDCAP150,9058.19,20220725
2022-07-26,BSE_SMALLCAP,28454.87,20220726
2022-07-26,CRISIL_GILT,1496.73,20220726
2022-07-26,CRISIL_LIQUID,2375.62,20220726
2022-07-26,NIFTY100,19717.19,20220726
2022-07-26,NIFTY50,19761.96,20220726
2022-07-26,NIFTY500,16294.14,20220726
2022-07-26,NIFTY_MIDCAP150,9121.97,20220726
2022-07-27,BSE_SMALLCAP,28960.9,20220727
2022-07-27,CRISIL_GILT,1498.12,20220727
2022-07-27,CRISIL_LIQUID,2375.88,20220727
2022-07-27,NIFTY100,19617.51,20220727
2022-07-27,NIFTY50,19929.86,20220727
2022-07-27,NIFTY500,16226.06,20220727
2022-07-27,NIFTY_MIDCAP150,9125.24,20220727
2022-07-28,BSE_SMALLCAP,28887.07,20220728
2022-07-28,CRISIL_GILT,1496.81,20220728
2022-07-28,CRISIL_LIQUID,2374.94,20220728
2022-07-28,NIFTY100,19772.14,20220728
2022-07-28,NIFTY50,19875.39,20220728
2022-07-28,NIFTY500,16204.74,20220728
2022-07-28,NIFTY_MIDCAP150,9177.54,20220728
2022-07-29,BSE_SMALLCAP,28731.38,20220729
2022-07-29,CRISIL_GILT,1494.33,20220729
2022-07-29,CRISIL_LIQUID,2375.65,20220729
2022-07-29,NIFTY100,20085.58,20220729
2022-07-29,NIFTY50,19585.87,20220729
2022-07-29,NIFTY500,16299.17,20220729
2022-07-29,NIFTY_MIDCAP150,9243.75,20220729
2022-08-01,BSE_SMALLCAP,28321.15,20220801
2022-08-01,CRISIL_GILT,1491.22,20220801
2022-08-01,CRISIL_LIQUID,2375.74,20220801
2022-08-01,NIFTY100,19930.27,20220801
2022-08-01,NIFTY50,19582.35,20220801
2022-08-01,NIFTY500,16194.52,20220801
2022-08-01,NIFTY_MIDCAP150,9400.94,20220801
2022-08-02,BSE_SMALLCAP,27697.83,20220802
2022-08-02,CRISIL_GILT,1489.27,20220802
2022-08-02,CRISIL_LIQUID,2376.49,20220802
2022-08-02,NIFTY100,20036.16,20220802
2022-08-02,NIFTY50,19390.08,20220802
2022-08-02,NIFTY500,16356.03,20220802
2022-08-02,NIFTY_MIDCAP150,9417.04,20220802
2022-08-03,BSE_SMALLCAP,27393.99,20220803
2022-08-03,CRISIL_GILT,1491.27,20220803
2022-08-03,CRISIL_LIQUID,2377.12,20220803
2022-08-03,NIFTY100,20206.94,20220803
2022-08-03,NIFTY50,19708.9,20220803
2022-08-03,NIFTY500,16471.43,20220803
2022-08-03,NIFTY_MIDCAP150,9327.66,20220803
2022-08-04,BSE_SMALLCAP,27166.93,20220804
2022-08-04,CRISIL_GILT,1490.8,20220804
2022-08-04,CRISIL_LIQUID,2376.7,20220804
2022-08-04,NIFTY100,19889.07,20220804
2022-08-04,NIFTY50,19564.96,20220804
2022-08-04,NIFTY500,16178.71,20220804
2022-08-04,NIFTY_MIDCAP150,9524.35,20220804
2022-08-05,BSE_SMALLCAP,26761.23,20220805
2022-08-05,CRISIL_GILT,1483.56,20220805
2022-08-05,CRISIL_LIQUID,2378.54,20220805
2022-08-05,NIFTY100,20062.89,20220805
2022-08-05,NIFTY50,19555.4,20220805
2022-08-05,NIFTY500,16127.51,20220805
2022-08-05,NIFTY_MIDCAP150,9566.41,20220805
2022-08-08,BSE_SMALLCAP,26590.6,20220808
2022-08-08,CRISIL_GILT,1493.61,20220808
2022-08-08,CRISIL_LIQUID,2378.68,20220808
2022-08-08,NIFTY100,20130.13,20220808
2022-08-08,NIFTY50,19451.25,20220808
2022-08-08,NIFTY500,16166.03,20220808
2022-08-08,NIFTY_MIDCAP150,9663.72,20220808
2022-08-09,BSE_SMALLCAP,27318.08,20220809
2022-08-09,CRISIL_GILT,1493.42,20220809
2022-08-09,CRISIL_LIQUID,2380.12,20220809
2022-08-09,NIFTY100,20245.74,20220809
2022-08-09,NIFTY50,19378.13,20220809
2022-08-09,NIFTY500,16391.31,20220809
2022-08-09,NIFTY_MIDCAP150,9624.67,20220809
2022-08-10,BSE_SMALLCAP,27078.11,20220810
2022-08-10,CRISIL_GILT,1501.96,20220810
2022-08-10,CRISIL_LIQUID,2380.23,20220810
2022-08-10,NIFTY100,19954.81,20220810
2022-08-10,NIFTY50,19520.25,20220810
2022-08-10,NIFTY500,16227.32,20220810
2022-08-10,NIFTY_MIDCAP150,9584.78,20220810
2022-08-11,BSE_SMALLCAP,26411.91,20220811
2022-08-11,CRISIL_GILT,1500.87,20220811
2022-08-11,CRISIL_LIQUID,2380.88,20220811
2022-08-11,NIFTY100,20086.31,20220811
2022-08-11,NIFTY50,19698.67,20220811
2022-08-11,NIFTY500,15990.67,20220811
2022-08-11,NIFTY_MIDCAP150,9603.1,20220811
2022-08-12,BSE_SMALLCAP,26486.52,20220812
2022-08-12,CRISIL_GILT,1500.36,20220812
2022-08-12,CRISIL_LIQUID,2381.73,20220812
2022-08-12,NIFTY100,20065.79,20220812
2022-08-12,NIFTY50,19814.19,20220812
2022-08-12,NIFTY500,16030.48,20220812
2022-08-12,NIFTY_MIDCAP150,9667.97,20220812
2022-08-15,BSE_SMALLCAP,26741.83,20220815
2022-08-15,CRISIL_GILT,1504.3,20220815
2022-08-15,CRISIL_LIQUID,2380.85,20220815
2022-08-15,NIFTY100,19888.96,20220815
2022-08-15,NIFTY50,19981.4,20220815
2022-08-15,NIFTY500,15896.93,20220815
2022-08-15,NIFTY_MIDCAP150,9704.15,20220815
2022-08-16,BSE_SMALLCAP,26434.33,20220816
2022-08-16,CRISIL_GILT,1503.6,20220816
2022-08-16,CRISIL_LIQUID,2381.02,20220816
2022-08-16,NIFTY100,20013.04,20220816
2022-08-16,NIFTY50,19904.95,20220816
2022-08-16,NIFTY500,15894.87,20220816
2022-08-16,NIFTY_MIDCAP150,9601.26,20220816
2022-08-17,BSE_SMALLCAP,26732.53,20220817
2022-08-17,CRISIL_GILT,1505.55,20220817
2022-08-17,CRISIL_LIQUID,2381.86,20220817
2022-08-17,NIFTY100,20156.02,20220817
2022-08-17,NIFTY50,19736.49,20220817
2022-08-17,NIFTY500,15801.12,20220817
2022-08-17,NIFTY_MIDCAP150,9774.39,20220817
2022-08-18,BSE_SMALLCAP,27429.18,20220818
2022-08-18,CRISIL_GILT,1504.74,20220818
2022-08-18,CRISIL_LIQUID,2382.54,20220818
2022-08-18,NIFTY100,20152.94,20220818
2022-08-18,NIFTY50,19625.12,20220818
2022-08-18,NIFTY500,15938.19,20220818
2022-08-18,NIFTY_MIDCAP150,9649.15,20220818
2022-08-19,BSE_SMALLCAP,27360.27,20220819
2022-08-19,CRISIL_GILT,1503.35,20220819
2022-08-19,CRISIL_LIQUID,2383.21,20220819
2022-08-19,NIFTY100,20222.54,20220819
2022-08-19,NIFTY50,19703.9,20220819
2022-08-19,NIFTY500,16051.23,20220819
2022-08-19,NIFTY_MIDCAP150,9691.39,20220819
2022-08-22,BSE_SMALLCAP,27663.3,20220822
2022-08-22,CRISIL_GILT,1509.62,20220822
2022-08-22,CRISIL_LIQUID,2384.53,20220822
2022-08-22,NIFTY100,20205.4,20220822
2022-08-22,NIFTY50,19910.72,20220822
2022-08-22,NIFTY500,15973.85,20220822
2022-08-22,NIFTY_MIDCAP150,9700.27,20220822
2022-08-23,BSE_SMALLCAP,28039.98,20220823
2022-08-23,CRISIL_GILT,1505.46,20220823
2022-08-23,CRISIL_LIQUID,2384.56,20220823
2022-08-23,NIFTY100,19988.63,20220823
2022-08-23,NIFTY50,19719.82,20220823
2022-08-23,NIFTY500,16196.48,20220823
2022-08-23,NIFTY_MIDCAP150,9988.6,20220823
2022-08-24,BSE_SMALLCAP,28220.21,20220824
2022-08-24,CRISIL_GILT,1503.96,20220824
2022-08-24,CRISIL_LIQUID,2385.25,20220824
2022-08-24,NIFTY100,19974.53,20220824
2022-08-24,NIFTY50,19671.88,20220824
2022-08-24,NIFTY500,16213.93,20220824
2022-08-24,NIFTY_MIDCAP150,9945.85,20220824
2022-08-25,BSE_SMALLCAP,28598.18,20220825
2022-08-25,CRISIL_GILT,1511.33,20220825
2022-08-25,CRISIL_LIQUID,2384.86,20220825
2022-08-25,NIFTY100,20181.37,20220825
2022-08-25,NIFTY50,19637.3,20220825
2022-08-25,NIFTY500,16269.66,20220825
2022-08-25,NIFTY_MIDCAP150,9814.76,20220825
2022-08-26,BSE_SMALLCAP,28830.53,20220826
2022-08-26,CRISIL_GILT,1510.5,20220826
2022-08-26,CRISIL_LIQUID,2385.12,20220826
2022-08-26,NIFTY100,20392.73,20220826
2022-08-26,NIFTY50,19522.67,20220826
2022-08-26,NIFTY500,16183.26,20220826
2022-08-26,NIFTY_MIDCAP150,9893.68,20220826
2022-08-29,BSE_SMALLCAP,28474.91,20220829
2022-08-29,CRISIL_GILT,1505.35,20220829
2022-08-29,CRISIL_LIQUID,2386.68,20220829
2022-08-29,NIFTY100,20264.99,20220829
2022-08-29,NIFTY50,19627.67,20220829
2022-08-29,NIFTY500,16086.73,20220829
2022-08-29,NIFTY_MIDCAP150,9843.74,20220829
2022-08-30,BSE_SMALLCAP,27624.41,20220830
2022-08-30,CRISIL_GILT,1508.11,20220830
2022-08-30,CRISIL_LIQUID,2387.32,20220830
2022-08-30,NIFTY100,20314.45,20220830
2022-08-30,NIFTY50,19798.26,20220830
2022-08-30,NIFTY500,16314.13,20220830
2022-08-30,NIFTY_MIDCAP150,9969.54,20220830
2022-08-31,BSE_SMALLCAP,27715.82,20220831
2022-08-31,CRISIL_GILT,1508.41,20220831
2022-08-31,CRISIL_LIQUID,2387.6,20220831
2022-08-31,NIFTY100,20336.89,20220831
2022-08-31,NIFTY50,20209.61,20220831
2022-08-31,NIFTY500,16339.25,20220831
2022-08-31,NIFTY_MIDCAP150,10075.44,20220831
2022-09-01,BSE_SMALLCAP,27646.84,20220901
2022-09-01,CRISIL_GILT,1510.55,20220901
2022-09-01,CRISIL_LIQUID,2387.62,20220901
2022-09-01,NIFTY100,20429.1,20220901
2022-09-01,NIFTY50,20548.9,20220901
2022-09-01,NIFTY500,16380.47,20220901
2022-09-01,NIFTY_MIDCAP150,10162.9,20220901
2022-09-02,BSE_SMALLCAP,27049.82,20220902
2022-09-02,CRISIL_GILT,1511.23,20220902
2022-09-02,CRISIL_LIQUID,2387.22,20220902
2022-09-02,NIFTY100,20447.55,20220902
2022-09-02,NIFTY50,20692.13,20220902
2022-09-02,NIFTY500,16315.16,20220902
2022-09-02,NIFTY_MIDCAP150,10080.16,20220902
2022-09-05,BSE_SMALLCAP,26988.5,20220905
2022-09-05,CRISIL_GILT,1507.46,20220905
2022-09-05,CRISIL_LIQUID,2388.56,20220905
2022-09-05,NIFTY100,20578.64,20220905
2022-09-05,NIFTY50,20624.2,20220905
2022-09-05,NIFTY500,16362.9,20220905
2022-09-05,NIFTY_MIDCAP150,10185.96,20220905
2022-09-06,BSE_SMALLCAP,26957.43,20220906
2022-09-06,CRISIL_GILT,1508.8,20220906
2022-09-06,CRISIL_LIQUID,2390.79,20220906
2022-09-06,NIFTY100,20518.78,20220906
2022-09-06,NIFTY50,20753.83,20220906
2022-09-06,NIFTY500,16373.92,20220906
2022-09-06,NIFTY_MIDCAP150,10462.37,20220906
2022-09-07,BSE_SMALLCAP,27088.73,20220907
2022-09-07,CRISIL_GILT,1514.05,20220907
2022-09-07,CRISIL_LIQUID,2391.1,20220907
2022-09-07,NIFTY100,20714.88,20220907
2022-09-07,NIFTY50,20433.94,20220907
2022-09-07,NIFTY500,16379.76,20220907
2022-09-07,NIFTY_MIDCAP150,10424.04,20220907
2022-09-08,BSE_SMALLCAP,27530.17,20220908
2022-09-08,CRISIL_GILT,1512.57,20220908
2022-09-08,CRISIL_LIQUID,2390.36,20220908
2022-09-08,NIFTY100,20634.8,20220908
2022-09-08,NIFTY50,20554.69,20220908
2022-09-08,NIFTY500,16628.53,20220908
2022-09-08,NIFTY_MIDCAP150,10407.45,20220908
2022-09-09,BSE_SMALLCAP,27243.29,20220909
2022-09-09,CRISIL_GILT,1509.63,20220909
2022-09-09,CRISIL_LIQUID,2392.14,20220909
2022-09-09,NIFTY100,20677.2,20220909
2022-09-09,NIFTY50,20626.15,20220909
2022-09-09,NIFTY500,16656.74,20220909
2022-09-09,NIFTY_MIDCAP150,10397.42,20220909
2022-09-12,BSE_SMALLCAP,26493.84,20220912
2022-09-12,CRISIL_GILT,1509.4,20220912
2022-09-12,CRISIL_LIQUID,2392.09,20220912
2022-09-12,NIFTY100,20800.12,20220912
2022-09-12,NIFTY50,20648.98,20220912
2022-09-12,NIFTY500,16499.78,20220912
2022-09-12,NIFTY_MIDCAP150,10368.33,20220912
2022-09-13,BSE_SMALLCAP,26365.48,20220913
2022-09-13,CRISIL_GILT,1509.04,20220913
2022-09-13,CRISIL_LIQUID,2393.0,20220913
2022-09-13,NIFTY100,20847.1,20220913
2022-09-13,NIFTY50,20527.01,20220913
2022-09-13,NIFTY500,16580.99,20220913
2022-09-13,NIFTY_MIDCAP150,10391.07,20220913
2022-09-14,BSE_SMALLCAP,26683.67,20220914
2022-09-14,CRISIL_GILT,1508.25,20220914
2022-09-14,CRISIL_LIQUID,2394.02,20220914
2022-09-14,NIFTY100,20460.79,20220914
2022-09-14,NIFTY50,20670.74,20220914
2022-09-14,NIFTY500,16535.78,20220914
2022-09-14,NIFTY_MIDCAP150,10400.07,20220914
2022-09-15,BSE_SMALLCAP,27202.57,20220915
2022-09-15,CRISIL_GILT,1513.38,20220915
2022-09-15,CRISIL_LIQUID,2395.49,20220915
2022-09-15,NIFTY100,20520.74,20220915
2022-09-15,NIFTY50,20513.65,20220915
2022-09-15,NIFTY500,16397.03,20220915
2022-09-15,NIFTY_MIDCAP150,10399.81,20220915
2022-09-16,BSE_SMALLCAP,26995.6,20220916
2022-09-16,CRISIL_GILT,1514.74,20220916
2022-09-16,CRISIL_LIQUID,2395.93,20220916
2022-09-16,NIFTY100,20646.74,20220916
2022-09-16,NIFTY50,20701.55,20220916
2022-09-16,NIFTY500,16302.38,20220916
2022-09-16,NIFTY_MIDCAP150,10302.19,20220916
2022-09-19,BSE_SMALLCAP,27234.79,20220919
2022-09-19,CRISIL_GILT,1521.52,20220919
2022-09-19,CRISIL_LIQUID,2396.9,20220919
2022-09-19,NIFTY100,20707.04,20220919
2022-09-19,NIFTY50,20813.58,20220919
2022-09-19,NIFTY500,16468.3,20220919
2022-09-19,NIFTY_MIDCAP150,10448.81,20220919
2022-09-20,BSE_SMALLCAP,26841.93,20220920
2022-09-20,CRISIL_GILT,1522.82,20220920
2022-09-20,CRISIL_LIQUID,2397.28,20220920
2022-09-20,NIFTY100,20877.22,20220920
2022-09-20,NIFTY50,20896.86,20220920
2022-09-20,NIFTY500,16328.12,20220920
2022-09-20,NIFTY_MIDCAP150,10499.98,20220920
2022-09-21,BSE_SMALLCAP,26863.67,20220921
2022-09-21,CRISIL_GILT,1524.64,20220921
2022-09-21,CRISIL_LIQUID,2396.39,20220921
2022-09-21,NIFTY100,21088.58,20220921
2022-09-21,NIFTY50,20739.02,20220921
2022-09-21,NIFTY500,16196.29,20220921
2022-09-21,NIFTY_MIDCAP150,10622.83,20220921
2022-09-22,BSE_SMALLCAP,25841.96,20220922
2022-09-22,CRISIL_GILT,1533.48,20220922
2022-09-22,CRISIL_LIQUID,2396.7,20220922
2022-09-22,NIFTY100,20978.92,20220922
2022-09-22,NIFTY50,20638.36,20220922
2022-09-22,NIFTY500,16213.63,20220922
2022-09-22,NIFTY_MIDCAP150,10701.85,20220922
2022-09-23,BSE_SMALLCAP,25743.31,20220923
2022-09-23,CRISIL_GILT,1535.24,20220923
2022-09-23,CRISIL_LIQUID,2397.6,20220923
2022-09-23,NIFTY100,20696.37,20220923
2022-09-23,NIFTY50,20398.27,20220923
2022-09-23,NIFTY500,16175.11,20220923
2022-09-23,NIFTY_MIDCAP150,10390.8,20220923
2022-09-26,BSE_SMALLCAP,25876.15,20220926
2022-09-26,CRISIL_GILT,1534.69,20220926
2022-09-26,CRISIL_LIQUID,2397.46,20220926
2022-09-26,NIFTY100,20503.81,20220926
2022-09-26,NIFTY50,20548.89,20220926
2022-09-26,NIFTY500,16044.12,20220926
2022-09-26,NIFTY_MIDCAP150,10504.55,20220926
2022-09-27,BSE_SMALLCAP,25730.42,20220927
2022-09-27,CRISIL_GILT,1531.49,20220927
2022-09-27,CRISIL_LIQUID,2398.15,20220927
2022-09-27,NIFTY100,20525.56,20220927
2022-09-27,NIFTY50,20564.79,20220927
2022-09-27,NIFTY500,16183.15,20220927
2022-09-27,NIFTY_MIDCAP150,10608.35,20220927
2022-09-28,BSE_SMALLCAP,25252.67,20220928
2022-09-28,CRISIL_GILT,1528.64,20220928
2022-09-28,CRISIL_LIQUID,2398.97,20220928
2022-09-28,NIFTY100,20638.67,20220928
2022-09-28,NIFTY50,20484.23,20220928
2022-09-28,NIFTY500,16131.32,20220928
2022-09-28,NIFTY_MIDCAP150,10644.04,20220928
2022-09-29,BSE_SMALLCAP,25297.88,20220929
2022-09-29,CRISIL_GILT,1527.47,20220929
2022-09-29,CRISIL_LIQUID,2400.61,20220929
2022-09-29,NIFTY100,20627.39,20220929
2022-09-29,NIFTY50,20471.11,20220929
2022-09-29,NIFTY500,15956.36,20220929
2022-09-29,NIFTY_MIDCAP150,10916.17,20220929
2022-09-30,BSE_SMALLCAP,25960.24,20220930
2022-09-30,CRISIL_GILT,1526.94,20220930
2022-09-30,CRISIL_LIQUID,2400.53,20220930
2022-09-30,NIFTY100,20404.81,20220930
2022-09-30,NIFTY50,20657.7,20220930
2022-09-30,NIFTY500,16006.7,20220930
2022-09-30,NIFTY_MIDCAP150,11053.32,20220930
2022-10-03,BSE_SMALLCAP,25681.36,20221003
2022-10-03,CRISIL_GILT,1519.46,20221003
2022-10-03,CRISIL_LIQUID,2401.33,20221003
2022-10-03,NIFTY100,20464.22,20221003
2022-10-03,NIFTY50,20475.58,20221003
2022-10-03,NIFTY500,16130.41,20221003
2022-10-03,NIFTY_MIDCAP150,11187.51,20221003
2022-10-04,BSE_SMALLCAP,25446.41,20221004
2022-10-04,CRISIL_GILT,1519.83,20221004
2022-10-04,CRISIL_LIQUID,2401.12,20221004
2022-10-04,NIFTY100,20475.87,20221004
2022-10-04,NIFTY50,20411.92,20221004
2022-10-04,NIFTY500,16205.81,20221004
2022-10-04,NIFTY_MIDCAP150,10980.96,20221004
2022-10-05,BSE_SMALLCAP,25380.02,20221005
2022-10-05,CRISIL_GILT,1509.85,20221005
2022-10-05,CRISIL_LIQUID,2400.09,20221005
2022-10-05,NIFTY100,20512.63,20221005
2022-10-05,NIFTY50,20159.15,20221005
2022-10-05,NIFTY500,16308.57,20221005
2022-10-05,NIFTY_MIDCAP150,11156.66,20221005
2022-10-06,BSE_SMALLCAP,25990.58,20221006
2022-10-06,CRISIL_GILT,1515.15,20221006
2022-10-06,CRISIL_LIQUID,2400.35,20221006
2022-10-06,NIFTY100,20828.8,20221006
2022-10-06,NIFTY50,19995.72,20221006
2022-10-06,NIFTY500,16409.58,20221006
2022-10-06,NIFTY_MIDCAP150,11249.84,20221006
2022-10-07,BSE_SMALLCAP,25533.02,20221007
2022-10-07,CRISIL_GILT,1508.39,20221007
2022-10-07,CRISIL_LIQUID,2400.56,20221007
2022-10-07,NIFTY100,20978.85,20221007
2022-10-07,NIFTY50,19964.19,20221007
2022-10-07,NIFTY500,16379.36,20221007
2022-10-07,NIFTY_MIDCAP150,11087.15,20221007
2022-10-10,BSE_SMALLCAP,25280.35,20221010
2022-10-10,CRISIL_GILT,1509.52,20221010
2022-10-10,CRISIL_LIQUID,2401.43,20221010
2022-10-10,NIFTY100,20965.83,20221010
2022-10-10,NIFTY50,20151.84,20221010
2022-10-10,NIFTY500,16320.89,20221010
2022-10-10,NIFTY_MIDCAP150,11134.51,20221010
2022-10-11,BSE_SMALLCAP,25536.38,20221011
2022-10-11,CRISIL_GILT,1510.51,20221011
2022-10-11,CRISIL_LIQUID,2402.93,20221011
2022-10-11,NIFTY100,20749.25,20221011
2022-10-11,NIFTY50,20267.68,20221011
2022-10-11,NIFTY500,16232.88,20221011
2022-10-11,NIFTY_MIDCAP150,10930.32,20221011
2022-10-12,BSE_SMALLCAP,25120.8,20221012
2022-10-12,CRISIL_GILT,1516.06,20221012
2022-10-12,CRISIL_LIQUID,2403.63,20221012
2022-10-12,NIFTY100,20989.02,20221012
2022-10-12,NIFTY50,20442.32,20221012
2022-10-12,NIFTY500,16240.27,20221012
2022-10-12,NIFTY_MIDCAP150,11022.46,20221012
2022-10-13,BSE_SMALLCAP,24841.79,20221013
2022-10-13,CRISIL_GILT,1517.01,20221013
2022-10-13,CRISIL_LIQUID,2403.76,20221013
2022-10-13,NIFTY100,20697.42,20221013
2022-10-13,NIFTY50,20563.45,20221013
2022-10-13,NIFTY500,16015.92,20221013
2022-10-13,NIFTY_MIDCAP150,11052.19,20221013
2022-10-14,BSE_SMALLCAP,25478.64,20221014
2022-10-14,CRISIL_GILT,1517.07,20221014
2022-10-14,CRISIL_LIQUID,2403.76,20221014
2022-10-14,NIFTY100,20659.58,20221014
2022-10-14,NIFTY50,20412.01,20221014
2022-10-14,NIFTY500,15861.79,20221014
2022-10-14,NIFTY_MIDCAP150,10984.46,20221014
2022-10-17,BSE_SMALLCAP,26121.27,20221017
2022-10-17,CRISIL_GILT,1518.71,20221017
2022-10-17,CRISIL_LIQUID,2405.26,20221017
2022-10-17,NIFTY100,20467.28,20221017
2022-10-17,NIFTY50,20707.13,20221017
2022-10-17,NIFTY500,16057.01,20221017
2022-10-17,NIFTY_MIDCAP150,11079.72,20221017
2022-10-18,BSE_SMALLCAP,26354.64,20221018
2022-10-18,CRISIL_GILT,1517.12,20221018
2022-10-18,CRISIL_LIQUID,2406.4,20221018
2022-10-18,NIFTY100,20408.72,20221018
2022-10-18,NIFTY50,20843.26,20221018
2022-10-18,NIFTY500,16192.86,20221018
2022-10-18,NIFTY_MIDCAP150,10991.99,20221018
2022-10-19,BSE_SMALLCAP,26493.76,20221019
2022-10-19,CRISIL_GILT,1515.6,20221019
2022-10-19,CRISIL_LIQUID,2406.36,20221019
2022-10-19,NIFTY100,20403.29,20221019
2022-10-19,NIFTY50,21162.28,20221019
2022-10-19,NIFTY500,16223.38,20221019
2022-10-19,NIFTY_MIDCAP150,11013.96,20221019
2022-10-20,BSE_SMALLCAP,26297.74,20221020
2022-10-20,CRISIL_GILT,1516.85,20221020
2022-10-20,CRISIL_LIQUID,2405.94,20221020
2022-10-20,NIFTY100,20194.29,20221020
2022-10-20,NIFTY50,21464.58,20221020
2022-10-20,NIFTY500,16451.92,20221020
2022-10-20,NIFTY_MIDCAP150,11160.19,20221020
2022-10-21,BSE_SMALLCAP,26318.14,20221021
2022-10-21,CRISIL_GILT,1516.16,20221021
2022-10-21,CRISIL_LIQUID,2405.89,20221021
2022-10-21,NIFTY100,19802.72,20221021
2022-10-21,NIFTY50,21458.74,20221021
2022-10-21,NIFTY500,16516.01,20221021
2022-10-21,NIFTY_MIDCAP150,11124.26,20221021
2022-10-24,BSE_SMALLCAP,26059.94,20221024
2022-10-24,CRISIL_GILT,1519.05,20221024
2022-10-24,CRISIL_LIQUID,2407.26,20221024
2022-10-24,NIFTY100,19656.01,20221024
2022-10-24,NIFTY50,21383.16,20221024
2022-10-24,NIFTY500,16528.55,20221024
2022-10-24,NIFTY_MIDCAP150,11012.02,20221024
2022-10-25,BSE_SMALLCAP,26632.96,20221025
2022-10-25,CRISIL_GILT,1516.11,20221025
2022-10-25,CRISIL_LIQUID,2407.17,20221025
2022-10-25,NIFTY100,19448.56,20221025
2022-10-25,NIFTY50,21005.4,20221025
2022-10-25,NIFTY500,16340.77,20221025
2022-10-25,NIFTY_MIDCAP150,11156.21,20221025
2022-10-26,BSE_SMALLCAP,26706.23,20221026
2022-10-26,CRISIL_GILT,1520.19,20221026
2022-10-26,CRISIL_LIQUID,2408.14,20221026
2022-10-26,NIFTY100,19305.94,20221026
2022-10-26,NIFTY50,21044.03,20221026
2022-10-26,NIFTY500,16309.24,20221026
2022-10-26,NIFTY_MIDCAP150,11177.36,20221026
2022-10-27,BSE_SMALLCAP,26667.86,20221027
2022-10-27,CRISIL_GILT,1522.42,20221027
2022-10-27,CRISIL_LIQUID,2410.04,20221027
2022-10-27,NIFTY100,19270.45,20221027
2022-10-27,NIFTY50,21047.28,20221027
2022-10-27,NIFTY500,16459.19,20221027
2022-10-27,NIFTY_MIDCAP150,11442.01,20221027
2022-10-28,BSE_SMALLCAP,26707.0,20221028
2022-10-28,CRISIL_GILT,1522.96,20221028
2022-10-28,CRISIL_LIQUID,2410.06,20221028
2022-10-28,NIFTY100,19521.37,20221028
2022-10-28,NIFTY50,20947.39,20221028
2022-10-28,NIFTY500,16549.27,20221028
2022-10-28,NIFTY_MIDCAP150,11516.82,20221028
2022-10-31,BSE_SMALLCAP,26491.69,20221031
2022-10-31,CRISIL_GILT,1517.49,20221031
2022-10-31,CRISIL_LIQUID,2410.39,20221031
2022-10-31,NIFTY100,19435.11,20221031
2022-10-31,NIFTY50,20871.91,20221031
2022-10-31,NIFTY500,16846.12,20221031
2022-10-31,NIFTY_MIDCAP150,11624.26,20221031
2022-11-01,BSE_SMALLCAP,26700.01,20221101
2022-11-01,CRISIL_GILT,1521.13,20221101
2022-11-01,CRISIL_LIQUID,2410.99,20221101
2022-11-01,NIFTY100,19360.14,20221101
2022-11-01,NIFTY50,20970.82,20221101
2022-11-01,NIFTY500,16858.39,20221101
2022-11-01,NIFTY_MIDCAP150,11679.69,20221101
2022-11-02,BSE_SMALLCAP,26637.64,20221102
2022-11-02,CRISIL_GILT,1529.11,20221102
2022-11-02,CRISIL_LIQUID,2410.4,20221102
2022-11-02,NIFTY100,19352.78,20221102
2022-11-02,NIFTY50,20659.57,20221102
2022-11-02,NIFTY500,16490.64,20221102
2022-11-02,NIFTY_MIDCAP150,11761.12,20221102
2022-11-03,BSE_SMALLCAP,27752.52,20221103
2022-11-03,CRISIL_GILT,1527.76,20221103
2022-11-03,CRISIL_LIQUID,2410.48,20221103
2022-11-03,NIFTY100,19467.23,20221103
2022-11-03,NIFTY50,20887.35,20221103
2022-11-03,NIFTY500,16555.25,20221103
2022-11-03,NIFTY_MIDCAP150,11850.16,20221103
2022-11-04,BSE_SMALLCAP,27604.73,20221104
2022-11-04,CRISIL_GILT,1531.51,20221104
2022-11-04,CRISIL_LIQUID,2411.24,20221104
2022-11-04,NIFTY100,19566.26,20221104
2022-11-04,NIFTY50,21047.55,20221104
2022-11-04,NIFTY500,16209.9,20221104
2022-11-04,NIFTY_MIDCAP150,11949.23,20221104
2022-11-07,BSE_SMALLCAP,27946.12,20221107
2022-11-07,CRISIL_GILT,1531.5,20221107
2022-11-07,CRISIL_LIQUID,2411.12,20221107
2022-11-07,NIFTY100,19270.38,20221107
2022-11-07,NIFTY50,20996.17,20221107
2022-11-07,NIFTY500,16149.92,20221107
2022-11-07,NIFTY_MIDCAP150,11806.28,20221107
2022-11-08,BSE_SMALLCAP,28690.65,20221108
2022-11-08,CRISIL_GILT,1527.71,20221108
2022-11-08,CRISIL_LIQUID,2413.36,20221108
2022-11-08,NIFTY100,19115.3,20221108
2022-11-08,NIFTY50,20993.09,20221108
2022-11-08,NIFTY500,16286.04,20221108
2022-11-08,NIFTY_MIDCAP150,11699.3,20221108
2022-11-09,BSE_SMALLCAP,27622.31,20221109
2022-11-09,CRISIL_GILT,1525.2,20221109
2022-11-09,CRISIL_LIQUID,2413.61,20221109
2022-11-09,NIFTY100,19298.68,20221109
2022-11-09,NIFTY50,21057.78,20221109
2022-11-09,NIFTY500,16538.23,20221109
2022-11-09,NIFTY_MIDCAP150,11794.88,20221109
2022-11-10,BSE_SMALLCAP,27477.8,20221110
2022-11-10,CRISIL_GILT,1525.22,20221110
2022-11-10,CRISIL_LIQUID,2414.1,20221110
2022-11-10,NIFTY100,19225.62,20221110
2022-11-10,NIFTY50,21208.88,20221110
2022-11-10,NIFTY500,16396.46,20221110
2022-11-10,NIFTY_MIDCAP150,11814.8,20221110
2022-11-11,BSE_SMALLCAP,28086.31,20221111
2022-11-11,CRISIL_GILT,1527.4,20221111
2022-11-11,CRISIL_LIQUID,2414.29,20221111
2022-11-11,NIFTY100,19387.08,20221111
2022-11-11,NIFTY50,21574.46,20221111
2022-11-11,NIFTY500,16462.71,20221111
2022-11-11,NIFTY_MIDCAP150,11720.43,20221111
2022-11-14,BSE_SMALLCAP,27244.48,20221114
2022-11-14,CRISIL_GILT,1522.23,20221114
2022-11-14,CRISIL_LIQUID,2414.72,20221114
2022-11-14,NIFTY100,19510.58,20221114
2022-11-14,NIFTY50,21491.94,20221114
2022-11-14,NIFTY500,16701.69,20221114
2022-11-14,NIFTY_MIDCAP150,11767.97,20221114
2022-11-15,BSE_SMALLCAP,27719.02,20221115
2022-11-15,CRISIL_GILT,1519.96,20221115
2022-11-15,CRISIL_LIQUID,2414.8,20221115
2022-11-15,NIFTY100,19164.58,20221115
2022-11-15,NIFTY50,21743.69,20221115
2022-11-15,NIFTY500,16724.5,20221115
2022-11-15,NIFTY_MIDCAP150,11992.88,20221115
2022-11-16,BSE_SMALLCAP,27865.23,20221116
2022-11-16,CRISIL_GILT,1520.52,20221116
2022-11-16,CRISIL_LIQUID,2413.84,20221116
2022-11-16,NIFTY100,18915.37,20221116
2022-11-16,NIFTY50,21714.61,20221116
2022-11-16,NIFTY500,16642.49,20221116
2022-11-16,NIFTY_MIDCAP150,12026.56,20221116
2022-11-17,BSE_SMALLCAP,28487.28,20221117
2022-11-17,CRISIL_GILT,1516.13,20221117
2022-11-17,CRISIL_LIQUID,2414.19,20221117
2022-11-17,NIFTY100,18872.81,20221117
2022-11-17,NIFTY50,21654.27,20221117
2022-11-17,NIFTY500,16924.52,20221117
2022-11-17,NIFTY_MIDCAP150,12091.91,20221117
2022-11-18,BSE_SMALLCAP,28389.71,20221118
2022-11-18,CRISIL_GILT,1518.06,20221118
2022-11-18,CRISIL_LIQUID,2416.19,20221118
2022-11-18,NIFTY100,18943.83,20221118
2022-11-18,NIFTY50,21618.86,20221118
2022-11-18,NIFTY500,17082.03,20221118
2022-11-18,NIFTY_MIDCAP150,12162.05,20221118
2022-11-21,BSE_SMALLCAP,28514.47,20221121
2022-11-21,CRISIL_GILT,1525.11,20221121
2022-11-21,CRISIL_LIQUID,2418.05,20221121
2022-11-21,NIFTY100,18911.39,20221121
2022-11-21,NIFTY50,21821.82,20221121
2022-11-21,NIFTY500,17100.9,20221121
2022-11-21,NIFTY_MIDCAP150,12085.84,20221121
2022-11-22,BSE_SMALLCAP,28075.96,20221122
2022-11-22,CRISIL_GILT,1525.15,20221122
2022-11-22,CRISIL_LIQUID,2417.87,20221122
2022-11-22,NIFTY100,18890.22,20221122
2022-11-22,NIFTY50,21730.17,20221122
2022-11-22,NIFTY500,16880.59,20221122
2022-11-22,NIFTY_MIDCAP150,12086.57,20221122
2022-11-23,BSE_SMALLCAP,28007.33,20221123
2022-11-23,CRISIL_GILT,1528.42,20221123
2022-11-23,CRISIL_LIQUID,2417.28,20221123
2022-11-23,NIFTY100,18904.59,20221123
2022-11-23,NIFTY50,21759.53,20221123
2022-11-23,NIFTY500,16836.31,20221123
2022-11-23,NIFTY_MIDCAP150,11811.16,20221123
2022-11-24,BSE_SMALLCAP,27727.05,20221124
2022-11-24,CRISIL_GILT,1523.95,20221124
2022-11-24,CRISIL_LIQUID,2416.34,20221124
2022-11-24,NIFTY100,18897.98,20221124
2022-11-24,NIFTY50,21678.62,20221124
2022-11-24,NIFTY500,16736.88,20221124
2022-11-24,NIFTY_MIDCAP150,11692.8,20221124
2022-11-25,BSE_SMALLCAP,27522.75,20221125
2022-11-25,CRISIL_GILT,1521.96,20221125
2022-11-25,CRISIL_LIQUID,2416.22,20221125
2022-11-25,NIFTY100,18901.92,20221125
2022-11-25,NIFTY50,21612.98,20221125
2022-11-25,NIFTY500,16493.73,20221125
2022-11-25,NIFTY_MIDCAP150,11689.79,20221125
2022-11-28,BSE_SMALLCAP,27599.18,20221128
2022-11-28,CRISIL_GILT,1526.22,20221128
2022-11-28,CRISIL_LIQUID,2416.42,20221128
2022-11-28,NIFTY100,18547.32,20221128
2022-11-28,NIFTY50,21863.78,20221128
2022-11-28,NIFTY500,16699.79,20221128
2022-11-28,NIFTY_MIDCAP150,11540.22,20221128
2022-11-29,BSE_SMALLCAP,27320.7,20221129
2022-11-29,CRISIL_GILT,1521.42,20221129
2022-11-29,CRISIL_LIQUID,2417.35,20221129
2022-11-29,NIFTY100,18508.87,20221129
2022-11-29,NIFTY50,21872.29,20221129
2022-11-29,NIFTY500,16793.07,20221129
2022-11-29,NIFTY_MIDCAP150,11544.89,20221129
2022-11-30,BSE_SMALLCAP,26507.41,20221130
2022-11-30,CRISIL_GILT,1519.13,20221130
2022-11-30,CRISIL_LIQUID,2417.66,20221130
2022-11-30,NIFTY100,18469.12,20221130
2022-11-30,NIFTY50,21763.67,20221130
2022-11-30,NIFTY500,16696.88,20221130
2022-11-30,NIFTY_MIDCAP150,11513.49,20221130
2022-12-01,BSE_SMALLCAP,26616.42,20221201
2022-12-01,CRISIL_GILT,1523.95,20221201
2022-12-01,CRISIL_LIQUID,2418.95,20221201
2022-12-01,NIFTY100,18317.08,20221201
2022-12-01,NIFTY50,21696.78,20221201
2022-12-01,NIFTY500,16619.52,20221201
2022-12-01,NIFTY_MIDCAP150,11695.01,20221201
2022-12-02,BSE_SMALLCAP,26715.71,20221202
2022-12-02,CRISIL_GILT,1522.04,20221202
2022-12-02,CRISIL_LIQUID,2420.03,20221202
2022-12-02,NIFTY100,18211.2,20221202
2022-12-02,NIFTY50,21756.82,20221202
2022-12-02,NIFTY500,16561.02,20221202
2022-12-02,NIFTY_MIDCAP150,11974.0,20221202
2022-12-05,BSE_SMALLCAP,27011.5,20221205
2022-12-05,CRISIL_GILT,1514.82,20221205
2022-12-05,CRISIL_LIQUID,2420.92,20221205
2022-12-05,NIFTY100,17972.63,20221205
2022-12-05,NIFTY50,21757.88,20221205
2022-12-05,NIFTY500,16424.31,20221205
2022-12-05,NIFTY_MIDCAP150,11974.01,20221205
2022-12-06,BSE_SMALLCAP,27028.43,20221206
2022-12-06,CRISIL_GILT,1513.11,20221206
2022-12-06,CRISIL_LIQUID,2421.45,20221206
2022-12-06,NIFTY100,18038.11,20221206
2022-12-06,NIFTY50,21768.68,20221206
2022-12-06,NIFTY500,16850.65,20221206
2022-12-06,NIFTY_MIDCAP150,12032.93,20221206
2022-12-07,BSE_SMALLCAP,26644.82,20221207
2022-12-07,CRISIL_GILT,1520.2,20221207
2022-12-07,CRISIL_LIQUID,2422.83,20221207
2022-12-07,NIFTY100,17877.15,20221207
2022-12-07,NIFTY50,21725.81,20221207
2022-12-07,NIFTY500,16753.23,20221207
2022-12-07,NIFTY_MIDCAP150,12206.9,20221207
2022-12-08,BSE_SMALLCAP,27233.46,20221208
2022-12-08,CRISIL_GILT,1526.16,20221208
2022-12-08,CRISIL_LIQUID,2423.94,20221208
2022-12-08,NIFTY100,17867.98,20221208
2022-12-08,NIFTY50,21922.79,20221208
2022-12-08,NIFTY500,16714.32,20221208
2022-12-08,NIFTY_MIDCAP150,12213.89,20221208
2022-12-09,BSE_SMALLCAP,27125.2,20221209
2022-12-09,CRISIL_GILT,1526.3,20221209
2022-12-09,CRISIL_LIQUID,2423.45,20221209
2022-12-09,NIFTY100,17804.79,20221209
2022-12-09,NIFTY50,22037.03,20221209
2022-12-09,NIFTY500,16621.81,20221209
2022-12-09,NIFTY_MIDCAP150,12280.09,20221209
2022-12-12,BSE_SMALLCAP,26782.2,20221212
2022-12-12,CRISIL_GILT,1525.84,20221212
2022-12-12,CRISIL_LIQUID,2424.48,20221212
2022-12-12,NIFTY100,17786.27,20221212
2022-12-12,NIFTY50,22007.01,20221212
2022-12-12,NIFTY500,16369.57,20221212
2022-12-12,NIFTY_MIDCAP150,12095.25,20221212
2022-12-13,BSE_SMALLCAP,27347.04,20221213
2022-12-13,CRISIL_GILT,1535.37,20221213
2022-12-13,CRISIL_LIQUID,2424.66,20221213
2022-12-13,NIFTY100,17927.89,20221213
2022-12-13,NIFTY50,22040.93,20221213
2022-12-13,NIFTY500,16200.95,20221213
2022-12-13,NIFTY_MIDCAP150,12174.02,20221213
2022-12-14,BSE_SMALLCAP,28019.79,20221214
2022-12-14,CRISIL_GILT,1532.19,20221214
2022-12-14,CRISIL_LIQUID,2425.99,20221214
2022-12-14,NIFTY100,17829.02,20221214
2022-12-14,NIFTY50,21904.8,20221214
2022-12-14,NIFTY500,16361.52,20221214
2022-12-14,NIFTY_MIDCAP150,12359.38,20221214
2022-12-15,BSE_SMALLCAP,26985.68,20221215
2022-12-15,CRISIL_GILT,1530.15,20221215
2022-12-15,CRISIL_LIQUID,2427.12,20221215
2022-12-15,NIFTY100,17822.91,20221215
2022-12-15,NIFTY50,21902.0,20221215
2022-12-15,NIFTY500,16322.97,20221215
2022-12-15,NIFTY_MIDCAP150,12211.47,20221215
2022-12-16,BSE_SMALLCAP,26660.06,20221216
2022-12-16,CRISIL_GILT,1534.68,20221216
2022-12-16,CRISIL_LIQUID,2429.06,20221216
2022-12-16,NIFTY100,17924.82,20221216
2022-12-16,NIFTY50,21788.91,20221216
2022-12-16,NIFTY500,16391.22,20221216
2022-12-16,NIFTY_MIDCAP150,11991.47,20221216
2022-12-19,BSE_SMALLCAP,26611.41,20221219
2022-12-19,CRISIL_GILT,1531.77,20221219
2022-12-19,CRISIL_LIQUID,2428.16,20221219
2022-12-19,NIFTY100,17955.99,20221219
2022-12-19,NIFTY50,21834.23,20221219
2022-12-19,NIFTY500,16465.89,20221219
2022-12-19,NIFTY_MIDCAP150,12176.42,20221219
2022-12-20,BSE_SMALLCAP,26733.39,20221220
2022-12-20,CRISIL_GILT,1533.63,20221220
2022-12-20,CRISIL_LIQUID,2429.02,20221220
2022-12-20,NIFTY100,17848.08,20221220
2022-12-20,NIFTY50,21826.13,20221220
2022-12-20,NIFTY500,16541.27,20221220
2022-12-20,NIFTY_MIDCAP150,12140.49,20221220
2022-12-21,BSE_SMALLCAP,26996.14,20221221
2022-12-21,CRISIL_GILT,1529.29,20221221
2022-12-21,CRISIL_LIQUID,2429.15,20221221
2022-12-21,NIFTY100,17631.29,20221221
2022-12-21,NIFTY50,21793.49,20221221
2022-12-21,NIFTY500,16448.86,20221221
2022-12-21,NIFTY_MIDCAP150,12041.15,20221221
2022-12-22,BSE_SMALLCAP,27974.84,20221222
2022-12-22,CRISIL_GILT,1535.49,20221222
2022-12-22,CRISIL_LIQUID,2431.41,20221222
2022-12-22,NIFTY100,17519.19,20221222
2022-12-22,NIFTY50,21829.4,20221222
2022-12-22,NIFTY500,16704.39,20221222
2022-12-22,NIFTY_MIDCAP150,12062.03,20221222
2022-12-23,BSE_SMALLCAP,27572.94,20221223
2022-12-23,CRISIL_GILT,1534.25,20221223
2022-12-23,CRISIL_LIQUID,2429.71,20221223
2022-12-23,NIFTY100,17553.59,20221223
2022-12-23,NIFTY50,21893.27,20221223
2022-12-23,NIFTY500,16849.34,20221223
2022-12-23,NIFTY_MIDCAP150,11995.13,20221223
2022-12-26,BSE_SMALLCAP,27652.79,20221226
2022-12-26,CRISIL_GILT,1532.18,20221226
2022-12-26,CRISIL_LIQUID,2430.67,20221226
2022-12-26,NIFTY100,17555.35,20221226
2022-12-26,NIFTY50,22100.16,20221226
2022-12-26,NIFTY500,16928.98,20221226
2022-12-26,NIFTY_MIDCAP150,11862.7,20221226
2022-12-27,BSE_SMALLCAP,27112.64,20221227
2022-12-27,CRISIL_GILT,1529.37,20221227
2022-12-27,CRISIL_LIQUID,2431.73,20221227
2022-12-27,NIFTY100,17655.66,20221227
2022-12-27,NIFTY50,22252.11,20221227
2022-12-27,NIFTY500,16975.26,20221227
2022-12-27,NIFTY_MIDCAP150,11666.78,20221227
2022-12-28,BSE_SMALLCAP,27217.46,20221228
2022-12-28,CRISIL_GILT,1525.38,20221228
2022-12-28,CRISIL_LIQUID,2430.72,20221228
2022-12-28,NIFTY100,17616.17,20221228
2022-12-28,NIFTY50,22436.78,20221228
2022-12-28,NIFTY500,16778.95,20221228
2022-12-28,NIFTY_MIDCAP150,11915.48,20221228
2022-12-29,BSE_SMALLCAP,27869.89,20221229
2022-12-29,CRISIL_GILT,1524.47,20221229
2022-12-29,CRISIL_LIQUID,2431.74,20221229
2022-12-29,NIFTY100,17513.12,20221229
2022-12-29,NIFTY50,22382.85,20221229
2022-12-29,NIFTY500,16910.86,20221229
2022-12-29,NIFTY_MIDCAP150,12150.5,20221229
2022-12-30,BSE_SMALLCAP,26829.94,20221230
2022-12-30,CRISIL_GILT,1515.87,20221230
2022-12-30,CRISIL_LIQUID,2430.82,20221230
2022-12-30,NIFTY100,17309.66,20221230
2022-12-30,NIFTY50,22446.34,20221230
2022-12-30,NIFTY500,16899.9,20221230
2022-12-30,NIFTY_MIDCAP150,12123.91,20221230
2023-01-02,BSE_SMALLCAP,26319.71,20230102
2023-01-02,CRISIL_GILT,1512.14,20230102
2023-01-02,CRISIL_LIQUID,2430.9,20230102
2023-01-02,NIFTY100,17146.9,20230102
2023-01-02,NIFTY50,22778.36,20230102
2023-01-02,NIFTY500,16788.23,20230102
2023-01-02,NIFTY_MIDCAP150,12497.13,20230102
2023-01-03,BSE_SMALLCAP,26625.99,20230103
2023-01-03,CRISIL_GILT,1512.64,20230103
2023-01-03,CRISIL_LIQUID,2431.84,20230103
2023-01-03,NIFTY100,17008.52,20230103
2023-01-03,NIFTY50,22771.14,20230103
2023-01-03,NIFTY500,16646.31,20230103
2023-01-03,NIFTY_MIDCAP150,12694.86,20230103
2023-01-04,BSE_SMALLCAP,26945.39,20230104
2023-01-04,CRISIL_GILT,1513.41,20230104
2023-01-04,CRISIL_LIQUID,2431.71,20230104
2023-01-04,NIFTY100,17200.21,20230104
2023-01-04,NIFTY50,22806.13,20230104
2023-01-04,NIFTY500,16799.84,20230104
2023-01-04,NIFTY_MIDCAP150,12695.85,20230104
2023-01-05,BSE_SMALLCAP,26656.53,20230105
2023-01-05,CRISIL_GILT,1513.57,20230105
2023-01-05,CRISIL_LIQUID,2432.4,20230105
2023-01-05,NIFTY100,17042.63,20230105
2023-01-05,NIFTY50,22843.67,20230105
2023-01-05,NIFTY500,16602.76,20230105
2023-01-05,NIFTY_MIDCAP150,13035.18,20230105
2023-01-06,BSE_SMALLCAP,26979.32,20230106
2023-01-06,CRISIL_GILT,1511.11,20230106
2023-01-06,CRISIL_LIQUID,2433.02,20230106
2023-01-06,NIFTY100,16888.11,20230106
2023-01-06,NIFTY50,22835.1,20230106
2023-01-06,NIFTY500,16552.93,20230106
2023-01-06,NIFTY_MIDCAP150,12744.58,20230106
2023-01-09,BSE_SMALLCAP,27491.18,20230109
2023-01-09,CRISIL_GILT,1517.32,20230109
2023-01-09,CRISIL_LIQUID,2434.06,20230109
2023-01-09,NIFTY100,16797.95,20230109
2023-01-09,NIFTY50,23088.26,20230109
2023-01-09,NIFTY500,16584.85,20230109
2023-01-09,NIFTY_MIDCAP150,12722.57,20230109
2023-01-10,BSE_SMALLCAP,27721.88,20230110
2023-01-10,CRISIL_GILT,1521.08,20230110
2023-01-10,CRISIL_LIQUID,2433.87,20230110
2023-01-10,NIFTY100,16948.6,20230110
2023-01-10,NIFTY50,23015.77,20230110
2023-01-10,NIFTY500,16571.78,20230110
2023-01-10,NIFTY_MIDCAP150,12987.26,20230110
2023-01-11,BSE_SMALLCAP,28308.89,20230111
2023-01-11,CRISIL_GILT,1521.12,20230111
2023-01-11,CRISIL_LIQUID,2435.21,20230111
2023-01-11,NIFTY100,17022.31,20230111
2023-01-11,NIFTY50,23231.29,20230111
2023-01-11,NIFTY500,16641.34,20230111
2023-01-11,NIFTY_MIDCAP150,12945.39,20230111
2023-01-12,BSE_SMALLCAP,28456.61,20230112
2023-01-12,CRISIL_GILT,1521.11,20230112
2023-01-12,CRISIL_LIQUID,2433.62,20230112
2023-01-12,NIFTY100,16994.79,20230112
2023-01-12,NIFTY50,23389.28,20230112
2023-01-12,NIFTY500,16823.31,20230112
2023-01-12,NIFTY_MIDCAP150,13127.16,20230112
2023-01-13,BSE_SMALLCAP,28373.67,20230113
2023-01-13,CRISIL_GILT,1519.73,20230113
2023-01-13,CRISIL_LIQUID,2435.41,20230113
2023-01-13,NIFTY100,16784.06,20230113
2023-01-13,NIFTY50,23388.78,20230113
2023-01-13,NIFTY500,16924.08,20230113
2023-01-13,NIFTY_MIDCAP150,12990.23,20230113
2023-01-16,BSE_SMALLCAP,28506.27,20230116
2023-01-16,CRISIL_GILT,1517.7,20230116
2023-01-16,CRISIL_LIQUID,2435.84,20230116
2023-01-16,NIFTY100,16773.95,20230116
2023-01-16,NIFTY50,23321.28,20230116
2023-01-16,NIFTY500,16942.47,20230116
2023-01-16,NIFTY_MIDCAP150,12901.38,20230116
2023-01-17,BSE_SMALLCAP,28862.01,20230117
2023-01-17,CRISIL_GILT,1517.53,20230117
2023-01-17,CRISIL_LIQUID,2436.35,20230117
2023-01-17,NIFTY100,16878.51,20230117
2023-01-17,NIFTY50,23326.14,20230117
2023-01-17,NIFTY500,16884.62,20230117
2023-01-17,NIFTY_MIDCAP150,12966.54,20230117
2023-01-18,BSE_SMALLCAP,28244.49,20230118
2023-01-18,CRISIL_GILT,1521.59,20230118
2023-01-18,CRISIL_LIQUID,2437.22,20230118
2023-01-18,NIFTY100,17057.81,20230118
2023-01-18,NIFTY50,23559.85,20230118
2023-01-18,NIFTY500,16681.11,20230118
2023-01-18,NIFTY_MIDCAP150,13072.53,20230118
2023-01-19,BSE_SMALLCAP,28370.68,20230119
2023-01-19,CRISIL_GILT,1520.31,20230119
2023-01-19,CRISIL_LIQUID,2437.99,20230119
2023-01-19,NIFTY100,16741.43,20230119
2023-01-19,NIFTY50,23779.86,20230119
2023-01-19,NIFTY500,16680.27,20230119
2023-01-19,NIFTY_MIDCAP150,13111.81,20230119
2023-01-20,BSE_SMALLCAP,28340.36,20230120
2023-01-20,CRISIL_GILT,1525.66,20230120
2023-01-20,CRISIL_LIQUID,2438.62,20230120
2023-01-20,NIFTY100,16620.92,20230120
2023-01-20,NIFTY50,23947.55,20230120
2023-01-20,NIFTY500,16633.82,20230120
2023-01-20,NIFTY_MIDCAP150,13058.78,20230120
2023-01-23,BSE_SMALLCAP,28152.72,20230123
2023-01-23,CRISIL_GILT,1523.59,20230123
2023-01-23,CRISIL_LIQUID,2440.21,20230123
2023-01-23,NIFTY100,16619.0,20230123
2023-01-23,NIFTY50,23942.01,20230123
2023-01-23,NIFTY500,16720.1,20230123
2023-01-23,NIFTY_MIDCAP150,12930.11,20230123
2023-01-24,BSE_SMALLCAP,27733.13,20230124
2023-01-24,CRISIL_GILT,1529.77,20230124
2023-01-24,CRISIL_LIQUID,2439.66,20230124
2023-01-24,NIFTY100,16774.51,20230124
2023-01-24,NIFTY50,23961.96,20230124
2023-01-24,NIFTY500,16708.67,20230124
2023-01-24,NIFTY_MIDCAP150,13289.73,20230124
2023-01-25,BSE_SMALLCAP,27038.85,20230125
2023-01-25,CRISIL_GILT,1529.06,20230125
2023-01-25,CRISIL_LIQUID,2439.56,20230125
2023-01-25,NIFTY100,16579.25,20230125
2023-01-25,NIFTY50,24096.65,20230125
2023-01-25,NIFTY500,16871.27,20230125
2023-01-25,NIFTY_MIDCAP150,13351.11,20230125
2023-01-26,BSE_SMALLCAP,26865.0,20230126
2023-01-26,CRISIL_GILT,1532.12,20230126
2023-01-26,CRISIL_LIQUID,2440.52,20230126
2023-01-26,NIFTY100,16415.2,20230126
2023-01-26,NIFTY50,24061.41,20230126
2023-01-26,NIFTY500,16814.56,20230126
2023-01-26,NIFTY_MIDCAP150,13528.16,20230126
2023-01-27,BSE_SMALLCAP,26663.21,20230127
2023-01-27,CRISIL_GILT,1541.37,20230127
2023-01-27,CRISIL_LIQUID,2440.87,20230127
2023-01-27,NIFTY100,16336.99,20230127
2023-01-27,NIFTY50,24238.56,20230127
2023-01-27,NIFTY500,16740.43,20230127
2023-01-27,NIFTY_MIDCAP150,13689.31,20230127
2023-01-30,BSE_SMALLCAP,27032.92,20230130
2023-01-30,CRISIL_GILT,1551.24,20230130
2023-01-30,CRISIL_LIQUID,2442.49,20230130
2023-01-30,NIFTY100,16134.8,20230130
2023-01-30,NIFTY50,24280.25,20230130
2023-01-30,NIFTY500,16811.65,20230130
2023-01-30,NIFTY_MIDCAP150,13624.79,20230130
2023-01-31,BSE_SMALLCAP,27479.07,20230131
2023-01-31,CRISIL_GILT,1546.44,20230131
2023-01-31,CRISIL_LIQUID,2444.84,20230131
2023-01-31,NIFTY100,15861.67,20230131
2023-01-31,NIFTY50,24494.37,20230131
2023-01-31,NIFTY500,16836.28,20230131
2023-01-31,NIFTY_MIDCAP150,13641.22,20230131
2023-02-01,BSE_SMALLCAP,27175.46,20230201
2023-02-01,CRISIL_GILT,1550.92,20230201
2023-02-01,CRISIL_LIQUID,2445.48,20230201
2023-02-01,NIFTY100,16123.73,20230201
2023-02-01,NIFTY50,24223.82,20230201
2023-02-01,NIFTY500,16901.49,20230201
2023-02-01,NIFTY_MIDCAP150,13531.39,20230201
2023-02-02,BSE_SMALLCAP,26871.75,20230202
2023-02-02,CRISIL_GILT,1547.67,20230202
2023-02-02,CRISIL_LIQUID,2444.78,20230202
2023-02-02,NIFTY100,16074.67,20230202
2023-02-02,NIFTY50,24115.15,20230202
2023-02-02,NIFTY500,16890.57,20230202
2023-02-02,NIFTY_MIDCAP150,13658.74,20230202
2023-02-03,BSE_SMALLCAP,26682.32,20230203
2023-02-03,CRISIL_GILT,1549.58,20230203
2023-02-03,CRISIL_LIQUID,2444.74,20230203
2023-02-03,NIFTY100,15973.29,20230203
2023-02-03,NIFTY50,24060.94,20230203
2023-02-03,NIFTY500,16903.17,20230203
2023-02-03,NIFTY_MIDCAP150,13643.18,20230203
2023-02-06,BSE_SMALLCAP,27118.76,20230206
2023-02-06,CRISIL_GILT,1551.93,20230206
2023-02-06,CRISIL_LIQUID,2443.8,20230206
2023-02-06,NIFTY100,15803.43,20230206
2023-02-06,NIFTY50,24153.86,20230206
2023-02-06,NIFTY500,16867.74,20230206
2023-02-06,NIFTY_MIDCAP150,13906.26,20230206
2023-02-07,BSE_SMALLCAP,26886.79,20230207
2023-02-07,CRISIL_GILT,1555.75,20230207
2023-02-07,CRISIL_LIQUID,2444.9,20230207
2023-02-07,NIFTY100,15783.04,20230207
2023-02-07,NIFTY50,24091.1,20230207
2023-02-07,NIFTY500,16896.23,20230207
2023-02-07,NIFTY_MIDCAP150,13663.65,20230207
2023-02-08,BSE_SMALLCAP,27648.21,20230208
2023-02-08,CRISIL_GILT,1551.18,20230208
2023-02-08,CRISIL_LIQUID,2444.8,20230208
2023-02-08,NIFTY100,15696.6,20230208
2023-02-08,NIFTY50,24536.77,20230208
2023-02-08,NIFTY500,17090.27,20230208
2023-02-08,NIFTY_MIDCAP150,13750.68,20230208
2023-02-09,BSE_SMALLCAP,27716.21,20230209
2023-02-09,CRISIL_GILT,1547.03,20230209
2023-02-09,CRISIL_LIQUID,2445.31,20230209
2023-02-09,NIFTY100,15782.39,20230209
2023-02-09,NIFTY50,24304.68,20230209
2023-02-09,NIFTY500,17022.48,20230209
2023-02-09,NIFTY_MIDCAP150,14162.58,20230209
2023-02-10,BSE_SMALLCAP,27906.7,20230210
2023-02-10,CRISIL_GILT,1544.24,20230210
2023-02-10,CRISIL_LIQUID,2445.72,20230210
2023-02-10,NIFTY100,15628.56,20230210
2023-02-10,NIFTY50,24520.15,20230210
2023-02-10,NIFTY500,16940.47,20230210
2023-02-10,NIFTY_MIDCAP150,14054.53,20230210
2023-02-13,BSE_SMALLCAP,27745.16,20230213
2023-02-13,CRISIL_GILT,1546.96,20230213
2023-02-13,CRISIL_LIQUID,2447.22,20230213
2023-02-13,NIFTY100,15610.58,20230213
2023-02-13,NIFTY50,24780.22,20230213
2023-02-13,NIFTY500,16997.05,20230213
2023-02-13,NIFTY_MIDCAP150,14089.33,20230213
2023-02-14,BSE_SMALLCAP,28395.1,20230214
2023-02-14,CRISIL_GILT,1548.36,20230214
2023-02-14,CRISIL_LIQUID,2447.9,20230214
2023-02-14,NIFTY100,15587.12,20230214
2023-02-14,NIFTY50,24893.39,20230214
2023-02-14,NIFTY500,16978.05,20230214
2023-02-14,NIFTY_MIDCAP150,14042.6,20230214
2023-02-15,BSE_SMALLCAP,28587.01,20230215
2023-02-15,CRISIL_GILT,1550.41,20230215
2023-02-15,CRISIL_LIQUID,2448.32,20230215
2023-02-15,NIFTY100,15639.92,20230215
2023-02-15,NIFTY50,24840.97,20230215
2023-02-15,NIFTY500,17199.75,20230215
2023-02-15,NIFTY_MIDCAP150,14195.39,20230215
2023-02-16,BSE_SMALLCAP,28417.7,20230216
2023-02-16,CRISIL_GILT,1546.26,20230216
2023-02-16,CRISIL_LIQUID,2448.24,20230216
2023-02-16,NIFTY100,15600.82,20230216
2023-02-16,NIFTY50,24848.9,20230216
2023-02-16,NIFTY500,17315.15,20230216
2023-02-16,NIFTY_MIDCAP150,13885.8,20230216
2023-02-17,BSE_SMALLCAP,27923.07,20230217
2023-02-17,CRISIL_GILT,1547.35,20230217
2023-02-17,CRISIL_LIQUID,2449.34,20230217
2023-02-17,NIFTY100,15658.67,20230217
2023-02-17,NIFTY50,25027.64,20230217
2023-02-17,NIFTY500,17455.25,20230217
2023-02-17,NIFTY_MIDCAP150,13706.59,20230217
2023-02-20,BSE_SMALLCAP,28210.37,20230220
2023-02-20,CRISIL_GILT,1545.23,20230220
2023-02-20,CRISIL_LIQUID,2449.12,20230220
2023-02-20,NIFTY100,15680.83,20230220
2023-02-20,NIFTY50,24713.9,20230220
2023-02-20,NIFTY500,17610.46,20230220
2023-02-20,NIFTY_MIDCAP150,13562.22,20230220
2023-02-21,BSE_SMALLCAP,27981.12,20230221
2023-02-21,CRISIL_GILT,1543.27,20230221
2023-02-21,CRISIL_LIQUID,2448.78,20230221
2023-02-21,NIFTY100,15775.37,20230221
2023-02-21,NIFTY50,24597.57,20230221
2023-02-21,NIFTY500,17517.84,20230221
2023-02-21,NIFTY_MIDCAP150,13707.26,20230221
2023-02-22,BSE_SMALLCAP,27932.27,20230222
2023-02-22,CRISIL_GILT,1543.22,20230222
2023-02-22,CRISIL_LIQUID,2448.96,20230222
2023-02-22,NIFTY100,15835.71,20230222
2023-02-22,NIFTY50,24501.18,20230222
2023-02-22,NIFTY500,17544.3,20230222
2023-02-22,NIFTY_MIDCAP150,13688.13,20230222
2023-02-23,BSE_SMALLCAP,27591.83,20230223
2023-02-23,CRISIL_GILT,1537.77,20230223
2023-02-23,CRISIL_LIQUID,2451.2,20230223
2023-02-23,NIFTY100,15795.71,20230223
2023-02-23,NIFTY50,24622.43,20230223
2023-02-23,NIFTY500,17658.52,20230223
2023-02-23,NIFTY_MIDCAP150,13598.59,20230223
2023-02-24,BSE_SMALLCAP,27260.96,20230224
2023-02-24,CRISIL_GILT,1540.27,20230224
2023-02-24,CRISIL_LIQUID,2451.75,20230224
2023-02-24,NIFTY100,15995.36,20230224
2023-02-24,NIFTY50,24854.82,20230224
2023-02-24,NIFTY500,17668.35,20230224
2023-02-24,NIFTY_MIDCAP150,13670.62,20230224
2023-02-27,BSE_SMALLCAP,27050.6,20230227
2023-02-27,CRISIL_GILT,1535.16,20230227
2023-02-27,CRISIL_LIQUID,2452.35,20230227
2023-02-27,NIFTY100,15912.35,20230227
2023-02-27,NIFTY50,25273.35,20230227
2023-02-27,NIFTY500,17538.18,20230227
2023-02-27,NIFTY_MIDCAP150,13714.25,20230227
2023-02-28,BSE_SMALLCAP,27045.63,20230228
2023-02-28,CRISIL_GILT,1534.01,20230228
2023-02-28,CRISIL_LIQUID,2453.23,20230228
2023-02-28,NIFTY100,16097.23,20230228
2023-02-28,NIFTY50,24902.29,20230228
2023-02-28,NIFTY500,17691.49,20230228
2023-02-28,NIFTY_MIDCAP150,13692.83,20230228
2023-03-01,BSE_SMALLCAP,26623.1,20230301
2023-03-01,CRISIL_GILT,1537.31,20230301
2023-03-01,CRISIL_LIQUID,2454.04,20230301
2023-03-01,NIFTY100,16224.73,20230301
2023-03-01,NIFTY50,24705.34,20230301
2023-03-01,NIFTY500,17673.39,20230301
2023-03-01,NIFTY_MIDCAP150,13624.58,20230301
2023-03-02,BSE_SMALLCAP,26549.03,20230302
2023-03-02,CRISIL_GILT,1531.91,20230302
2023-03-02,CRISIL_LIQUID,2454.5,20230302
2023-03-02,NIFTY100,16299.24,20230302
2023-03-02,NIFTY50,24647.95,20230302
2023-03-02,NIFTY500,17729.7,20230302
2023-03-02,NIFTY_MIDCAP150,13494.2,20230302
2023-03-03,BSE_SMALLCAP,26304.3,20230303
2023-03-03,CRISIL_GILT,1526.94,20230303
2023-03-03,CRISIL_LIQUID,2454.39,20230303
2023-03-03,NIFTY100,16283.17,20230303
2023-03-03,NIFTY50,24772.26,20230303
2023-03-03,NIFTY500,17830.18,20230303
2023-03-03,NIFTY_MIDCAP150,13723.27,20230303
2023-03-06,BSE_SMALLCAP,26278.84,20230306
2023-03-06,CRISIL_GILT,1531.37,20230306
2023-03-06,CRISIL_LIQUID,2454.68,20230306
2023-03-06,NIFTY100,16186.05,20230306
2023-03-06,NIFTY50,24939.69,20230306
2023-03-06,NIFTY500,18078.96,20230306
2023-03-06,NIFTY_MIDCAP150,13966.91,20230306
2023-03-07,BSE_SMALLCAP,26633.83,20230307
2023-03-07,CRISIL_GILT,1527.66,20230307
2023-03-07,CRISIL_LIQUID,2455.16,20230307
2023-03-07,NIFTY100,16208.57,20230307
2023-03-07,NIFTY50,24711.86,20230307
2023-03-07,NIFTY500,18120.89,20230307
2023-03-07,NIFTY_MIDCAP150,13769.57,20230307
2023-03-08,BSE_SMALLCAP,26730.38,20230308
2023-03-08,CRISIL_GILT,1531.83,20230308
2023-03-08,CRISIL_LIQUID,2454.69,20230308
2023-03-08,NIFTY100,16229.83,20230308
2023-03-08,NIFTY50,24799.95,20230308
2023-03-08,NIFTY500,17810.73,20230308
2023-03-08,NIFTY_MIDCAP150,13717.73,20230308
2023-03-09,BSE_SMALLCAP,26524.9,20230309
2023-03-09,CRISIL_GILT,1533.96,20230309
2023-03-09,CRISIL_LIQUID,2455.16,20230309
2023-03-09,NIFTY100,16212.94,20230309
2023-03-09,NIFTY50,24297.03,20230309
2023-03-09,NIFTY500,17848.58,20230309
2023-03-09,NIFTY_MIDCAP150,13797.18,20230309
2023-03-10,BSE_SMALLCAP,26526.22,20230310
2023-03-10,CRISIL_GILT,1529.23,20230310
2023-03-10,CRISIL_LIQUID,2455.94,20230310
2023-03-10,NIFTY100,16281.66,20230310
2023-03-10,NIFTY50,24366.79,20230310
2023-03-10,NIFTY500,17902.15,20230310
2023-03-10,NIFTY_MIDCAP150,13665.87,20230310
2023-03-13,BSE_SMALLCAP,26765.75,20230313
2023-03-13,CRISIL_GILT,1530.33,20230313
2023-03-13,CRISIL_LIQUID,2456.16,20230313
2023-03-13,NIFTY100,16399.37,20230313
2023-03-13,NIFTY50,24373.18,20230313
2023-03-13,NIFTY500,17649.8,20230313
2023-03-13,NIFTY_MIDCAP150,13790.31,20230313
2023-03-14,BSE_SMALLCAP,27046.37,20230314
2023-03-14,CRISIL_GILT,1532.51,20230314
2023-03-14,CRISIL_LIQUID,2457.76,20230314
2023-03-14,NIFTY100,16284.55,20230314
2023-03-14,NIFTY50,24364.9,20230314
2023-03-14,NIFTY500,17889.73,20230314
2023-03-14,NIFTY_MIDCAP150,13833.31,20230314
2023-03-15,BSE_SMALLCAP,27143.73,20230315
2023-03-15,CRISIL_GILT,1527.57,20230315
2023-03-15,CRISIL_LIQUID,2458.6,20230315
2023-03-15,NIFTY100,16193.4,20230315
2023-03-15,NIFTY50,24298.41,20230315
2023-03-15,NIFTY500,17485.85,20230315
2023-03-15,NIFTY_MIDCAP150,13973.58,20230315
2023-03-16,BSE_SMALLCAP,27848.3,20230316
2023-03-16,CRISIL_GILT,1528.24,20230316
2023-03-16,CRISIL_LIQUID,2458.65,20230316
2023-03-16,NIFTY100,16022.88,20230316
2023-03-16,NIFTY50,24292.13,20230316
2023-03-16,NIFTY500,17584.52,20230316
2023-03-16,NIFTY_MIDCAP150,14354.96,20230316
2023-03-17,BSE_SMALLCAP,27529.04,20230317
2023-03-17,CRISIL_GILT,1531.9,20230317
2023-03-17,CRISIL_LIQUID,2458.96,20230317
2023-03-17,NIFTY100,16068.83,20230317
2023-03-17,NIFTY50,24367.8,20230317
2023-03-17,NIFTY500,17357.64,20230317
2023-03-17,NIFTY_MIDCAP150,14094.87,20230317
2023-03-20,BSE_SMALLCAP,27750.68,20230320
2023-03-20,CRISIL_GILT,1532.03,20230320
2023-03-20,CRISIL_LIQUID,2460.55,20230320
2023-03-20,NIFTY100,16273.47,20230320
2023-03-20,NIFTY50,24713.22,20230320
2023-03-20,NIFTY500,17531.06,20230320
2023-03-20,NIFTY_MIDCAP150,14340.02,20230320
2023-03-21,BSE_SMALLCAP,27744.49,20230321
2023-03-21,CRISIL_GILT,1533.04,20230321
2023-03-21,CRISIL_LIQUID,2460.7,20230321
2023-03-21,NIFTY100,16096.0,20230321
2023-03-21,NIFTY50,24466.13,20230321
2023-03-21,NIFTY500,17627.64,20230321
2023-03-21,NIFTY_MIDCAP150,14264.24,20230321
2023-03-22,BSE_SMALLCAP,28159.19,20230322
2023-03-22,CRISIL_GILT,1532.94,20230322
2023-03-22,CRISIL_LIQUID,2460.72,20230322
2023-03-22,NIFTY100,15993.54,20230322
2023-03-22,NIFTY50,24423.14,20230322
2023-03-22,NIFTY500,17867.64,20230322
2023-03-22,NIFTY_MIDCAP150,14387.77,20230322
2023-03-23,BSE_SMALLCAP,28183.23,20230323
2023-03-23,CRISIL_GILT,1537.34,20230323
2023-03-23,CRISIL_LIQUID,2460.7,20230323
2023-03-23,NIFTY100,15812.68,20230323
2023-03-23,NIFTY50,24543.24,20230323
2023-03-23,NIFTY500,17958.75,20230323
2023-03-23,NIFTY_MIDCAP150,14488.98,20230323
2023-03-24,BSE_SMALLCAP,29029.68,20230324
2023-03-24,CRISIL_GILT,1537.4,20230324
2023-03-24,CRISIL_LIQUID,2461.39,20230324
2023-03-24,NIFTY100,15741.89,20230324
2023-03-24,NIFTY50,24542.81,20230324
2023-03-24,NIFTY500,18024.23,20230324
2023-03-24,NIFTY_MIDCAP150,14732.68,20230324
2023-03-27,BSE_SMALLCAP,29086.31,20230327
2023-03-27,CRISIL_GILT,1535.14,20230327
2023-03-27,CRISIL_LIQUID,2462.19,20230327
2023-03-27,NIFTY100,15475.61,20230327
2023-03-27,NIFTY50,24579.47,20230327
2023-03-27,NIFTY500,17981.49,20230327
2023-03-27,NIFTY_MIDCAP150,14760.04,20230327
2023-03-28,BSE_SMALLCAP,29404.31,20230328
2023-03-28,CRISIL_GILT,1534.71,20230328
2023-03-28,CRISIL_LIQUID,2463.36,20230328
2023-03-28,NIFTY100,15621.75,20230328
2023-03-28,NIFTY50,24473.33,20230328
2023-03-28,NIFTY500,17717.55,20230328
2023-03-28,NIFTY_MIDCAP150,14640.29,20230328
2023-03-29,BSE_SMALLCAP,29343.92,20230329
2023-03-29,CRISIL_GILT,1529.11,20230329
2023-03-29,CRISIL_LIQUID,2463.43,20230329
2023-03-29,NIFTY100,15715.54,20230329
2023-03-29,NIFTY50,24651.04,20230329
2023-03-29,NIFTY500,18070.87,20230329
2023-03-29,NIFTY_MIDCAP150,14697.94,20230329
2023-03-30,BSE_SMALLCAP,29504.71,20230330
2023-03-30,CRISIL_GILT,1517.97,20230330
2023-03-30,CRISIL_LIQUID,2465.24,20230330
2023-03-30,NIFTY100,15746.73,20230330
2023-03-30,NIFTY50,24227.91,20230330
2023-03-30,NIFTY500,18003.17,20230330
2023-03-30,NIFTY_MIDCAP150,14999.15,20230330
2023-03-31,BSE_SMALLCAP,29276.56,20230331
2023-03-31,CRISIL_GILT,1515.24,20230331
2023-03-31,CRISIL_LIQUID,2466.27,20230331
2023-03-31,NIFTY100,15870.66,20230331
2023-03-31,NIFTY50,24043.2,20230331
2023-03-31,NIFTY500,18066.17,20230331
2023-03-31,NIFTY_MIDCAP150,15076.41,20230331
2023-04-03,BSE_SMALLCAP,29472.3,20230403
2023-04-03,CRISIL_GILT,1521.51,20230403
2023-04-03,CRISIL_LIQUID,2466.59,20230403
2023-04-03,NIFTY100,15988.63,20230403
2023-04-03,NIFTY50,24442.96,20230403
2023-04-03,NIFTY500,17944.73,20230403
2023-04-03,NIFTY_MIDCAP150,14996.61,20230403
2023-04-04,BSE_SMALLCAP,28701.76,20230404
2023-04-04,CRISIL_GILT,1525.85,20230404
2023-04-04,CRISIL_LIQUID,2467.87,20230404
2023-04-04,NIFTY100,15987.69,20230404
2023-04-04,NIFTY50,24209.74,20230404
2023-04-04,NIFTY500,17784.89,20230404
2023-04-04,NIFTY_MIDCAP150,14987.98,20230404
2023-04-05,BSE_SMALLCAP,28508.84,20230405
2023-04-05,CRISIL_GILT,1519.98,20230405
2023-04-05,CRISIL_LIQUID,2469.98,20230405
2023-04-05,NIFTY100,15819.59,20230405
2023-04-05,NIFTY50,24048.92,20230405
2023-04-05,NIFTY500,17803.41,20230405
2023-04-05,NIFTY_MIDCAP150,15048.48,20230405
2023-04-06,BSE_SMALLCAP,28257.51,20230406
2023-04-06,CRISIL_GILT,1516.4,20230406
2023-04-06,CRISIL_LIQUID,2471.0,20230406
2023-04-06,NIFTY100,15729.21,20230406
2023-04-06,NIFTY50,23905.67,20230406
2023-04-06,NIFTY500,17878.09,20230406
2023-04-06,NIFTY_MIDCAP150,15086.34,20230406
2023-04-07,BSE_SMALLCAP,29033.77,20230407
2023-04-07,CRISIL_GILT,1514.45,20230407
2023-04-07,CRISIL_LIQUID,2473.01,20230407
2023-04-07,NIFTY100,15725.39,20230407
2023-04-07,NIFTY50,23811.3,20230407
2023-04-07,NIFTY500,18166.72,20230407
2023-04-07,NIFTY_MIDCAP150,15100.72,20230407
2023-04-10,BSE_SMALLCAP,28763.73,20230410
2023-04-10,CRISIL_GILT,1514.16,20230410
2023-04-10,CRISIL_LIQUID,2472.86,20230410
2023-04-10,NIFTY100,15633.06,20230410
2023-04-10,NIFTY50,23818.88,20230410
2023-04-10,NIFTY500,18338.07,20230410
2023-04-10,NIFTY_MIDCAP150,15288.02,20230410
2023-04-11,BSE_SMALLCAP,28591.86,20230411
2023-04-11,CRISIL_GILT,1510.66,20230411
2023-04-11,CRISIL_LIQUID,2471.99,20230411
2023-04-11,NIFTY100,15863.48,20230411
2023-04-11,NIFTY50,24041.73,20230411
2023-04-11,NIFTY500,18393.09,20230411
2023-04-11,NIFTY_MIDCAP150,15661.74,20230411
2023-04-12,BSE_SMALLCAP,28311.79,20230412
2023-04-12,CRISIL_GILT,1508.77,20230412
2023-04-12,CRISIL_LIQUID,2473.05,20230412
2023-04-12,NIFTY100,15891.47,20230412
2023-04-12,NIFTY50,24147.4,20230412
2023-04-12,NIFTY500,18392.84,20230412
2023-04-12,NIFTY_MIDCAP150,15850.3,20230412
2023-04-13,BSE_SMALLCAP,28493.92,20230413
2023-04-13,CRISIL_GILT,1513.1,20230413
2023-04-13,CRISIL_LIQUID,2474.57,20230413
2023-04-13,NIFTY100,15912.48,20230413
2023-04-13,NIFTY50,24112.24,20230413
2023-04-13,NIFTY500,18458.35,20230413
2023-04-13,NIFTY_MIDCAP150,15981.76,20230413
2023-04-14,BSE_SMALLCAP,28383.3,20230414
2023-04-14,CRISIL_GILT,1509.72,20230414
2023-04-14,CRISIL_LIQUID,2474.17,20230414
2023-04-14,NIFTY100,16044.02,20230414
2023-04-14,NIFTY50,24471.76,20230414
2023-04-14,NIFTY500,18425.35,20230414
2023-04-14,NIFTY_MIDCAP150,16189.47,20230414
2023-04-17,BSE_SMALLCAP,28224.95,20230417
2023-04-17,CRISIL_GILT,1512.29,20230417
2023-04-17,CRISIL_LIQUID,2475.78,20230417
2023-04-17,NIFTY100,16088.1,20230417
2023-04-17,NIFTY50,24399.9,20230417
2023-04-17,NIFTY500,18477.02,20230417
2023-04-17,NIFTY_MIDCAP150,16328.14,20230417
2023-04-18,BSE_SMALLCAP,29094.78,20230418
2023-04-18,CRISIL_GILT,1515.63,20230418
2023-04-18,CRISIL_LIQUID,2476.08,20230418
2023-04-18,NIFTY100,16060.87,20230418
2023-04-18,NIFTY50,24423.04,20230418
2023-04-18,NIFTY500,18357.27,20230418
2023-04-18,NIFTY_MIDCAP150,16374.7,20230418
2023-04-19,BSE_SMALLCAP,29177.41,20230419
2023-04-19,CRISIL_GILT,1525.26,20230419
2023-04-19,CRISIL_LIQUID,2477.19,20230419
2023-04-19,NIFTY100,16268.97,20230419
2023-04-19,NIFTY50,24458.55,20230419
2023-04-19,NIFTY500,18277.22,20230419
2023-04-19,NIFTY_MIDCAP150,16287.04,20230419
2023-04-20,BSE_SMALLCAP,29473.93,20230420
2023-04-20,CRISIL_GILT,1523.05,20230420
2023-04-20,CRISIL_LIQUID,2478.04,20230420
2023-04-20,NIFTY100,16334.72,20230420
2023-04-20,NIFTY50,24640.52,20230420
2023-04-20,NIFTY500,18278.36,20230420
2023-04-20,NIFTY_MIDCAP150,16199.82,20230420
2023-04-21,BSE_SMALLCAP,29661.79,20230421
2023-04-21,CRISIL_GILT,1519.2,20230421
2023-04-21,CRISIL_LIQUID,2479.04,20230421
2023-04-21,NIFTY100,16276.53,20230421
2023-04-21,NIFTY50,24420.96,20230421
2023-04-21,NIFTY500,18340.05,20230421
2023-04-21,NIFTY_MIDCAP150,16217.05,20230421
2023-04-24,BSE_SMALLCAP,29339.61,20230424
2023-04-24,CRISIL_GILT,1513.06,20230424
2023-04-24,CRISIL_LIQUID,2480.12,20230424
2023-04-24,NIFTY100,16308.08,20230424
2023-04-24,NIFTY50,24228.6,20230424
2023-04-24,NIFTY500,18330.34,20230424
2023-04-24,NIFTY_MIDCAP150,16290.46,20230424
2023-04-25,BSE_SMALLCAP,29126.16,20230425
2023-04-25,CRISIL_GILT,1516.02,20230425
2023-04-25,CRISIL_LIQUID,2480.7,20230425
2023-04-25,NIFTY100,16245.2,20230425
2023-04-25,NIFTY50,24428.0,20230425
2023-04-25,NIFTY500,18371.06,20230425
2023-04-25,NIFTY_MIDCAP150,16521.95,20230425
2023-04-26,BSE_SMALLCAP,28697.68,20230426
2023-04-26,CRISIL_GILT,1518.09,20230426
2023-04-26,CRISIL_LIQUID,2481.0,20230426
2023-04-26,NIFTY100,16144.11,20230426
2023-04-26,NIFTY50,24799.47,20230426
2023-04-26,NIFTY500,18233.23,20230426
2023-04-26,NIFTY_MIDCAP150,16521.88,20230426
2023-04-27,BSE_SMALLCAP,28233.41,20230427
2023-04-27,CRISIL_GILT,1518.13,20230427
2023-04-27,CRISIL_LIQUID,2481.91,20230427
2023-04-27,NIFTY100,16256.61,20230427
2023-04-27,NIFTY50,24737.41,20230427
2023-04-27,NIFTY500,18050.43,20230427
2023-04-27,NIFTY_MIDCAP150,16476.46,20230427
2023-04-28,BSE_SMALLCAP,28267.09,20230428
2023-04-28,CRISIL_GILT,1519.8,20230428
2023-04-28,CRISIL_LIQUID,2482.33,20230428
2023-04-28,NIFTY100,16197.72,20230428
2023-04-28,NIFTY50,24494.8,20230428
2023-04-28,NIFTY500,18051.79,20230428
2023-04-28,NIFTY_MIDCAP150,16547.44,20230428
2023-05-01,BSE_SMALLCAP,28326.79,20230501
2023-05-01,CRISIL_GILT,1520.55,20230501
2023-05-01,CRISIL_LIQUID,2482.43,20230501
2023-05-01,NIFTY100,16103.92,20230501
2023-05-01,NIFTY50,24268.79,20230501
2023-05-01,NIFTY500,17794.45,20230501
2023-05-01,NIFTY_MIDCAP150,16648.14,20230501
2023-05-02,BSE_SMALLCAP,28296.73,20230502
2023-05-02,CRISIL_GILT,1519.42,20230502
2023-05-02,CRISIL_LIQUID,2483.32,20230502
2023-05-02,NIFTY100,16135.48,20230502
2023-05-02,NIFTY50,24487.26,20230502
2023-05-02,NIFTY500,17939.17,20230502
2023-05-02,NIFTY_MIDCAP150,16558.97,20230502
2023-05-03,BSE_SMALLCAP,28464.9,20230503
2023-05-03,CRISIL_GILT,1518.57,20230503
2023-05-03,CRISIL_LIQUID,2483.49,20230503
2023-05-03,NIFTY100,16282.42,20230503
2023-05-03,NIFTY50,24162.88,20230503
2023-05-03,NIFTY500,17732.14,20230503
2023-05-03,NIFTY_MIDCAP150,16444.41,20230503
2023-05-04,BSE_SMALLCAP,28419.55,20230504
2023-05-04,CRISIL_GILT,1518.63,20230504
2023-05-04,CRISIL_LIQUID,2483.98,20230504
2023-05-04,NIFTY100,16012.4,20230504
2023-05-04,NIFTY50,24187.03,20230504
2023-05-04,NIFTY500,17680.27,20230504
2023-05-04,NIFTY_MIDCAP150,16584.96,20230504
2023-05-05,BSE_SMALLCAP,28932.47,20230505
2023-05-05,CRISIL_GILT,1528.48,20230505
2023-05-05,CRISIL_LIQUID,2484.21,20230505
2023-05-05,NIFTY100,15925.28,20230505
2023-05-05,NIFTY50,24163.65,20230505
2023-05-05,NIFTY500,17768.06,20230505
2023-05-05,NIFTY_MIDCAP150,16581.98,20230505
2023-05-08,BSE_SMALLCAP,28753.15,20230508
2023-05-08,CRISIL_GILT,1532.43,20230508
2023-05-08,CRISIL_LIQUID,2486.07,20230508
2023-05-08,NIFTY100,15643.97,20230508
2023-05-08,NIFTY50,24041.81,20230508
2023-05-08,NIFTY500,17921.4,20230508
2023-05-08,NIFTY_MIDCAP150,16825.55,20230508
2023-05-09,BSE_SMALLCAP,29167.28,20230509
2023-05-09,CRISIL_GILT,1528.37,20230509
2023-05-09,CRISIL_LIQUID,2486.79,20230509
2023-05-09,NIFTY100,15223.57,20230509
2023-05-09,NIFTY50,23884.78,20230509
2023-05-09,NIFTY500,18032.47,20230509
2023-05-09,NIFTY_MIDCAP150,16899.12,20230509
2023-05-10,BSE_SMALLCAP,29495.28,20230510
2023-05-10,CRISIL_GILT,1530.34,20230510
2023-05-10,CRISIL_LIQUID,2486.19,20230510
2023-05-10,NIFTY100,15236.78,20230510
2023-05-10,NIFTY50,24032.77,20230510
2023-05-10,NIFTY500,18119.14,20230510
2023-05-10,NIFTY_MIDCAP150,16905.96,20230510
2023-05-11,BSE_SMALLCAP,28486.5,20230511
2023-05-11,CRISIL_GILT,1530.75,20230511
2023-05-11,CRISIL_LIQUID,2487.81,20230511
2023-05-11,NIFTY100,15080.39,20230511
2023-05-11,NIFTY50,24197.78,20230511
2023-05-11,NIFTY500,18544.46,20230511
2023-05-11,NIFTY_MIDCAP150,16701.72,20230511
2023-05-12,BSE_SMALLCAP,27916.81,20230512
2023-05-12,CRISIL_GILT,1538.17,20230512
2023-05-12,CRISIL_LIQUID,2487.03,20230512
2023-05-12,NIFTY100,15182.46,20230512
2023-05-12,NIFTY50,24441.85,20230512
2023-05-12,NIFTY500,18382.47,20230512
2023-05-12,NIFTY_MIDCAP150,16723.65,20230512
2023-05-15,BSE_SMALLCAP,27276.83,20230515
2023-05-15,CRISIL_GILT,1543.5,20230515
2023-05-15,CRISIL_LIQUID,2489.35,20230515
2023-05-15,NIFTY100,15041.07,20230515
2023-05-15,NIFTY50,24550.67,20230515
2023-05-15,NIFTY500,18442.89,20230515
2023-05-15,NIFTY_MIDCAP150,16558.53,20230515
2023-05-16,BSE_SMALLCAP,27410.84,20230516
2023-05-16,CRISIL_GILT,1543.55,20230516
2023-05-16,CRISIL_LIQUID,2490.02,20230516
2023-05-16,NIFTY100,15120.8,20230516
2023-05-16,NIFTY50,24563.89,20230516
2023-05-16,NIFTY500,18555.7,20230516
2023-05-16,NIFTY_MIDCAP150,16339.42,20230516
2023-05-17,BSE_SMALLCAP,27020.31,20230517
2023-05-17,CRISIL_GILT,1543.88,20230517
2023-05-17,CRISIL_LIQUID,2490.18,20230517
2023-05-17,NIFTY100,15163.88,20230517
2023-05-17,NIFTY50,24608.47,20230517
2023-05-17,NIFTY500,18623.76,20230517
2023-05-17,NIFTY_MIDCAP150,16641.91,20230517
2023-05-18,BSE_SMALLCAP,27433.6,20230518
2023-05-18,CRISIL_GILT,1539.9,20230518
2023-05-18,CRISIL_LIQUID,2490.53,20230518
2023-05-18,NIFTY100,15055.37,20230518
2023-05-18,NIFTY50,24820.77,20230518
2023-05-18,NIFTY500,18557.21,20230518
2023-05-18,NIFTY_MIDCAP150,16570.47,20230518
2023-05-19,BSE_SMALLCAP,27040.02,20230519
2023-05-19,CRISIL_GILT,1542.89,20230519
2023-05-19,CRISIL_LIQUID,2489.93,20230519
2023-05-19,NIFTY100,15000.54,20230519
2023-05-19,NIFTY50,24487.77,20230519
2023-05-19,NIFTY500,18656.24,20230519
2023-05-19,NIFTY_MIDCAP150,16759.27,20230519
2023-05-22,BSE_SMALLCAP,27125.66,20230522
2023-05-22,CRISIL_GILT,1547.79,20230522
2023-05-22,CRISIL_LIQUID,2490.49,20230522
2023-05-22,NIFTY100,15029.03,20230522
2023-05-22,NIFTY50,24588.67,20230522
2023-05-22,NIFTY500,18744.23,20230522
2023-05-22,NIFTY_MIDCAP150,16570.19,20230522
2023-05-23,BSE_SMALLCAP,26766.34,20230523
2023-05-23,CRISIL_GILT,1548.71,20230523
2023-05-23,CRISIL_LIQUID,2490.78,20230523
2023-05-23,NIFTY100,15101.64,20230523
2023-05-23,NIFTY50,24484.16,20230523
2023-05-23,NIFTY500,18960.84,20230523
2023-05-23,NIFTY_MIDCAP150,16457.12,20230523
2023-05-24,BSE_SMALLCAP,26998.58,20230524
2023-05-24,CRISIL_GILT,1550.18,20230524
2023-05-24,CRISIL_LIQUID,2491.37,20230524
2023-05-24,NIFTY100,15278.47,20230524
2023-05-24,NIFTY50,24571.39,20230524
2023-05-24,NIFTY500,19049.97,20230524
2023-05-24,NIFTY_MIDCAP150,16328.21,20230524
2023-05-25,BSE_SMALLCAP,26898.61,20230525
2023-05-25,CRISIL_GILT,1549.35,20230525
2023-05-25,CRISIL_LIQUID,2492.72,20230525
2023-05-25,NIFTY100,15312.62,20230525
2023-05-25,NIFTY50,24376.5,20230525
2023-05-25,NIFTY500,18743.08,20230525
2023-05-25,NIFTY_MIDCAP150,16475.63,20230525
2023-05-26,BSE_SMALLCAP,26749.94,20230526
2023-05-26,CRISIL_GILT,1553.24,20230526
2023-05-26,CRISIL_LIQUID,2493.6,20230526
2023-05-26,NIFTY100,15314.19,20230526
2023-05-26,NIFTY50,24558.48,20230526
2023-05-26,NIFTY500,18883.72,20230526
2023-05-26,NIFTY_MIDCAP150,16579.37,20230526
2023-05-29,BSE_SMALLCAP,26515.15,20230529
2023-05-29,CRISIL_GILT,1548.44,20230529
2023-05-29,CRISIL_LIQUID,2493.34,20230529
2023-05-29,NIFTY100,15324.41,20230529
2023-05-29,NIFTY50,24688.69,20230529
2023-05-29,NIFTY500,18826.7,20230529
2023-05-29,NIFTY_MIDCAP150,16352.23,20230529
2023-05-30,BSE_SMALLCAP,26129.72,20230530
2023-05-30,CRISIL_GILT,1544.53,20230530
2023-05-30,CRISIL_LIQUID,2493.2,20230530
2023-05-30,NIFTY100,15299.69,20230530
2023-05-30,NIFTY50,24558.17,20230530
2023-05-30,NIFTY500,18804.84,20230530
2023-05-30,NIFTY_MIDCAP150,16111.41,20230530
2023-05-31,BSE_SMALLCAP,26279.51,20230531
2023-05-31,CRISIL_GILT,1548.59,20230531
2023-05-31,CRISIL_LIQUID,2494.05,20230531
2023-05-31,NIFTY100,15248.41,20230531
2023-05-31,NIFTY50,24476.07,20230531
2023-05-31,NIFTY500,18625.78,20230531
2023-05-31,NIFTY_MIDCAP150,16219.35,20230531
2023-06-01,BSE_SMALLCAP,26051.42,20230601
2023-06-01,CRISIL_GILT,1543.54,20230601
2023-06-01,CRISIL_LIQUID,2495.07,20230601
2023-06-01,NIFTY100,15139.5,20230601
2023-06-01,NIFTY50,24375.89,20230601
2023-06-01,NIFTY500,18657.82,20230601
2023-06-01,NIFTY_MIDCAP150,16481.87,20230601
2023-06-02,BSE_SMALLCAP,26949.53,20230602
2023-06-02,CRISIL_GILT,1541.51,20230602
2023-06-02,CRISIL_LIQUID,2495.66,20230602
2023-06-02,NIFTY100,15194.66,20230602
2023-06-02,NIFTY50,24398.93,20230602
2023-06-02,NIFTY500,18995.28,20230602
2023-06-02,NIFTY_MIDCAP150,16739.23,20230602
2023-06-05,BSE_SMALLCAP,27569.9,20230605
2023-06-05,CRISIL_GILT,1540.87,20230605
2023-06-05,CRISIL_LIQUID,2496.74,20230605
2023-06-05,NIFTY100,15097.48,20230605
2023-06-05,NIFTY50,24819.7,20230605
2023-06-05,NIFTY500,19184.76,20230605
2023-06-05,NIFTY_MIDCAP150,16612.56,20230605
2023-06-06,BSE_SMALLCAP,27487.27,20230606
2023-06-06,CRISIL_GILT,1543.14,20230606
2023-06-06,CRISIL_LIQUID,2497.5,20230606
2023-06-06,NIFTY100,15125.97,20230606
2023-06-06,NIFTY50,24464.63,20230606
2023-06-06,NIFTY500,18995.14,20230606
2023-06-06,NIFTY_MIDCAP150,16551.2,20230606
2023-06-07,BSE_SMALLCAP,27350.33,20230607
2023-06-07,CRISIL_GILT,1544.18,20230607
2023-06-07,CRISIL_LIQUID,2498.28,20230607
2023-06-07,NIFTY100,15128.86,20230607
2023-06-07,NIFTY50,24541.65,20230607
2023-06-07,NIFTY500,18971.5,20230607
2023-06-07,NIFTY_MIDCAP150,16660.56,20230607
2023-06-08,BSE_SMALLCAP,27296.16,20230608
2023-06-08,CRISIL_GILT,1532.69,20230608
2023-06-08,CRISIL_LIQUID,2499.58,20230608
2023-06-08,NIFTY100,15215.84,20230608
2023-06-08,NIFTY50,24640.11,20230608
2023-06-08,NIFTY500,19150.9,20230608
2023-06-08,NIFTY_MIDCAP150,16784.15,20230608
2023-06-09,BSE_SMALLCAP,27889.4,20230609
2023-06-09,CRISIL_GILT,1535.38,20230609
2023-06-09,CRISIL_LIQUID,2501.74,20230609
2023-06-09,NIFTY100,15252.62,20230609
2023-06-09,NIFTY50,24544.89,20230609
2023-06-09,NIFTY500,19130.51,20230609
2023-06-09,NIFTY_MIDCAP150,16842.56,20230609
2023-06-12,BSE_SMALLCAP,28734.98,20230612
2023-06-12,CRISIL_GILT,1534.96,20230612
2023-06-12,CRISIL_LIQUID,2502.62,20230612
2023-06-12,NIFTY100,15163.26,20230612
2023-06-12,NIFTY50,24222.32,20230612
2023-06-12,NIFTY500,18797.92,20230612
2023-06-12,NIFTY_MIDCAP150,16783.89,20230612
2023-06-13,BSE_SMALLCAP,27982.17,20230613
2023-06-13,CRISIL_GILT,1539.53,20230613
2023-06-13,CRISIL_LIQUID,2505.7,20230613
2023-06-13,NIFTY100,15033.28,20230613
2023-06-13,NIFTY50,24194.0,20230613
2023-06-13,NIFTY500,18717.26,20230613
2023-06-13,NIFTY_MIDCAP150,16885.31,20230613
2023-06-14,BSE_SMALLCAP,28525.82,20230614
2023-06-14,CRISIL_GILT,1536.21,20230614
2023-06-14,CRISIL_LIQUID,2506.46,20230614
2023-06-14,NIFTY100,15168.87,20230614
2023-06-14,NIFTY50,23965.37,20230614
2023-06-14,NIFTY500,18956.31,20230614
2023-06-14,NIFTY_MIDCAP150,16927.5,20230614
2023-06-15,BSE_SMALLCAP,28432.07,20230615
2023-06-15,CRISIL_GILT,1542.77,20230615
2023-06-15,CRISIL_LIQUID,2507.21,20230615
2023-06-15,NIFTY100,15123.84,20230615
2023-06-15,NIFTY50,24086.29,20230615
2023-06-15,NIFTY500,19219.86,20230615
2023-06-15,NIFTY_MIDCAP150,16976.93,20230615
2023-06-16,BSE_SMALLCAP,28129.75,20230616
2023-06-16,CRISIL_GILT,1538.64,20230616
2023-06-16,CRISIL_LIQUID,2509.4,20230616
2023-06-16,NIFTY100,15305.19,20230616
2023-06-16,NIFTY50,23826.58,20230616
2023-06-16,NIFTY500,19199.84,20230616
2023-06-16,NIFTY_MIDCAP150,17160.64,20230616
2023-06-19,BSE_SMALLCAP,28589.56,20230619
2023-06-19,CRISIL_GILT,1537.29,20230619
2023-06-19,CRISIL_LIQUID,2509.92,20230619
2023-06-19,NIFTY100,14987.25,20230619
2023-06-19,NIFTY50,23828.16,20230619
2023-06-19,NIFTY500,19163.3,20230619
2023-06-19,NIFTY_MIDCAP150,17389.48,20230619
2023-06-20,BSE_SMALLCAP,28642.34,20230620
2023-06-20,CRISIL_GILT,1542.62,20230620
2023-06-20,CRISIL_LIQUID,2509.13,20230620
2023-06-20,NIFTY100,15016.65,20230620
2023-06-20,NIFTY50,23689.49,20230620
2023-06-20,NIFTY500,18789.13,20230620
2023-06-20,NIFTY_MIDCAP150,17469.49,20230620
2023-06-21,BSE_SMALLCAP,29211.43,20230621
2023-06-21,CRISIL_GILT,1551.85,20230621
2023-06-21,CRISIL_LIQUID,2508.91,20230621
2023-06-21,NIFTY100,15129.44,20230621
2023-06-21,NIFTY50,23918.57,20230621
2023-06-21,NIFTY500,18782.91,20230621
2023-06-21,NIFTY_MIDCAP150,17539.37,20230621
2023-06-22,BSE_SMALLCAP,29620.48,20230622
2023-06-22,CRISIL_GILT,1547.71,20230622
2023-06-22,CRISIL_LIQUID,2510.28,20230622
2023-06-22,NIFTY100,15147.46,20230622
2023-06-22,NIFTY50,24239.58,20230622
2023-06-22,NIFTY500,18698.21,20230622
2023-06-22,NIFTY_MIDCAP150,17519.45,20230622
2023-06-23,BSE_SMALLCAP,29778.37,20230623
2023-06-23,CRISIL_GILT,1557.91,20230623
2023-06-23,CRISIL_LIQUID,2511.31,20230623
2023-06-23,NIFTY100,15181.01,20230623
2023-06-23,NIFTY50,24179.92,20230623
2023-06-23,NIFTY500,18398.04,20230623
2023-06-23,NIFTY_MIDCAP150,17556.8,20230623
2023-06-26,BSE_SMALLCAP,30477.38,20230626
2023-06-26,CRISIL_GILT,1549.04,20230626
2023-06-26,CRISIL_LIQUID,2511.22,20230626
2023-06-26,NIFTY100,15259.57,20230626
2023-06-26,NIFTY50,23984.1,20230626
2023-06-26,NIFTY500,18253.41,20230626
2023-06-26,NIFTY_MIDCAP150,17719.87,20230626
2023-06-27,BSE_SMALLCAP,30434.97,20230627
2023-06-27,CRISIL_GILT,1552.44,20230627
2023-06-27,CRISIL_LIQUID,2510.32,20230627
2023-06-27,NIFTY100,15370.58,20230627
2023-06-27,NIFTY50,24326.44,20230627
2023-06-27,NIFTY500,18052.96,20230627
2023-06-27,NIFTY_MIDCAP150,17830.77,20230627
2023-06-28,BSE_SMALLCAP,29997.23,20230628
2023-06-28,CRISIL_GILT,1559.79,20230628
2023-06-28,CRISIL_LIQUID,2510.67,20230628
2023-06-28,NIFTY100,15454.09,20230628
2023-06-28,NIFTY50,24310.87,20230628
2023-06-28,NIFTY500,18071.51,20230628
2023-06-28,NIFTY_MIDCAP150,17732.67,20230628
2023-06-29,BSE_SMALLCAP,30827.26,20230629
2023-06-29,CRISIL_GILT,1556.18,20230629
2023-06-29,CRISIL_LIQUID,2512.26,20230629
2023-06-29,NIFTY100,15617.82,20230629
2023-06-29,NIFTY50,24385.1,20230629
2023-06-29,NIFTY500,18329.83,20230629
2023-06-29,NIFTY_MIDCAP150,17624.46,20230629
2023-06-30,BSE_SMALLCAP,30748.14,20230630
2023-06-30,CRISIL_GILT,1561.45,20230630
2023-06-30,CRISIL_LIQUID,2512.82,20230630
2023-06-30,NIFTY100,15564.88,20230630
2023-06-30,NIFTY50,24372.49,20230630
2023-06-30,NIFTY500,18314.63,20230630
2023-06-30,NIFTY_MIDCAP150,17510.71,20230630
2023-07-03,BSE_SMALLCAP,30844.17,20230703
2023-07-03,CRISIL_GILT,1559.89,20230703
2023-07-03,CRISIL_LIQUID,2513.19,20230703
2023-07-03,NIFTY100,15786.83,20230703
2023-07-03,NIFTY50,24343.08,20230703
2023-07-03,NIFTY500,18366.38,20230703
2023-07-03,NIFTY_MIDCAP150,17751.6,20230703
2023-07-04,BSE_SMALLCAP,30626.53,20230704
2023-07-04,CRISIL_GILT,1557.39,20230704
2023-07-04,CRISIL_LIQUID,2512.97,20230704
2023-07-04,NIFTY100,15661.22,20230704
2023-07-04,NIFTY50,24256.57,20230704
2023-07-04,NIFTY500,18779.31,20230704
2023-07-04,NIFTY_MIDCAP150,17431.64,20230704
2023-07-05,BSE_SMALLCAP,30691.23,20230705
2023-07-05,CRISIL_GILT,1552.52,20230705
2023-07-05,CRISIL_LIQUID,2513.36,20230705
2023-07-05,NIFTY100,15792.09,20230705
2023-07-05,NIFTY50,23895.6,20230705
2023-07-05,NIFTY500,18475.99,20230705
2023-07-05,NIFTY_MIDCAP150,17176.68,20230705
2023-07-06,BSE_SMALLCAP,30849.58,20230706
2023-07-06,CRISIL_GILT,1552.66,20230706
2023-07-06,CRISIL_LIQUID,2514.43,20230706
2023-07-06,NIFTY100,15850.73,20230706
2023-07-06,NIFTY50,24255.54,20230706
2023-07-06,NIFTY500,18516.81,20230706
2023-07-06,NIFTY_MIDCAP150,17068.19,20230706
2023-07-07,BSE_SMALLCAP,30399.48,20230707
2023-07-07,CRISIL_GILT,1553.66,20230707
2023-07-07,CRISIL_LIQUID,2514.93,20230707
2023-07-07,NIFTY100,16152.01,20230707
2023-07-07,NIFTY50,24306.47,20230707
2023-07-07,NIFTY500,18714.29,20230707
2023-07-07,NIFTY_MIDCAP150,17225.63,20230707
2023-07-10,BSE_SMALLCAP,29965.02,20230710
2023-07-10,CRISIL_GILT,1549.43,20230710
2023-07-10,CRISIL_LIQUID,2515.44,20230710
2023-07-10,NIFTY100,16199.27,20230710
2023-07-10,NIFTY50,24301.82,20230710
2023-07-10,NIFTY500,18775.65,20230710
2023-07-10,NIFTY_MIDCAP150,17184.39,20230710
2023-07-11,BSE_SMALLCAP,29621.69,20230711
2023-07-11,CRISIL_GILT,1555.45,20230711
2023-07-11,CRISIL_LIQUID,2516.98,20230711
2023-07-11,NIFTY100,16298.43,20230711
2023-07-11,NIFTY50,24498.9,20230711
2023-07-11,NIFTY500,18517.78,20230711
2023-07-11,NIFTY_MIDCAP150,17034.86,20230711
2023-07-12,BSE_SMALLCAP,29590.55,20230712
2023-07-12,CRISIL_GILT,1553.51,20230712
2023-07-12,CRISIL_LIQUID,2517.01,20230712
2023-07-12,NIFTY100,16086.96,20230712
2023-07-12,NIFTY50,24398.52,20230712
2023-07-12,NIFTY500,18845.17,20230712
2023-07-12,NIFTY_MIDCAP150,17114.42,20230712
2023-07-13,BSE_SMALLCAP,29790.0,20230713
2023-07-13,CRISIL_GILT,1553.81,20230713
2023-07-13,CRISIL_LIQUID,2518.03,20230713
2023-07-13,NIFTY100,16207.62,20230713
2023-07-13,NIFTY50,24484.15,20230713
2023-07-13,NIFTY500,18994.93,20230713
2023-07-13,NIFTY_MIDCAP150,17204.4,20230713
2023-07-14,BSE_SMALLCAP,30351.62,20230714
2023-07-14,CRISIL_GILT,1555.16,20230714
2023-07-14,CRISIL_LIQUID,2518.56,20230714
2023-07-14,NIFTY100,16252.81,20230714
2023-07-14,NIFTY50,24341.92,20230714
2023-07-14,NIFTY500,19049.8,20230714
2023-07-14,NIFTY_MIDCAP150,17369.57,20230714
2023-07-17,BSE_SMALLCAP,31422.38,20230717
2023-07-17,CRISIL_GILT,1567.39,20230717
2023-07-17,CRISIL_LIQUID,2520.51,20230717
2023-07-17,NIFTY100,16358.91,20230717
2023-07-17,NIFTY50,24284.8,20230717
2023-07-17,NIFTY500,18828.77,20230717
2023-07-17,NIFTY_MIDCAP150,17651.35,20230717
2023-07-18,BSE_SMALLCAP,31523.16,20230718
2023-07-18,CRISIL_GILT,1572.91,20230718
2023-07-18,CRISIL_LIQUID,2521.85,20230718
2023-07-18,NIFTY100,16239.48,20230718
2023-07-18,NIFTY50,24412.93,20230718
2023-07-18,NIFTY500,19223.01,20230718
2023-07-18,NIFTY_MIDCAP150,17910.93,20230718
2023-07-19,BSE_SMALLCAP,31349.07,20230719
2023-07-19,CRISIL_GILT,1576.6,20230719
2023-07-19,CRISIL_LIQUID,2523.56,20230719
2023-07-19,NIFTY100,16180.98,20230719
2023-07-19,NIFTY50,24479.6,20230719
2023-07-19,NIFTY500,19332.71,20230719
2023-07-19,NIFTY_MIDCAP150,18035.51,20230719
2023-07-20,BSE_SMALLCAP,30353.51,20230720
2023-07-20,CRISIL_GILT,1575.3,20230720
2023-07-20,CRISIL_LIQUID,2524.7,20230720
2023-07-20,NIFTY100,16212.76,20230720
2023-07-20,NIFTY50,24425.95,20230720
2023-07-20,NIFTY500,19418.9,20230720
2023-07-20,NIFTY_MIDCAP150,18029.75,20230720
2023-07-21,BSE_SMALLCAP,30484.41,20230721
2023-07-21,CRISIL_GILT,1577.23,20230721
2023-07-21,CRISIL_LIQUID,2524.96,20230721
2023-07-21,NIFTY100,16211.03,20230721
2023-07-21,NIFTY50,24584.3,20230721
2023-07-21,NIFTY500,19529.52,20230721
2023-07-21,NIFTY_MIDCAP150,18129.54,20230721
2023-07-24,BSE_SMALLCAP,30434.28,20230724
2023-07-24,CRISIL_GILT,1579.58,20230724
2023-07-24,CRISIL_LIQUID,2526.74,20230724
2023-07-24,NIFTY100,16255.01,20230724
2023-07-24,NIFTY50,24439.96,20230724
2023-07-24,NIFTY500,19705.39,20230724
2023-07-24,NIFTY_MIDCAP150,18056.95,20230724
2023-07-25,BSE_SMALLCAP,30305.69,20230725
2023-07-25,CRISIL_GILT,1579.91,20230725
2023-07-25,CRISIL_LIQUID,2527.68,20230725
2023-07-25,NIFTY100,16284.8,20230725
2023-07-25,NIFTY50,24269.21,20230725
2023-07-25,NIFTY500,19735.41,20230725
2023-07-25,NIFTY_MIDCAP150,18251.89,20230725
2023-07-26,BSE_SMALLCAP,30052.41,20230726
2023-07-26,CRISIL_GILT,1584.18,20230726
2023-07-26,CRISIL_LIQUID,2528.51,20230726
2023-07-26,NIFTY100,16226.47,20230726
2023-07-26,NIFTY50,24190.93,20230726
2023-07-26,NIFTY500,19725.06,20230726
2023-07-26,NIFTY_MIDCAP150,18160.92,20230726
2023-07-27,BSE_SMALLCAP,29814.18,20230727
2023-07-27,CRISIL_GILT,1597.19,20230727
2023-07-27,CRISIL_LIQUID,2528.53,20230727
2023-07-27,NIFTY100,16202.45,20230727
2023-07-27,NIFTY50,24156.83,20230727
2023-07-27,NIFTY500,19348.82,20230727
2023-07-27,NIFTY_MIDCAP150,18017.07,20230727
2023-07-28,BSE_SMALLCAP,29971.67,20230728
2023-07-28,CRISIL_GILT,1593.18,20230728
2023-07-28,CRISIL_LIQUID,2529.77,20230728
2023-07-28,NIFTY100,16111.33,20230728
2023-07-28,NIFTY50,24102.63,20230728
2023-07-28,NIFTY500,19225.23,20230728
2023-07-28,NIFTY_MIDCAP150,18223.83,20230728
2023-07-31,BSE_SMALLCAP,30261.21,20230731
2023-07-31,CRISIL_GILT,1595.3,20230731
2023-07-31,CRISIL_LIQUID,2530.08,20230731
2023-07-31,NIFTY100,16487.1,20230731
2023-07-31,NIFTY50,24029.95,20230731
2023-07-31,NIFTY500,19574.09,20230731
2023-07-31,NIFTY_MIDCAP150,17939.84,20230731
2023-08-01,BSE_SMALLCAP,30271.81,20230801
2023-08-01,CRISIL_GILT,1597.33,20230801
2023-08-01,CRISIL_LIQUID,2530.31,20230801
2023-08-01,NIFTY100,16540.9,20230801
2023-08-01,NIFTY50,24219.97,20230801
2023-08-01,NIFTY500,19441.28,20230801
2023-08-01,NIFTY_MIDCAP150,17829.97,20230801
2023-08-02,BSE_SMALLCAP,30625.64,20230802
2023-08-02,CRISIL_GILT,1596.83,20230802
2023-08-02,CRISIL_LIQUID,2531.21,20230802
2023-08-02,NIFTY100,16788.5,20230802
2023-08-02,NIFTY50,24531.73,20230802
2023-08-02,NIFTY500,19400.44,20230802
2023-08-02,NIFTY_MIDCAP150,17963.2,20230802
2023-08-03,BSE_SMALLCAP,31199.01,20230803
2023-08-03,CRISIL_GILT,1594.59,20230803
2023-08-03,CRISIL_LIQUID,2531.37,20230803
2023-08-03,NIFTY100,16654.0,20230803
2023-08-03,NIFTY50,24517.19,20230803
2023-08-03,NIFTY500,19214.1,20230803
2023-08-03,NIFTY_MIDCAP150,17957.03,20230803
2023-08-04,BSE_SMALLCAP,31181.08,20230804
2023-08-04,CRISIL_GILT,1592.15,20230804
2023-08-04,CRISIL_LIQUID,2531.41,20230804
2023-08-04,NIFTY100,16649.87,20230804
2023-08-04,NIFTY50,24648.05,20230804
2023-08-04,NIFTY500,19310.62,20230804
2023-08-04,NIFTY_MIDCAP150,17942.46,20230804
2023-08-07,BSE_SMALLCAP,31736.8,20230807
2023-08-07,CRISIL_GILT,1601.63,20230807
2023-08-07,CRISIL_LIQUID,2531.32,20230807
2023-08-07,NIFTY100,16597.05,20230807
2023-08-07,NIFTY50,24511.78,20230807
2023-08-07,NIFTY500,19277.01,20230807
2023-08-07,NIFTY_MIDCAP150,17741.25,20230807
2023-08-08,BSE_SMALLCAP,31343.06,20230808
2023-08-08,CRISIL_GILT,1602.73,20230808
2023-08-08,CRISIL_LIQUID,2532.79,20230808
2023-08-08,NIFTY100,16658.89,20230808
2023-08-08,NIFTY50,24504.44,20230808
2023-08-08,NIFTY500,19237.46,20230808
2023-08-08,NIFTY_MIDCAP150,17558.18,20230808
2023-08-09,BSE_SMALLCAP,31491.68,20230809
2023-08-09,CRISIL_GILT,1607.28,20230809
2023-08-09,CRISIL_LIQUID,2534.59,20230809
2023-08-09,NIFTY100,16694.71,20230809
2023-08-09,NIFTY50,24609.34,20230809
2023-08-09,NIFTY500,19111.96,20230809
2023-08-09,NIFTY_MIDCAP150,17533.05,20230809
2023-08-10,BSE_SMALLCAP,31347.35,20230810
2023-08-10,CRISIL_GILT,1606.61,20230810
2023-08-10,CRISIL_LIQUID,2536.77,20230810
2023-08-10,NIFTY100,16547.88,20230810
2023-08-10,NIFTY50,24452.05,20230810
2023-08-10,NIFTY500,19192.32,20230810
2023-08-10,NIFTY_MIDCAP150,17247.91,20230810
2023-08-11,BSE_SMALLCAP,31584.09,20230811
2023-08-11,CRISIL_GILT,1608.82,20230811
2023-08-11,CRISIL_LIQUID,2538.17,20230811
2023-08-11,NIFTY100,16620.41,20230811
2023-08-11,NIFTY50,24614.4,20230811
2023-08-11,NIFTY500,19453.1,20230811
2023-08-11,NIFTY_MIDCAP150,17257.03,20230811
2023-08-14,BSE_SMALLCAP,30676.35,20230814
2023-08-14,CRISIL_GILT,1611.38,20230814
2023-08-14,CRISIL_LIQUID,2536.98,20230814
2023-08-14,NIFTY100,16664.8,20230814
2023-08-14,NIFTY50,24479.93,20230814
2023-08-14,NIFTY500,19174.79,20230814
2023-08-14,NIFTY_MIDCAP150,17491.93,20230814
2023-08-15,BSE_SMALLCAP,31203.05,20230815
2023-08-15,CRISIL_GILT,1610.87,20230815
2023-08-15,CRISIL_LIQUID,2537.89,20230815
2023-08-15,NIFTY100,16713.0,20230815
2023-08-15,NIFTY50,24697.29,20230815
2023-08-15,NIFTY500,19133.4,20230815
2023-08-15,NIFTY_MIDCAP150,17712.29,20230815
2023-08-16,BSE_SMALLCAP,31204.5,20230816
2023-08-16,CRISIL_GILT,1612.4,20230816
2023-08-16,CRISIL_LIQUID,2538.34,20230816
2023-08-16,NIFTY100,16879.5,20230816
2023-08-16,NIFTY50,24881.56,20230816
2023-08-16,NIFTY500,19115.91,20230816
2023-08-16,NIFTY_MIDCAP150,17831.05,20230816
2023-08-17,BSE_SMALLCAP,31415.25,20230817
2023-08-17,CRISIL_GILT,1618.09,20230817
2023-08-17,CRISIL_LIQUID,2540.91,20230817
2023-08-17,NIFTY100,17019.12,20230817
2023-08-17,NIFTY50,25121.88,20230817
2023-08-17,NIFTY500,18997.39,20230817
2023-08-17,NIFTY_MIDCAP150,17881.18,20230817
2023-08-18,BSE_SMALLCAP,31097.04,20230818
2023-08-18,CRISIL_GILT,1614.02,20230818
2023-08-18,CRISIL_LIQUID,2541.88,20230818
2023-08-18,NIFTY100,17255.36,20230818
2023-08-18,NIFTY50,25345.46,20230818
2023-08-18,NIFTY500,19202.08,20230818
2023-08-18,NIFTY_MIDCAP150,17875.8,20230818
2023-08-21,BSE_SMALLCAP,31847.62,20230821
2023-08-21,CRISIL_GILT,1615.4,20230821
2023-08-21,CRISIL_LIQUID,2541.87,20230821
2023-08-21,NIFTY100,17311.56,20230821
2023-08-21,NIFTY50,25762.06,20230821
2023-08-21,NIFTY500,19411.13,20230821
2023-08-21,NIFTY_MIDCAP150,17898.6,20230821
2023-08-22,BSE_SMALLCAP,32022.95,20230822
2023-08-22,CRISIL_GILT,1618.19,20230822
2023-08-22,CRISIL_LIQUID,2541.95,20230822
2023-08-22,NIFTY100,17449.92,20230822
2023-08-22,NIFTY50,25881.66,20230822
2023-08-22,NIFTY500,19460.5,20230822
2023-08-22,NIFTY_MIDCAP150,17738.34,20230822
2023-08-23,BSE_SMALLCAP,31877.62,20230823
2023-08-23,CRISIL_GILT,1621.91,20230823
2023-08-23,CRISIL_LIQUID,2541.2,20230823
2023-08-23,NIFTY100,17431.04,20230823
2023-08-23,NIFTY50,25589.02,20230823
2023-08-23,NIFTY500,19354.35,20230823
2023-08-23,NIFTY_MIDCAP150,17636.21,20230823
2023-08-24,BSE_SMALLCAP,30986.61,20230824
2023-08-24,CRISIL_GILT,1626.3,20230824
2023-08-24,CRISIL_LIQUID,2541.8,20230824
2023-08-24,NIFTY100,17466.78,20230824
2023-08-24,NIFTY50,25628.24,20230824
2023-08-24,NIFTY500,19561.35,20230824
2023-08-24,NIFTY_MIDCAP150,17348.68,20230824
2023-08-25,BSE_SMALLCAP,30859.64,20230825
2023-08-25,CRISIL_GILT,1629.74,20230825
2023-08-25,CRISIL_LIQUID,2541.2,20230825
2023-08-25,NIFTY100,17558.45,20230825
2023-08-25,NIFTY50,25544.53,20230825
2023-08-25,NIFTY500,19520.59,20230825
2023-08-25,NIFTY_MIDCAP150,17526.24,20230825
2023-08-28,BSE_SMALLCAP,29904.82,20230828
2023-08-28,CRISIL_GILT,1635.12,20230828
2023-08-28,CRISIL_LIQUID,2540.24,20230828
2023-08-28,NIFTY100,17495.85,20230828
2023-08-28,NIFTY50,25272.65,20230828
2023-08-28,NIFTY500,19699.94,20230828
2023-08-28,NIFTY_MIDCAP150,17516.73,20230828
2023-08-29,BSE_SMALLCAP,29979.19,20230829
2023-08-29,CRISIL_GILT,1633.92,20230829
2023-08-29,CRISIL_LIQUID,2540.15,20230829
2023-08-29,NIFTY100,17513.03,20230829
2023-08-29,NIFTY50,25550.86,20230829
2023-08-29,NIFTY500,20139.37,20230829
2023-08-29,NIFTY_MIDCAP150,17890.17,20230829
2023-08-30,BSE_SMALLCAP,30247.27,20230830
2023-08-30,CRISIL_GILT,1640.4,20230830
2023-08-30,CRISIL_LIQUID,2539.99,20230830
2023-08-30,NIFTY100,17338.47,20230830
2023-08-30,NIFTY50,25499.01,20230830
2023-08-30,NIFTY500,20149.85,20230830
2023-08-30,NIFTY_MIDCAP150,17793.76,20230830
2023-08-31,BSE_SMALLCAP,30567.67,20230831
2023-08-31,CRISIL_GILT,1641.38,20230831
2023-08-31,CRISIL_LIQUID,2540.7,20230831
2023-08-31,NIFTY100,17522.91,20230831
2023-08-31,NIFTY50,25201.62,20230831
2023-08-31,NIFTY500,20188.38,20230831
2023-08-31,NIFTY_MIDCAP150,17803.51,20230831
2023-09-01,BSE_SMALLCAP,30227.95,20230901
2023-09-01,CRISIL_GILT,1645.47,20230901
2023-09-01,CRISIL_LIQUID,2541.66,20230901
2023-09-01,NIFTY100,17713.52,20230901
2023-09-01,NIFTY50,25080.84,20230901
2023-09-01,NIFTY500,20074.82,20230901
2023-09-01,NIFTY_MIDCAP150,17943.9,20230901
2023-09-04,BSE_SMALLCAP,29985.37,20230904
2023-09-04,CRISIL_GILT,1640.52,20230904
2023-09-04,CRISIL_LIQUID,2542.32,20230904
2023-09-04,NIFTY100,17546.73,20230904
2023-09-04,NIFTY50,25562.58,20230904
2023-09-04,NIFTY500,20266.46,20230904
2023-09-04,NIFTY_MIDCAP150,18032.5,20230904
2023-09-05,BSE_SMALLCAP,29968.13,20230905
2023-09-05,CRISIL_GILT,1643.73,20230905
2023-09-05,CRISIL_LIQUID,2542.89,20230905
2023-09-05,NIFTY100,17722.32,20230905
2023-09-05,NIFTY50,25862.75,20230905
2023-09-05,NIFTY500,20314.72,20230905
2023-09-05,NIFTY_MIDCAP150,18028.95,20230905
2023-09-06,BSE_SMALLCAP,29762.89,20230906
2023-09-06,CRISIL_GILT,1644.84,20230906
2023-09-06,CRISIL_LIQUID,2543.86,20230906
2023-09-06,NIFTY100,17871.87,20230906
2023-09-06,NIFTY50,26030.1,20230906
2023-09-06,NIFTY500,20101.03,20230906
2023-09-06,NIFTY_MIDCAP150,18370.34,20230906
2023-09-07,BSE_SMALLCAP,29106.84,20230907
2023-09-07,CRISIL_GILT,1644.06,20230907
2023-09-07,CRISIL_LIQUID,2545.44,20230907
2023-09-07,NIFTY100,17927.29,20230907
2023-09-07,NIFTY50,26177.37,20230907
2023-09-07,NIFTY500,19985.2,20230907
2023-09-07,NIFTY_MIDCAP150,18208.43,20230907
2023-09-08,BSE_SMALLCAP,28878.35,20230908
2023-09-08,CRISIL_GILT,1649.91,20230908
2023-09-08,CRISIL_LIQUID,2545.3,20230908
2023-09-08,NIFTY100,17983.24,20230908
2023-09-08,NIFTY50,25996.8,20230908
2023-09-08,NIFTY500,20343.87,20230908
2023-09-08,NIFTY_MIDCAP150,18338.67,20230908
2023-09-11,BSE_SMALLCAP,29059.36,20230911
2023-09-11,CRISIL_GILT,1651.31,20230911
2023-09-11,CRISIL_LIQUID,2546.22,20230911
2023-09-11,NIFTY100,18076.37,20230911
2023-09-11,NIFTY50,25801.55,20230911
2023-09-11,NIFTY500,20310.34,20230911
2023-09-11,NIFTY_MIDCAP150,18268.95,20230911
2023-09-12,BSE_SMALLCAP,28895.48,20230912
2023-09-12,CRISIL_GILT,1652.62,20230912
2023-09-12,CRISIL_LIQUID,2546.89,20230912
2023-09-12,NIFTY100,17891.41,20230912
2023-09-12,NIFTY50,25932.07,20230912
2023-09-12,NIFTY500,20125.34,20230912
2023-09-12,NIFTY_MIDCAP150,18254.73,20230912
2023-09-13,BSE_SMALLCAP,28822.07,20230913
2023-09-13,CRISIL_GILT,1647.15,20230913
2023-09-13,CRISIL_LIQUID,2547.88,20230913
2023-09-13,NIFTY100,18240.89,20230913
2023-09-13,NIFTY50,26284.12,20230913
2023-09-13,NIFTY500,20169.05,20230913
2023-09-13,NIFTY_MIDCAP150,18314.57,20230913
2023-09-14,BSE_SMALLCAP,28635.46,20230914
2023-09-14,CRISIL_GILT,1644.78,20230914
2023-09-14,CRISIL_LIQUID,2548.38,20230914
2023-09-14,NIFTY100,17928.21,20230914
2023-09-14,NIFTY50,26078.66,20230914
2023-09-14,NIFTY500,20085.16,20230914
2023-09-14,NIFTY_MIDCAP150,18302.67,20230914
2023-09-15,BSE_SMALLCAP,29601.16,20230915
2023-09-15,CRISIL_GILT,1646.01,20230915
2023-09-15,CRISIL_LIQUID,2548.33,20230915
2023-09-15,NIFTY100,17723.25,20230915
2023-09-15,NIFTY50,26070.46,20230915
2023-09-15,NIFTY500,20062.73,20230915
2023-09-15,NIFTY_MIDCAP150,18283.26,20230915
2023-09-18,BSE_SMALLCAP,29673.85,20230918
2023-09-18,CRISIL_GILT,1643.69,20230918
2023-09-18,CRISIL_LIQUID,2548.87,20230918
2023-09-18,NIFTY100,17886.49,20230918
2023-09-18,NIFTY50,26132.96,20230918
2023-09-18,NIFTY500,20169.13,20230918
2023-09-18,NIFTY_MIDCAP150,18010.44,20230918
2023-09-19,BSE_SMALLCAP,29787.26,20230919
2023-09-19,CRISIL_GILT,1650.18,20230919
2023-09-19,CRISIL_LIQUID,2548.94,20230919
2023-09-19,NIFTY100,18030.0,20230919
2023-09-19,NIFTY50,26042.52,20230919
2023-09-19,NIFTY500,20239.83,20230919
2023-09-19,NIFTY_MIDCAP150,18187.29,20230919
2023-09-20,BSE_SMALLCAP,29573.41,20230920
2023-09-20,CRISIL_GILT,1649.43,20230920
2023-09-20,CRISIL_LIQUID,2548.81,20230920
2023-09-20,NIFTY100,18292.09,20230920
2023-09-20,NIFTY50,26017.43,20230920
2023-09-20,NIFTY500,20256.4,20230920
2023-09-20,NIFTY_MIDCAP150,17914.33,20230920
2023-09-21,BSE_SMALLCAP,29789.24,20230921
2023-09-21,CRISIL_GILT,1645.9,20230921
2023-09-21,CRISIL_LIQUID,2550.42,20230921
2023-09-21,NIFTY100,18316.46,20230921
2023-09-21,NIFTY50,25811.49,20230921
2023-09-21,NIFTY500,20157.58,20230921
2023-09-21,NIFTY_MIDCAP150,18188.96,20230921
2023-09-22,BSE_SMALLCAP,29851.06,20230922
2023-09-22,CRISIL_GILT,1641.75,20230922
2023-09-22,CRISIL_LIQUID,2551.2,20230922
2023-09-22,NIFTY100,18187.19,20230922
2023-09-22,NIFTY50,25889.16,20230922
2023-09-22,NIFTY500,19853.72,20230922
2023-09-22,NIFTY_MIDCAP150,18180.98,20230922
2023-09-25,BSE_SMALLCAP,29160.16,20230925
2023-09-25,CRISIL_GILT,1641.67,20230925
2023-09-25,CRISIL_LIQUID,2550.27,20230925
2023-09-25,NIFTY100,18205.58,20230925
2023-09-25,NIFTY50,25938.06,20230925
2023-09-25,NIFTY500,20203.32,20230925
2023-09-25,NIFTY_MIDCAP150,18365.07,20230925
2023-09-26,BSE_SMALLCAP,29792.45,20230926
2023-09-26,CRISIL_GILT,1645.66,20230926
2023-09-26,CRISIL_LIQUID,2548.28,20230926
2023-09-26,NIFTY100,18341.81,20230926
2023-09-26,NIFTY50,26081.71,20230926
2023-09-26,NIFTY500,20548.19,20230926
2023-09-26,NIFTY_MIDCAP150,17927.55,20230926
2023-09-27,BSE_SMALLCAP,29768.41,20230927
2023-09-27,CRISIL_GILT,1642.24,20230927
2023-09-27,CRISIL_LIQUID,2548.81,20230927
2023-09-27,NIFTY100,18246.42,20230927
2023-09-27,NIFTY50,26050.54,20230927
2023-09-27,NIFTY500,20563.17,20230927
2023-09-27,NIFTY_MIDCAP150,17931.99,20230927
2023-09-28,BSE_SMALLCAP,30011.8,20230928
2023-09-28,CRISIL_GILT,1638.39,20230928
2023-09-28,CRISIL_LIQUID,2548.96,20230928
2023-09-28,NIFTY100,18096.36,20230928
2023-09-28,NIFTY50,26215.53,20230928
2023-09-28,NIFTY500,20725.79,20230928
2023-09-28,NIFTY_MIDCAP150,17940.97,20230928
2023-09-29,BSE_SMALLCAP,29770.23,20230929
2023-09-29,CRISIL_GILT,1636.48,20230929
2023-09-29,CRISIL_LIQUID,2549.64,20230929
2023-09-29,NIFTY100,18109.68,20230929
2023-09-29,NIFTY50,26300.87,20230929
2023-09-29,NIFTY500,20730.56,20230929
2023-09-29,NIFTY_MIDCAP150,17791.39,20230929
2023-10-02,BSE_SMALLCAP,29976.65,20231002
2023-10-02,CRISIL_GILT,1636.67,20231002
2023-10-02,CRISIL_LIQUID,2550.49,20231002
2023-10-02,NIFTY100,18011.46,20231002
2023-10-02,NIFTY50,26580.95,20231002
2023-10-02,NIFTY500,20600.47,20231002
2023-10-02,NIFTY_MIDCAP150,17959.68,20231002
2023-10-03,BSE_SMALLCAP,30276.32,20231003
2023-10-03,CRISIL_GILT,1632.78,20231003
2023-10-03,CRISIL_LIQUID,2551.14,20231003
2023-10-03,NIFTY100,17994.38,20231003
2023-10-03,NIFTY50,26535.97,20231003
2023-10-03,NIFTY500,20624.5,20231003
2023-10-03,NIFTY_MIDCAP150,17857.59,20231003
2023-10-04,BSE_SMALLCAP,29689.29,20231004
2023-10-04,CRISIL_GILT,1633.75,20231004
2023-10-04,CRISIL_LIQUID,2551.17,20231004
2023-10-04,NIFTY100,17912.11,20231004
2023-10-04,NIFTY50,26754.38,20231004
2023-10-04,NIFTY500,20660.8,20231004
2023-10-04,NIFTY_MIDCAP150,17709.55,20231004
2023-10-05,BSE_SMALLCAP,29926.01,20231005
2023-10-05,CRISIL_GILT,1640.64,20231005
2023-10-05,CRISIL_LIQUID,2552.61,20231005
2023-10-05,NIFTY100,18006.34,20231005
2023-10-05,NIFTY50,26718.02,20231005
2023-10-05,NIFTY500,20944.78,20231005
2023-10-05,NIFTY_MIDCAP150,17655.87,20231005
2023-10-06,BSE_SMALLCAP,29902.95,20231006
2023-10-06,CRISIL_GILT,1641.05,20231006
2023-10-06,CRISIL_LIQUID,2552.33,20231006
2023-10-06,NIFTY100,17948.68,20231006
2023-10-06,NIFTY50,26871.56,20231006
2023-10-06,NIFTY500,20973.16,20231006
2023-10-06,NIFTY_MIDCAP150,17840.1,20231006
2023-10-09,BSE_SMALLCAP,29500.98,20231009
2023-10-09,CRISIL_GILT,1639.83,20231009
2023-10-09,CRISIL_LIQUID,2553.97,20231009
2023-10-09,NIFTY100,17881.22,20231009
2023-10-09,NIFTY50,27178.46,20231009
2023-10-09,NIFTY500,21301.83,20231009
2023-10-09,NIFTY_MIDCAP150,17900.97,20231009
2023-10-10,BSE_SMALLCAP,30214.47,20231010
2023-10-10,CRISIL_GILT,1644.93,20231010
2023-10-10,CRISIL_LIQUID,2555.1,20231010
2023-10-10,NIFTY100,17993.35,20231010
2023-10-10,NIFTY50,27454.29,20231010
2023-10-10,NIFTY500,21282.62,20231010
2023-10-10,NIFTY_MIDCAP150,17983.74,20231010
2023-10-11,BSE_SMALLCAP,29847.52,20231011
2023-10-11,CRISIL_GILT,1640.63,20231011
2023-10-11,CRISIL_LIQUID,2555.23,20231011
2023-10-11,NIFTY100,17838.99,20231011
2023-10-11,NIFTY50,27421.55,20231011
2023-10-11,NIFTY500,21187.4,20231011
2023-10-11,NIFTY_MIDCAP150,18134.58,20231011
2023-10-12,BSE_SMALLCAP,29965.71,20231012
2023-10-12,CRISIL_GILT,1643.29,20231012
2023-10-12,CRISIL_LIQUID,2556.24,20231012
2023-10-12,NIFTY100,17715.56,20231012
2023-10-12,NIFTY50,27316.77,20231012
2023-10-12,NIFTY500,21478.63,20231012
2023-10-12,NIFTY_MIDCAP150,18106.45,20231012
2023-10-13,BSE_SMALLCAP,29475.99,20231013
2023-10-13,CRISIL_GILT,1643.87,20231013
2023-10-13,CRISIL_LIQUID,2556.61,20231013
2023-10-13,NIFTY100,17773.24,20231013
2023-10-13,NIFTY50,27547.99,20231013
2023-10-13,NIFTY500,21755.67,20231013
2023-10-13,NIFTY_MIDCAP150,18310.37,20231013
2023-10-16,BSE_SMALLCAP,29050.28,20231016
2023-10-16,CRISIL_GILT,1651.37,20231016
2023-10-16,CRISIL_LIQUID,2558.37,20231016
2023-10-16,NIFTY100,17654.74,20231016
2023-10-16,NIFTY50,27458.95,20231016
2023-10-16,NIFTY500,21781.67,20231016
2023-10-16,NIFTY_MIDCAP150,18392.39,20231016
2023-10-17,BSE_SMALLCAP,29500.91,20231017
2023-10-17,CRISIL_GILT,1657.07,20231017
2023-10-17,CRISIL_LIQUID,2558.52,20231017
2023-10-17,NIFTY100,17852.33,20231017
2023-10-17,NIFTY50,27695.63,20231017
2023-10-17,NIFTY500,21858.8,20231017
2023-10-17,NIFTY_MIDCAP150,18561.39,20231017
2023-10-18,BSE_SMALLCAP,29378.69,20231018
2023-10-18,CRISIL_GILT,1649.4,20231018
2023-10-18,CRISIL_LIQUID,2559.83,20231018
2023-10-18,NIFTY100,17707.44,20231018
2023-10-18,NIFTY50,27438.97,20231018
2023-10-18,NIFTY500,21925.17,20231018
2023-10-18,NIFTY_MIDCAP150,18426.4,20231018
2023-10-19,BSE_SMALLCAP,29993.32,20231019
2023-10-19,CRISIL_GILT,1650.74,20231019
2023-10-19,CRISIL_LIQUID,2559.47,20231019
2023-10-19,NIFTY100,17698.56,20231019
2023-10-19,NIFTY50,27558.75,20231019
2023-10-19,NIFTY500,21977.41,20231019
2023-10-19,NIFTY_MIDCAP150,18456.22,20231019
2023-10-20,BSE_SMALLCAP,29843.74,20231020
2023-10-20,CRISIL_GILT,1645.15,20231020
2023-10-20,CRISIL_LIQUID,2560.4,20231020
2023-10-20,NIFTY100,17581.58,20231020
2023-10-20,NIFTY50,27488.86,20231020
2023-10-20,NIFTY500,21916.81,20231020
2023-10-20,NIFTY_MIDCAP150,18647.36,20231020
2023-10-23,BSE_SMALLCAP,29677.05,20231023
2023-10-23,CRISIL_GILT,1650.36,20231023
2023-10-23,CRISIL_LIQUID,2561.3,20231023
2023-10-23,NIFTY100,17801.94,20231023
2023-10-23,NIFTY50,27129.29,20231023
2023-10-23,NIFTY500,22396.41,20231023
2023-10-23,NIFTY_MIDCAP150,19010.11,20231023
2023-10-24,BSE_SMALLCAP,29386.6,20231024
2023-10-24,CRISIL_GILT,1646.87,20231024
2023-10-24,CRISIL_LIQUID,2562.48,20231024
2023-10-24,NIFTY100,17657.02,20231024
2023-10-24,NIFTY50,26970.7,20231024
2023-10-24,NIFTY500,22329.07,20231024
2023-10-24,NIFTY_MIDCAP150,19227.26,20231024
2023-10-25,BSE_SMALLCAP,29207.64,20231025
2023-10-25,CRISIL_GILT,1650.61,20231025
2023-10-25,CRISIL_LIQUID,2563.54,20231025
2023-10-25,NIFTY100,17945.04,20231025
2023-10-25,NIFTY50,26898.16,20231025
2023-10-25,NIFTY500,22450.41,20231025
2023-10-25,NIFTY_MIDCAP150,19456.11,20231025
2023-10-26,BSE_SMALLCAP,29480.18,20231026
2023-10-26,CRISIL_GILT,1655.88,20231026
2023-10-26,CRISIL_LIQUID,2563.95,20231026
2023-10-26,NIFTY100,17965.84,20231026
2023-10-26,NIFTY50,27338.5,20231026
2023-10-26,NIFTY500,22499.74,20231026
2023-10-26,NIFTY_MIDCAP150,19161.57,20231026
2023-10-27,BSE_SMALLCAP,29536.7,20231027
2023-10-27,CRISIL_GILT,1648.77,20231027
2023-10-27,CRISIL_LIQUID,2563.05,20231027
2023-10-27,NIFTY100,17947.25,20231027
2023-10-27,NIFTY50,26688.69,20231027
2023-10-27,NIFTY500,22016.98,20231027
2023-10-27,NIFTY_MIDCAP150,19115.79,20231027
2023-10-30,BSE_SMALLCAP,29432.26,20231030
2023-10-30,CRISIL_GILT,1655.37,20231030
2023-10-30,CRISIL_LIQUID,2562.62,20231030
2023-10-30,NIFTY100,17651.62,20231030
2023-10-30,NIFTY50,26628.7,20231030
2023-10-30,NIFTY500,22051.24,20231030
2023-10-30,NIFTY_MIDCAP150,19249.55,20231030
2023-10-31,BSE_SMALLCAP,29736.37,20231031
2023-10-31,CRISIL_GILT,1660.54,20231031
2023-10-31,CRISIL_LIQUID,2561.62,20231031
2023-10-31,NIFTY100,17902.62,20231031
2023-10-31,NIFTY50,26565.37,20231031
2023-10-31,NIFTY500,22007.92,20231031
2023-10-31,NIFTY_MIDCAP150,18994.46,20231031
2023-11-01,BSE_SMALLCAP,29985.49,20231101
2023-11-01,CRISIL_GILT,1656.61,20231101
2023-11-01,CRISIL_LIQUID,2562.06,20231101
2023-11-01,NIFTY100,17985.8,20231101
2023-11-01,NIFTY50,26367.72,20231101
2023-11-01,NIFTY500,21911.46,20231101
2023-11-01,NIFTY_MIDCAP150,19092.71,20231101
2023-11-02,BSE_SMALLCAP,29890.89,20231102
2023-11-02,CRISIL_GILT,1661.94,20231102
2023-11-02,CRISIL_LIQUID,2563.64,20231102
2023-11-02,NIFTY100,17815.63,20231102
2023-11-02,NIFTY50,26296.57,20231102
2023-11-02,NIFTY500,21722.83,20231102
2023-11-02,NIFTY_MIDCAP150,19033.87,20231102
2023-11-03,BSE_SMALLCAP,30550.91,20231103
2023-11-03,CRISIL_GILT,1657.4,20231103
2023-11-03,CRISIL_LIQUID,2563.7,20231103
2023-11-03,NIFTY100,17748.2,20231103
2023-11-03,NIFTY50,26277.25,20231103
2023-11-03,NIFTY500,22082.36,20231103
2023-11-03,NIFTY_MIDCAP150,18985.65,20231103
2023-11-06,BSE_SMALLCAP,29926.42,20231106
2023-11-06,CRISIL_GILT,1661.67,20231106
2023-11-06,CRISIL_LIQUID,2564.04,20231106
2023-11-06,NIFTY100,17517.72,20231106
2023-11-06,NIFTY50,26145.92,20231106
2023-11-06,NIFTY500,21877.96,20231106
2023-11-06,NIFTY_MIDCAP150,19011.72,20231106
2023-11-07,BSE_SMALLCAP,30116.75,20231107
2023-11-07,CRISIL_GILT,1661.76,20231107
2023-11-07,CRISIL_LIQUID,2564.23,20231107
2023-11-07,NIFTY100,17414.77,20231107
2023-11-07,NIFTY50,26235.04,20231107
2023-11-07,NIFTY500,21852.33,20231107
2023-11-07,NIFTY_MIDCAP150,19100.07,20231107
2023-11-08,BSE_SMALLCAP,30087.01,20231108
2023-11-08,CRISIL_GILT,1656.3,20231108
2023-11-08,CRISIL_LIQUID,2565.09,20231108
2023-11-08,NIFTY100,17406.75,20231108
2023-11-08,NIFTY50,26589.74,20231108
2023-11-08,NIFTY500,21763.07,20231108
2023-11-08,NIFTY_MIDCAP150,19271.2,20231108
2023-11-09,BSE_SMALLCAP,30319.07,20231109
2023-11-09,CRISIL_GILT,1662.95,20231109
2023-11-09,CRISIL_LIQUID,2565.89,20231109
2023-11-09,NIFTY100,17650.05,20231109
2023-11-09,NIFTY50,26591.61,20231109
2023-11-09,NIFTY500,21572.17,20231109
2023-11-09,NIFTY_MIDCAP150,19049.32,20231109
2023-11-10,BSE_SMALLCAP,30384.65,20231110
2023-11-10,CRISIL_GILT,1669.61,20231110
2023-11-10,CRISIL_LIQUID,2566.21,20231110
2023-11-10,NIFTY100,18022.49,20231110
2023-11-10,NIFTY50,26455.11,20231110
2023-11-10,NIFTY500,21729.89,20231110
2023-11-10,NIFTY_MIDCAP150,19266.74,20231110
2023-11-13,BSE_SMALLCAP,30517.29,20231113
2023-11-13,CRISIL_GILT,1670.9,20231113
2023-11-13,CRISIL_LIQUID,2566.09,20231113
2023-11-13,NIFTY100,18109.97,20231113
2023-11-13,NIFTY50,26443.9,20231113
2023-11-13,NIFTY500,21826.56,20231113
2023-11-13,NIFTY_MIDCAP150,19417.82,20231113
2023-11-14,BSE_SMALLCAP,29791.34,20231114
2023-11-14,CRISIL_GILT,1671.47,20231114
2023-11-14,CRISIL_LIQUID,2567.26,20231114
2023-11-14,NIFTY100,17889.06,20231114
2023-11-14,NIFTY50,26381.22,20231114
2023-11-14,NIFTY500,21742.13,20231114
2023-11-14,NIFTY_MIDCAP150,19375.32,20231114
2023-11-15,BSE_SMALLCAP,29906.17,20231115
2023-11-15,CRISIL_GILT,1670.26,20231115
2023-11-15,CRISIL_LIQUID,2568.81,20231115
2023-11-15,NIFTY100,18242.27,20231115
2023-11-15,NIFTY50,26631.91,20231115
2023-11-15,NIFTY500,21577.5,20231115
2023-11-15,NIFTY_MIDCAP150,19598.15,20231115
2023-11-16,BSE_SMALLCAP,30363.05,20231116
2023-11-16,CRISIL_GILT,1673.07,20231116
2023-11-16,CRISIL_LIQUID,2570.12,20231116
2023-11-16,NIFTY100,17987.98,20231116
2023-11-16,NIFTY50,26543.49,20231116
2023-11-16,NIFTY500,21688.63,20231116
2023-11-16,NIFTY_MIDCAP150,19243.13,20231116
2023-11-17,BSE_SMALLCAP,30131.52,20231117
2023-11-17,CRISIL_GILT,1675.27,20231117
2023-11-17,CRISIL_LIQUID,2569.86,20231117
2023-11-17,NIFTY100,18123.58,20231117
2023-11-17,NIFTY50,26662.35,20231117
2023-11-17,NIFTY500,21783.41,20231117
2023-11-17,NIFTY_MIDCAP150,19291.42,20231117
2023-11-20,BSE_SMALLCAP,30572.19,20231120
2023-11-20,CRISIL_GILT,1682.21,20231120
2023-11-20,CRISIL_LIQUID,2568.68,20231120
2023-11-20,NIFTY100,18141.98,20231120
2023-11-20,NIFTY50,26738.23,20231120
2023-11-20,NIFTY500,21766.76,20231120
2023-11-20,NIFTY_MIDCAP150,19182.16,20231120
2023-11-21,BSE_SMALLCAP,30444.61,20231121
2023-11-21,CRISIL_GILT,1683.58,20231121
2023-11-21,CRISIL_LIQUID,2569.15,20231121
2023-11-21,NIFTY100,18334.81,20231121
2023-11-21,NIFTY50,26774.36,20231121
2023-11-21,NIFTY500,22055.7,20231121
2023-11-21,NIFTY_MIDCAP150,18968.25,20231121
2023-11-22,BSE_SMALLCAP,30217.12,20231122
2023-11-22,CRISIL_GILT,1690.01,20231122
2023-11-22,CRISIL_LIQUID,2570.92,20231122
2023-11-22,NIFTY100,18230.41,20231122
2023-11-22,NIFTY50,26539.03,20231122
2023-11-22,NIFTY500,22374.86,20231122
2023-11-22,NIFTY_MIDCAP150,18663.56,20231122
2023-11-23,BSE_SMALLCAP,30000.97,20231123
2023-11-23,CRISIL_GILT,1682.59,20231123
2023-11-23,CRISIL_LIQUID,2569.98,20231123
2023-11-23,NIFTY100,18394.31,20231123
2023-11-23,NIFTY50,26418.44,20231123
2023-11-23,NIFTY500,22286.27,20231123
2023-11-23,NIFTY_MIDCAP150,18809.64,20231123
2023-11-24,BSE_SMALLCAP,29600.64,20231124
2023-11-24,CRISIL_GILT,1686.51,20231124
2023-11-24,CRISIL_LIQUID,2570.31,20231124
2023-11-24,NIFTY100,18623.08,20231124
2023-11-24,NIFTY50,26389.86,20231124
2023-11-24,NIFTY500,22712.24,20231124
2023-11-24,NIFTY_MIDCAP150,18931.06,20231124
2023-11-27,BSE_SMALLCAP,29651.28,20231127
2023-11-27,CRISIL_GILT,1687.75,20231127
2023-11-27,CRISIL_LIQUID,2572.27,20231127
2023-11-27,NIFTY100,18694.63,20231127
2023-11-27,NIFTY50,26146.25,20231127
2023-11-27,NIFTY500,22668.86,20231127
2023-11-27,NIFTY_MIDCAP150,19202.31,20231127
2023-11-28,BSE_SMALLCAP,29416.95,20231128
2023-11-28,CRISIL_GILT,1689.76,20231128
2023-11-28,CRISIL_LIQUID,2573.73,20231128
2023-11-28,NIFTY100,18705.54,20231128
2023-11-28,NIFTY50,25949.67,20231128
2023-11-28,NIFTY500,22628.15,20231128
2023-11-28,NIFTY_MIDCAP150,19359.98,20231128
2023-11-29,BSE_SMALLCAP,29215.48,20231129
2023-11-29,CRISIL_GILT,1698.01,20231129
2023-11-29,CRISIL_LIQUID,2574.58,20231129
2023-11-29,NIFTY100,18871.49,20231129
2023-11-29,NIFTY50,25860.22,20231129
2023-11-29,NIFTY500,22782.65,20231129
2023-11-29,NIFTY_MIDCAP150,19307.85,20231129
2023-11-30,BSE_SMALLCAP,28960.4,20231130
2023-11-30,CRISIL_GILT,1703.24,20231130
2023-11-30,CRISIL_LIQUID,2574.28,20231130
2023-11-30,NIFTY100,19089.15,20231130
2023-11-30,NIFTY50,25945.06,20231130
2023-11-30,NIFTY500,22864.44,20231130
2023-11-30,NIFTY_MIDCAP150,19923.74,20231130
2023-12-01,BSE_SMALLCAP,29112.78,20231201
2023-12-01,CRISIL_GILT,1702.22,20231201
2023-12-01,CRISIL_LIQUID,2576.15,20231201
2023-12-01,NIFTY100,19025.54,20231201
2023-12-01,NIFTY50,26258.49,20231201
2023-12-01,NIFTY500,22882.82,20231201
2023-12-01,NIFTY_MIDCAP150,20167.14,20231201
2023-12-04,BSE_SMALLCAP,28626.99,20231204
2023-12-04,CRISIL_GILT,1699.05,20231204
2023-12-04,CRISIL_LIQUID,2576.67,20231204
2023-12-04,NIFTY100,18935.92,20231204
2023-12-04,NIFTY50,26328.55,20231204
2023-12-04,NIFTY500,22511.19,20231204
2023-12-04,NIFTY_MIDCAP150,19918.39,20231204
2023-12-05,BSE_SMALLCAP,28883.51,20231205
2023-12-05,CRISIL_GILT,1691.35,20231205
2023-12-05,CRISIL_LIQUID,2575.51,20231205
2023-12-05,NIFTY100,18845.16,20231205
2023-12-05,NIFTY50,26368.49,20231205
2023-12-05,NIFTY500,22208.0,20231205
2023-12-05,NIFTY_MIDCAP150,19901.79,20231205
2023-12-06,BSE_SMALLCAP,29105.97,20231206
2023-12-06,CRISIL_GILT,1693.76,20231206
2023-12-06,CRISIL_LIQUID,2577.34,20231206
2023-12-06,NIFTY100,18510.3,20231206
2023-12-06,NIFTY50,26396.12,20231206
2023-12-06,NIFTY500,21969.29,20231206
2023-12-06,NIFTY_MIDCAP150,19965.7,20231206
2023-12-07,BSE_SMALLCAP,29332.73,20231207
2023-12-07,CRISIL_GILT,1699.5,20231207
2023-12-07,CRISIL_LIQUID,2577.17,20231207
2023-12-07,NIFTY100,18661.21,20231207
2023-12-07,NIFTY50,26335.04,20231207
2023-12-07,NIFTY500,21982.67,20231207
2023-12-07,NIFTY_MIDCAP150,19918.88,20231207
2023-12-08,BSE_SMALLCAP,28957.48,20231208
2023-12-08,CRISIL_GILT,1705.43,20231208
2023-12-08,CRISIL_LIQUID,2580.42,20231208
2023-12-08,NIFTY100,18669.1,20231208
2023-12-08,NIFTY50,26327.03,20231208
2023-12-08,NIFTY500,21893.71,20231208
2023-12-08,NIFTY_MIDCAP150,20401.09,20231208
2023-12-11,BSE_SMALLCAP,29074.15,20231211
2023-12-11,CRISIL_GILT,1704.18,20231211
2023-12-11,CRISIL_LIQUID,2580.93,20231211
2023-12-11,NIFTY100,18634.58,20231211
2023-12-11,NIFTY50,26461.37,20231211
2023-12-11,NIFTY500,21832.19,20231211
2023-12-11,NIFTY_MIDCAP150,20347.07,20231211
2023-12-12,BSE_SMALLCAP,29625.29,20231212
2023-12-12,CRISIL_GILT,1710.05,20231212
2023-12-12,CRISIL_LIQUID,2581.94,20231212
2023-12-12,NIFTY100,18575.85,20231212
2023-12-12,NIFTY50,26679.91,20231212
2023-12-12,NIFTY500,21786.47,20231212
2023-12-12,NIFTY_MIDCAP150,20270.96,20231212
2023-12-13,BSE_SMALLCAP,29154.4,20231213
2023-12-13,CRISIL_GILT,1716.02,20231213
2023-12-13,CRISIL_LIQUID,2582.69,20231213
2023-12-13,NIFTY100,18651.43,20231213
2023-12-13,NIFTY50,26164.46,20231213
2023-12-13,NIFTY500,21986.45,20231213
2023-12-13,NIFTY_MIDCAP150,20455.03,20231213
2023-12-14,BSE_SMALLCAP,29248.55,20231214
2023-12-14,CRISIL_GILT,1720.69,20231214
2023-12-14,CRISIL_LIQUID,2583.14,20231214
2023-12-14,NIFTY100,18559.3,20231214
2023-12-14,NIFTY50,26332.05,20231214
2023-12-14,NIFTY500,22148.47,20231214
2023-12-14,NIFTY_MIDCAP150,20495.99,20231214
2023-12-15,BSE_SMALLCAP,28821.01,20231215
2023-12-15,CRISIL_GILT,1721.41,20231215
2023-12-15,CRISIL_LIQUID,2584.45,20231215
2023-12-15,NIFTY100,18705.12,20231215
2023-12-15,NIFTY50,26281.12,20231215
2023-12-15,NIFTY500,22078.77,20231215
2023-12-15,NIFTY_MIDCAP150,20457.41,20231215
2023-12-18,BSE_SMALLCAP,28732.52,20231218
2023-12-18,CRISIL_GILT,1721.71,20231218
2023-12-18,CRISIL_LIQUID,2585.28,20231218
2023-12-18,NIFTY100,18656.25,20231218
2023-12-18,NIFTY50,26400.34,20231218
2023-12-18,NIFTY500,22030.93,20231218
2023-12-18,NIFTY_MIDCAP150,20979.35,20231218
2023-12-19,BSE_SMALLCAP,28740.08,20231219
2023-12-19,CRISIL_GILT,1724.52,20231219
2023-12-19,CRISIL_LIQUID,2585.99,20231219
2023-12-19,NIFTY100,18490.54,20231219
2023-12-19,NIFTY50,26490.99,20231219
2023-12-19,NIFTY500,21875.14,20231219
2023-12-19,NIFTY_MIDCAP150,21361.54,20231219
2023-12-20,BSE_SMALLCAP,28509.29,20231220
2023-12-20,CRISIL_GILT,1727.99,20231220
2023-12-20,CRISIL_LIQUID,2585.82,20231220
2023-12-20,NIFTY100,18591.22,20231220
2023-12-20,NIFTY50,26475.03,20231220
2023-12-20,NIFTY500,21821.61,20231220
2023-12-20,NIFTY_MIDCAP150,21036.04,20231220
2023-12-21,BSE_SMALLCAP,28234.42,20231221
2023-12-21,CRISIL_GILT,1726.41,20231221
2023-12-21,CRISIL_LIQUID,2586.37,20231221
2023-12-21,NIFTY100,18468.16,20231221
2023-12-21,NIFTY50,26601.9,20231221
2023-12-21,NIFTY500,22084.5,20231221
2023-12-21,NIFTY_MIDCAP150,21501.23,20231221
2023-12-22,BSE_SMALLCAP,28355.05,20231222
2023-12-22,CRISIL_GILT,1725.33,20231222
2023-12-22,CRISIL_LIQUID,2586.08,20231222
2023-12-22,NIFTY100,18466.26,20231222
2023-12-22,NIFTY50,26676.81,20231222
2023-12-22,NIFTY500,22275.7,20231222
2023-12-22,NIFTY_MIDCAP150,21471.29,20231222
2023-12-25,BSE_SMALLCAP,27980.85,20231225
2023-12-25,CRISIL_GILT,1727.0,20231225
2023-12-25,CRISIL_LIQUID,2587.08,20231225
2023-12-25,NIFTY100,18617.09,20231225
2023-12-25,NIFTY50,26681.28,20231225
2023-12-25,NIFTY500,22362.63,20231225
2023-12-25,NIFTY_MIDCAP150,21763.11,20231225
2023-12-26,BSE_SMALLCAP,28201.98,20231226
2023-12-26,CRISIL_GILT,1724.8,20231226
2023-12-26,CRISIL_LIQUID,2588.02,20231226
2023-12-26,NIFTY100,18633.36,20231226
2023-12-26,NIFTY50,26670.1,20231226
2023-12-26,NIFTY500,22163.48,20231226
2023-12-26,NIFTY_MIDCAP150,22271.96,20231226
2023-12-27,BSE_SMALLCAP,28911.6,20231227
2023-12-27,CRISIL_GILT,1723.08,20231227
2023-12-27,CRISIL_LIQUID,2588.83,20231227
2023-12-27,NIFTY100,18658.77,20231227
2023-12-27,NIFTY50,26467.95,20231227
2023-12-27,NIFTY500,22164.57,20231227
2023-12-27,NIFTY_MIDCAP150,22491.73,20231227
2023-12-28,BSE_SMALLCAP,28424.4,20231228
2023-12-28,CRISIL_GILT,1715.95,20231228
2023-12-28,CRISIL_LIQUID,2590.51,20231228
2023-12-28,NIFTY100,18600.74,20231228
2023-12-28,NIFTY50,26483.66,20231228
2023-12-28,NIFTY500,22100.9,20231228
2023-12-28,NIFTY_MIDCAP150,23095.81,20231228
2023-12-29,BSE_SMALLCAP,27922.2,20231229
2023-12-29,CRISIL_GILT,1712.08,20231229
2023-12-29,CRISIL_LIQUID,2591.84,20231229
2023-12-29,NIFTY100,18635.26,20231229
2023-12-29,NIFTY50,26067.8,20231229
2023-12-29,NIFTY500,22082.34,20231229
2023-12-29,NIFTY_MIDCAP150,23335.22,20231229
2024-01-01,BSE_SMALLCAP,27361.38,20240101
2024-01-01,CRISIL_GILT,1715.79,20240101
2024-01-01,CRISIL_LIQUID,2594.21,20240101
2024-01-01,NIFTY100,18549.12,20240101
2024-01-01,NIFTY50,26141.77,20240101
2024-01-01,NIFTY500,22248.26,20240101
2024-01-01,NIFTY_MIDCAP150,23517.16,20240101
2024-01-02,BSE_SMALLCAP,27200.79,20240102
2024-01-02,CRISIL_GILT,1720.64,20240102
2024-01-02,CRISIL_LIQUID,2595.68,20240102
2024-01-02,NIFTY100,18638.25,20240102
2024-01-02,NIFTY50,26315.16,20240102
2024-01-02,NIFTY500,22472.32,20240102
2024-01-02,NIFTY_MIDCAP150,23802.98,20240102
2024-01-03,BSE_SMALLCAP,27545.85,20240103
2024-01-03,CRISIL_GILT,1720.96,20240103
2024-01-03,CRISIL_LIQUID,2596.48,20240103
2024-01-03,NIFTY100,18595.92,20240103
2024-01-03,NIFTY50,26017.19,20240103
2024-01-03,NIFTY500,22974.3,20240103
2024-01-03,NIFTY_MIDCAP150,23486.07,20240103
2024-01-04,BSE_SMALLCAP,27930.0,20240104
2024-01-04,CRISIL_GILT,1724.88,20240104
2024-01-04,CRISIL_LIQUID,2596.91,20240104
2024-01-04,NIFTY100,18576.09,20240104
2024-01-04,NIFTY50,25970.63,20240104
2024-01-04,NIFTY500,22804.87,20240104
2024-01-04,NIFTY_MIDCAP150,23446.63,20240104
2024-01-05,BSE_SMALLCAP,28113.62,20240105
2024-01-05,CRISIL_GILT,1715.7,20240105
2024-01-05,CRISIL_LIQUID,2596.42,20240105
2024-01-05,NIFTY100,18432.33,20240105
2024-01-05,NIFTY50,26286.8,20240105
2024-01-05,NIFTY500,23065.54,20240105
2024-01-05,NIFTY_MIDCAP150,23178.28,20240105
2024-01-08,BSE_SMALLCAP,28211.95,20240108
2024-01-08,CRISIL_GILT,1718.05,20240108
2024-01-08,CRISIL_LIQUID,2598.22,20240108
2024-01-08,NIFTY100,18519.39,20240108
2024-01-08,NIFTY50,26773.66,20240108
2024-01-08,NIFTY500,23049.65,20240108
2024-01-08,NIFTY_MIDCAP150,23146.2,20240108
2024-01-09,BSE_SMALLCAP,28735.72,20240109
2024-01-09,CRISIL_GILT,1712.23,20240109
2024-01-09,CRISIL_LIQUID,2599.35,20240109
2024-01-09,NIFTY100,18445.92,20240109
2024-01-09,NIFTY50,26765.23,20240109
2024-01-09,NIFTY500,22916.8,20240109
2024-01-09,NIFTY_MIDCAP150,23279.3,20240109
2024-01-10,BSE_SMALLCAP,28561.91,20240110
2024-01-10,CRISIL_GILT,1709.1,20240110
2024-01-10,CRISIL_LIQUID,2599.65,20240110
2024-01-10,NIFTY100,18290.2,20240110
2024-01-10,NIFTY50,26791.68,20240110
2024-01-10,NIFTY500,23372.32,20240110
2024-01-10,NIFTY_MIDCAP150,23255.26,20240110
2024-01-11,BSE_SMALLCAP,28804.51,20240111
2024-01-11,CRISIL_GILT,1712.39,20240111
2024-01-11,CRISIL_LIQUID,2600.58,20240111
2024-01-11,NIFTY100,18221.38,20240111
2024-01-11,NIFTY50,26788.79,20240111
2024-01-11,NIFTY500,23750.47,20240111
2024-01-11,NIFTY_MIDCAP150,23232.12,20240111
2024-01-12,BSE_SMALLCAP,29629.21,20240112
2024-01-12,CRISIL_GILT,1716.41,20240112
2024-01-12,CRISIL_LIQUID,2601.36,20240112
2024-01-12,NIFTY100,18352.06,20240112
2024-01-12,NIFTY50,26834.61,20240112
2024-01-12,NIFTY500,23703.9,20240112
2024-01-12,NIFTY_MIDCAP150,22892.05,20240112
2024-01-15,BSE_SMALLCAP,30161.77,20240115
2024-01-15,CRISIL_GILT,1708.68,20240115
2024-01-15,CRISIL_LIQUID,2601.96,20240115
2024-01-15,NIFTY100,18448.21,20240115
2024-01-15,NIFTY50,27120.42,20240115
2024-01-15,NIFTY500,23565.5,20240115
2024-01-15,NIFTY_MIDCAP150,22770.75,20240115
2024-01-16,BSE_SMALLCAP,29718.08,20240116
2024-01-16,CRISIL_GILT,1702.0,20240116
2024-01-16,CRISIL_LIQUID,2603.39,20240116
2024-01-16,NIFTY100,18121.95,20240116
2024-01-16,NIFTY50,27134.09,20240116
2024-01-16,NIFTY500,23214.6,20240116
2024-01-16,NIFTY_MIDCAP150,23220.3,20240116
2024-01-17,BSE_SMALLCAP,29501.59,20240117
2024-01-17,CRISIL_GILT,1699.61,20240117
2024-01-17,CRISIL_LIQUID,2602.79,20240117
2024-01-17,NIFTY100,18027.78,20240117
2024-01-17,NIFTY50,26843.83,20240117
2024-01-17,NIFTY500,23484.97,20240117
2024-01-17,NIFTY_MIDCAP150,23088.78,20240117
2024-01-18,BSE_SMALLCAP,30366.65,20240118
2024-01-18,CRISIL_GILT,1692.44,20240118
2024-01-18,CRISIL_LIQUID,2604.16,20240118
2024-01-18,NIFTY100,18250.11,20240118
2024-01-18,NIFTY50,26913.23,20240118
2024-01-18,NIFTY500,23076.75,20240118
2024-01-18,NIFTY_MIDCAP150,23013.35,20240118
2024-01-19,BSE_SMALLCAP,30146.9,20240119
2024-01-19,CRISIL_GILT,1691.16,20240119
2024-01-19,CRISIL_LIQUID,2605.91,20240119
2024-01-19,NIFTY100,18447.52,20240119
2024-01-19,NIFTY50,26841.32,20240119
2024-01-19,NIFTY500,23059.05,20240119
2024-01-19,NIFTY_MIDCAP150,23088.95,20240119
2024-01-22,BSE_SMALLCAP,30844.19,20240122
2024-01-22,CRISIL_GILT,1695.34,20240122
2024-01-22,CRISIL_LIQUID,2605.67,20240122
2024-01-22,NIFTY100,18267.84,20240122
2024-01-22,NIFTY50,26608.94,20240122
2024-01-22,NIFTY500,22889.87,20240122
2024-01-22,NIFTY_MIDCAP150,23201.06,20240122
2024-01-23,BSE_SMALLCAP,30682.12,20240123
2024-01-23,CRISIL_GILT,1689.21,20240123
2024-01-23,CRISIL_LIQUID,2604.74,20240123
2024-01-23,NIFTY100,18411.51,20240123
2024-01-23,NIFTY50,26378.65,20240123
2024-01-23,NIFTY500,23184.94,20240123
2024-01-23,NIFTY_MIDCAP150,23179.79,20240123
2024-01-24,BSE_SMALLCAP,30619.5,20240124
2024-01-24,CRISIL_GILT,1698.28,20240124
2024-01-24,CRISIL_LIQUID,2605.79,20240124
2024-01-24,NIFTY100,18204.6,20240124
2024-01-24,NIFTY50,26367.44,20240124
2024-01-24,NIFTY500,23577.38,20240124
2024-01-24,NIFTY_MIDCAP150,22830.29,20240124
2024-01-25,BSE_SMALLCAP,30254.09,20240125
2024-01-25,CRISIL_GILT,1697.65,20240125
2024-01-25,CRISIL_LIQUID,2607.26,20240125
2024-01-25,NIFTY100,18088.89,20240125
2024-01-25,NIFTY50,26515.75,20240125
2024-01-25,NIFTY500,23237.71,20240125
2024-01-25,NIFTY_MIDCAP150,22985.32,20240125
2024-01-26,BSE_SMALLCAP,29963.82,20240126
2024-01-26,CRISIL_GILT,1699.73,20240126
2024-01-26,CRISIL_LIQUID,2607.21,20240126
2024-01-26,NIFTY100,17939.5,20240126
2024-01-26,NIFTY50,26652.74,20240126
2024-01-26,NIFTY500,23266.43,20240126
2024-01-26,NIFTY_MIDCAP150,23506.3,20240126
2024-01-29,BSE_SMALLCAP,29904.13,20240129
2024-01-29,CRISIL_GILT,1695.82,20240129
2024-01-29,CRISIL_LIQUID,2606.73,20240129
2024-01-29,NIFTY100,18056.85,20240129
2024-01-29,NIFTY50,26930.04,20240129
2024-01-29,NIFTY500,23333.91,20240129
2024-01-29,NIFTY_MIDCAP150,24015.96,20240129
2024-01-30,BSE_SMALLCAP,30002.13,20240130
2024-01-30,CRISIL_GILT,1700.76,20240130
2024-01-30,CRISIL_LIQUID,2605.86,20240130
2024-01-30,NIFTY100,18070.38,20240130
2024-01-30,NIFTY50,26776.38,20240130
2024-01-30,NIFTY500,23286.71,20240130
2024-01-30,NIFTY_MIDCAP150,23836.51,20240130
2024-01-31,BSE_SMALLCAP,29856.53,20240131
2024-01-31,CRISIL_GILT,1702.25,20240131
2024-01-31,CRISIL_LIQUID,2607.42,20240131
2024-01-31,NIFTY100,18154.2,20240131
2024-01-31,NIFTY50,26708.12,20240131
2024-01-31,NIFTY500,23167.34,20240131
2024-01-31,NIFTY_MIDCAP150,23960.69,20240131
2024-02-01,BSE_SMALLCAP,30169.22,20240201
2024-02-01,CRISIL_GILT,1703.82,20240201
2024-02-01,CRISIL_LIQUID,2608.01,20240201
2024-02-01,NIFTY100,17873.64,20240201
2024-02-01,NIFTY50,26860.26,20240201
2024-02-01,NIFTY500,23501.33,20240201
2024-02-01,NIFTY_MIDCAP150,24673.62,20240201
2024-02-02,BSE_SMALLCAP,30023.74,20240202
2024-02-02,CRISIL_GILT,1705.97,20240202
2024-02-02,CRISIL_LIQUID,2609.75,20240202
2024-02-02,NIFTY100,18012.03,20240202
2024-02-02,NIFTY50,27032.14,20240202
2024-02-02,NIFTY500,23405.26,20240202
2024-02-02,NIFTY_MIDCAP150,24688.25,20240202
2024-02-05,BSE_SMALLCAP,29197.88,20240205
2024-02-05,CRISIL_GILT,1700.91,20240205
2024-02-05,CRISIL_LIQUID,2608.14,20240205
2024-02-05,NIFTY100,18263.65,20240205
2024-02-05,NIFTY50,26929.88,20240205
2024-02-05,NIFTY500,23830.38,20240205
2024-02-05,NIFTY_MIDCAP150,24775.39,20240205
2024-02-06,BSE_SMALLCAP,29134.83,20240206
2024-02-06,CRISIL_GILT,1703.16,20240206
2024-02-06,CRISIL_LIQUID,2608.88,20240206
2024-02-06,NIFTY100,18308.39,20240206
2024-02-06,NIFTY50,26791.56,20240206
2024-02-06,NIFTY500,23703.89,20240206
2024-02-06,NIFTY_MIDCAP150,24374.77,20240206
2024-02-07,BSE_SMALLCAP,28965.0,20240207
2024-02-07,CRISIL_GILT,1706.67,20240207
2024-02-07,CRISIL_LIQUID,2610.47,20240207
2024-02-07,NIFTY100,18617.53,20240207
2024-02-07,NIFTY50,26907.95,20240207
2024-02-07,NIFTY500,23878.12,20240207
2024-02-07,NIFTY_MIDCAP150,24680.14,20240207
2024-02-08,BSE_SMALLCAP,29589.39,20240208
2024-02-08,CRISIL_GILT,1700.58,20240208
2024-02-08,CRISIL_LIQUID,2610.37,20240208
2024-02-08,NIFTY100,18759.69,20240208
2024-02-08,NIFTY50,27115.31,20240208
2024-02-08,NIFTY500,24067.09,20240208
2024-02-08,NIFTY_MIDCAP150,24773.83,20240208
2024-02-09,BSE_SMALLCAP,29980.46,20240209
2024-02-09,CRISIL_GILT,1699.92,20240209
2024-02-09,CRISIL_LIQUID,2611.65,20240209
2024-02-09,NIFTY100,19048.41,20240209
2024-02-09,NIFTY50,27075.51,20240209
2024-02-09,NIFTY500,23939.14,20240209
2024-02-09,NIFTY_MIDCAP150,24540.12,20240209
2024-02-12,BSE_SMALLCAP,30417.75,20240212
2024-02-12,CRISIL_GILT,1699.08,20240212
2024-02-12,CRISIL_LIQUID,2611.46,20240212
2024-02-12,NIFTY100,19021.64,20240212
2024-02-12,NIFTY50,27190.52,20240212
2024-02-12,NIFTY500,23578.8,20240212
2024-02-12,NIFTY_MIDCAP150,24749.54,20240212
2024-02-13,BSE_SMALLCAP,30737.34,20240213
2024-02-13,CRISIL_GILT,1699.75,20240213
2024-02-13,CRISIL_LIQUID,2611.35,20240213
2024-02-13,NIFTY100,19080.74,20240213
2024-02-13,NIFTY50,27204.1,20240213
2024-02-13,NIFTY500,23412.88,20240213
2024-02-13,NIFTY_MIDCAP150,25041.46,20240213
2024-02-14,BSE_SMALLCAP,30947.09,20240214
2024-02-14,CRISIL_GILT,1703.33,20240214
2024-02-14,CRISIL_LIQUID,2612.09,20240214
2024-02-14,NIFTY100,18984.07,20240214
2024-02-14,NIFTY50,27072.21,20240214
2024-02-14,NIFTY500,23182.57,20240214
2024-02-14,NIFTY_MIDCAP150,24861.04,20240214
2024-02-15,BSE_SMALLCAP,31156.93,20240215
2024-02-15,CRISIL_GILT,1707.33,20240215
2024-02-15,CRISIL_LIQUID,2612.26,20240215
2024-02-15,NIFTY100,18768.67,20240215
2024-02-15,NIFTY50,27248.68,20240215
2024-02-15,NIFTY500,23363.69,20240215
2024-02-15,NIFTY_MIDCAP150,24412.57,20240215
2024-02-16,BSE_SMALLCAP,31580.57,20240216
2024-02-16,CRISIL_GILT,1707.39,20240216
2024-02-16,CRISIL_LIQUID,2614.06,20240216
2024-02-16,NIFTY100,18653.02,20240216
2024-02-16,NIFTY50,27210.95,20240216
2024-02-16,NIFTY500,23297.7,20240216
2024-02-16,NIFTY_MIDCAP150,24466.64,20240216
2024-02-19,BSE_SMALLCAP,31858.23,20240219
2024-02-19,CRISIL_GILT,1712.0,20240219
2024-02-19,CRISIL_LIQUID,2614.74,20240219
2024-02-19,NIFTY100,18705.47,20240219
2024-02-19,NIFTY50,26888.11,20240219
2024-02-19,NIFTY500,23593.9,20240219
2024-02-19,NIFTY_MIDCAP150,24675.17,20240219
2024-02-20,BSE_SMALLCAP,31648.99,20240220
2024-02-20,CRISIL_GILT,1706.55,20240220
2024-02-20,CRISIL_LIQUID,2616.58,20240220
2024-02-20,NIFTY100,18522.31,20240220
2024-02-20,NIFTY50,26756.34,20240220
2024-02-20,NIFTY500,23725.63,20240220
2024-02-20,NIFTY_MIDCAP150,24765.68,20240220
2024-02-21,BSE_SMALLCAP,31056.46,20240221
2024-02-21,CRISIL_GILT,1708.17,20240221
2024-02-21,CRISIL_LIQUID,2617.81,20240221
2024-02-21,NIFTY100,18548.37,20240221
2024-02-21,NIFTY50,26280.57,20240221
2024-02-21,NIFTY500,23697.62,20240221
2024-02-21,NIFTY_MIDCAP150,25108.96,20240221
2024-02-22,BSE_SMALLCAP,30276.6,20240222
2024-02-22,CRISIL_GILT,1700.01,20240222
2024-02-22,CRISIL_LIQUID,2617.73,20240222
2024-02-22,NIFTY100,18229.55,20240222
2024-02-22,NIFTY50,26881.8,20240222
2024-02-22,NIFTY500,23727.37,20240222
2024-02-22,NIFTY_MIDCAP150,24641.79,20240222
2024-02-23,BSE_SMALLCAP,29943.68,20240223
2024-02-23,CRISIL_GILT,1698.36,20240223
2024-02-23,CRISIL_LIQUID,2618.59,20240223
2024-02-23,NIFTY100,18188.91,20240223
2024-02-23,NIFTY50,27182.27,20240223
2024-02-23,NIFTY500,23463.38,20240223
2024-02-23,NIFTY_MIDCAP150,24375.39,20240223
2024-02-26,BSE_SMALLCAP,29661.0,20240226
2024-02-26,CRISIL_GILT,1700.91,20240226
2024-02-26,CRISIL_LIQUID,2618.58,20240226
2024-02-26,NIFTY100,18236.42,20240226
2024-02-26,NIFTY50,26902.93,20240226
2024-02-26,NIFTY500,23435.29,20240226
2024-02-26,NIFTY_MIDCAP150,24452.26,20240226
2024-02-27,BSE_SMALLCAP,29643.18,20240227
2024-02-27,CRISIL_GILT,1704.46,20240227
2024-02-27,CRISIL_LIQUID,2620.21,20240227
2024-02-27,NIFTY100,18140.11,20240227
2024-02-27,NIFTY50,26786.05,20240227
2024-02-27,NIFTY500,23477.08,20240227
2024-02-27,NIFTY_MIDCAP150,24039.49,20240227
2024-02-28,BSE_SMALLCAP,29613.75,20240228
2024-02-28,CRISIL_GILT,1706.21,20240228
2024-02-28,CRISIL_LIQUID,2622.09,20240228
2024-02-28,NIFTY100,18102.25,20240228
2024-02-28,NIFTY50,26848.24,20240228
2024-02-28,NIFTY500,23409.72,20240228
2024-02-28,NIFTY_MIDCAP150,23848.94,20240228
2024-02-29,BSE_SMALLCAP,30357.45,20240229
2024-02-29,CRISIL_GILT,1713.48,20240229
2024-02-29,CRISIL_LIQUID,2621.33,20240229
2024-02-29,NIFTY100,18107.93,20240229
2024-02-29,NIFTY50,27215.19,20240229
2024-02-29,NIFTY500,23305.84,20240229
2024-02-29,NIFTY_MIDCAP150,23721.89,20240229
2024-03-01,BSE_SMALLCAP,30616.47,20240301
2024-03-01,CRISIL_GILT,1714.44,20240301
2024-03-01,CRISIL_LIQUID,2622.48,20240301
2024-03-01,NIFTY100,18058.93,20240301
2024-03-01,NIFTY50,27390.12,20240301
2024-03-01,NIFTY500,23525.56,20240301
2024-03-01,NIFTY_MIDCAP150,24012.16,20240301
2024-03-04,BSE_SMALLCAP,30323.31,20240304
2024-03-04,CRISIL_GILT,1707.58,20240304
2024-03-04,CRISIL_LIQUID,2624.16,20240304
2024-03-04,NIFTY100,18109.85,20240304
2024-03-04,NIFTY50,27452.76,20240304
2024-03-04,NIFTY500,23342.71,20240304
2024-03-04,NIFTY_MIDCAP150,24385.97,20240304
2024-03-05,BSE_SMALLCAP,30927.26,20240305
2024-03-05,CRISIL_GILT,1698.31,20240305
2024-03-05,CRISIL_LIQUID,2625.57,20240305
2024-03-05,NIFTY100,17869.4,20240305
2024-03-05,NIFTY50,27333.8,20240305
2024-03-05,NIFTY500,23475.51,20240305
2024-03-05,NIFTY_MIDCAP150,24602.54,20240305
2024-03-06,BSE_SMALLCAP,30850.89,20240306
2024-03-06,CRISIL_GILT,1694.55,20240306
2024-03-06,CRISIL_LIQUID,2626.16,20240306
2024-03-06,NIFTY100,17705.06,20240306
2024-03-06,NIFTY50,27454.14,20240306
2024-03-06,NIFTY500,23716.62,20240306
2024-03-06,NIFTY_MIDCAP150,25147.03,20240306
2024-03-07,BSE_SMALLCAP,31116.28,20240307
2024-03-07,CRISIL_GILT,1690.78,20240307
2024-03-07,CRISIL_LIQUID,2629.11,20240307
2024-03-07,NIFTY100,17565.31,20240307
2024-03-07,NIFTY50,27565.91,20240307
2024-03-07,NIFTY500,23832.62,20240307
2024-03-07,NIFTY_MIDCAP150,25565.49,20240307
2024-03-08,BSE_SMALLCAP,31341.27,20240308
2024-03-08,CRISIL_GILT,1691.42,20240308
2024-03-08,CRISIL_LIQUID,2629.99,20240308
2024-03-08,NIFTY100,17543.19,20240308
2024-03-08,NIFTY50,27586.79,20240308
2024-03-08,NIFTY500,23593.02,20240308
2024-03-08,NIFTY_MIDCAP150,25811.91,20240308
2024-03-11,BSE_SMALLCAP,31381.24,20240311
2024-03-11,CRISIL_GILT,1689.55,20240311
2024-03-11,CRISIL_LIQUID,2629.44,20240311
2024-03-11,NIFTY100,17813.28,20240311
2024-03-11,NIFTY50,27581.92,20240311
2024-03-11,NIFTY500,23628.96,20240311
2024-03-11,NIFTY_MIDCAP150,26051.84,20240311
2024-03-12,BSE_SMALLCAP,32025.15,20240312
2024-03-12,CRISIL_GILT,1685.99,20240312
2024-03-12,CRISIL_LIQUID,2630.69,20240312
2024-03-12,NIFTY100,17906.49,20240312
2024-03-12,NIFTY50,27494.21,20240312
2024-03-12,NIFTY500,23828.17,20240312
2024-03-12,NIFTY_MIDCAP150,25895.63,20240312
2024-03-13,BSE_SMALLCAP,31789.63,20240313
2024-03-13,CRISIL_GILT,1684.0,20240313
2024-03-13,CRISIL_LIQUID,2632.27,20240313
2024-03-13,NIFTY100,17665.04,20240313
2024-03-13,NIFTY50,27798.72,20240313
2024-03-13,NIFTY500,23779.83,20240313
2024-03-13,NIFTY_MIDCAP150,25505.48,20240313
2024-03-14,BSE_SMALLCAP,31869.11,20240314
2024-03-14,CRISIL_GILT,1683.04,20240314
2024-03-14,CRISIL_LIQUID,2633.44,20240314
2024-03-14,NIFTY100,17703.7,20240314
2024-03-14,NIFTY50,27429.35,20240314
2024-03-14,NIFTY500,23613.68,20240314
2024-03-14,NIFTY_MIDCAP150,25315.89,20240314
2024-03-15,BSE_SMALLCAP,31495.76,20240315
2024-03-15,CRISIL_GILT,1679.98,20240315
2024-03-15,CRISIL_LIQUID,2634.29,20240315
2024-03-15,NIFTY100,17632.35,20240315
2024-03-15,NIFTY50,27511.84,20240315
2024-03-15,NIFTY500,23441.46,20240315
2024-03-15,NIFTY_MIDCAP150,25574.86,20240315
2024-03-18,BSE_SMALLCAP,31671.72,20240318
2024-03-18,CRISIL_GILT,1680.63,20240318
2024-03-18,CRISIL_LIQUID,2633.82,20240318
2024-03-18,NIFTY100,17575.17,20240318
2024-03-18,NIFTY50,27528.73,20240318
2024-03-18,NIFTY500,23520.23,20240318
2024-03-18,NIFTY_MIDCAP150,25500.36,20240318
2024-03-19,BSE_SMALLCAP,31873.85,20240319
2024-03-19,CRISIL_GILT,1685.12,20240319
2024-03-19,CRISIL_LIQUID,2633.13,20240319
2024-03-19,NIFTY100,17479.0,20240319
2024-03-19,NIFTY50,27101.41,20240319
2024-03-19,NIFTY500,23463.48,20240319
2024-03-19,NIFTY_MIDCAP150,25694.01,20240319
2024-03-20,BSE_SMALLCAP,31934.59,20240320
2024-03-20,CRISIL_GILT,1682.85,20240320
2024-03-20,CRISIL_LIQUID,2633.0,20240320
2024-03-20,NIFTY100,17447.25,20240320
2024-03-20,NIFTY50,27030.46,20240320
2024-03-20,NIFTY500,23347.97,20240320
2024-03-20,NIFTY_MIDCAP150,25182.78,20240320
2024-03-21,BSE_SMALLCAP,31987.56,20240321
2024-03-21,CRISIL_GILT,1683.69,20240321
2024-03-21,CRISIL_LIQUID,2631.69,20240321
2024-03-21,NIFTY100,17201.88,20240321
2024-03-21,NIFTY50,26818.59,20240321
2024-03-21,NIFTY500,22931.61,20240321
2024-03-21,NIFTY_MIDCAP150,25349.46,20240321
2024-03-22,BSE_SMALLCAP,31932.93,20240322
2024-03-22,CRISIL_GILT,1692.97,20240322
2024-03-22,CRISIL_LIQUID,2633.63,20240322
2024-03-22,NIFTY100,17192.88,20240322
2024-03-22,NIFTY50,26605.43,20240322
2024-03-22,NIFTY500,23311.25,20240322
2024-03-22,NIFTY_MIDCAP150,25120.74,20240322
2024-03-25,BSE_SMALLCAP,32122.98,20240325
2024-03-25,CRISIL_GILT,1694.5,20240325
2024-03-25,CRISIL_LIQUID,2634.37,20240325
2024-03-25,NIFTY100,17245.57,20240325
2024-03-25,NIFTY50,26447.91,20240325
2024-03-25,NIFTY500,23258.72,20240325
2024-03-25,NIFTY_MIDCAP150,24929.87,20240325
2024-03-26,BSE_SMALLCAP,32422.55,20240326
2024-03-26,CRISIL_GILT,1699.65,20240326
2024-03-26,CRISIL_LIQUID,2634.77,20240326
2024-03-26,NIFTY100,17140.81,20240326
2024-03-26,NIFTY50,26731.68,20240326
2024-03-26,NIFTY500,23438.39,20240326
2024-03-26,NIFTY_MIDCAP150,25421.46,20240326
2024-03-27,BSE_SMALLCAP,31905.46,20240327
2024-03-27,CRISIL_GILT,1698.11,20240327
2024-03-27,CRISIL_LIQUID,2634.26,20240327
2024-03-27,NIFTY100,17074.76,20240327
2024-03-27,NIFTY50,26731.44,20240327
2024-03-27,NIFTY500,23728.92,20240327
2024-03-27,NIFTY_MIDCAP150,26065.73,20240327
2024-03-28,BSE_SMALLCAP,31805.71,20240328
2024-03-28,CRISIL_GILT,1703.61,20240328
2024-03-28,CRISIL_LIQUID,2633.87,20240328
2024-03-28,NIFTY100,16916.57,20240328
2024-03-28,NIFTY50,26907.86,20240328
2024-03-28,NIFTY500,24465.05,20240328
2024-03-28,NIFTY_MIDCAP150,25766.61,20240328
2024-03-29,BSE_SMALLCAP,31669.24,20240329
2024-03-29,CRISIL_GILT,1700.65,20240329
2024-03-29,CRISIL_LIQUID,2634.57,20240329
2024-03-29,NIFTY100,16868.45,20240329
2024-03-29,NIFTY50,26656.93,20240329
2024-03-29,NIFTY500,24625.32,20240329
2024-03-29,NIFTY_MIDCAP150,25715.61,20240329
2024-04-01,BSE_SMALLCAP,31983.58,20240401
2024-04-01,CRISIL_GILT,1703.72,20240401
2024-04-01,CRISIL_LIQUID,2635.01,20240401
2024-04-01,NIFTY100,16888.83,20240401
2024-04-01,NIFTY50,26534.7,20240401
2024-04-01,NIFTY500,24710.96,20240401
2024-04-01,NIFTY_MIDCAP150,25695.82,20240401
2024-04-02,BSE_SMALLCAP,32546.98,20240402
2024-04-02,CRISIL_GILT,1708.83,20240402
2024-04-02,CRISIL_LIQUID,2635.8,20240402
2024-04-02,NIFTY100,16870.69,20240402
2024-04-02,NIFTY50,26455.04,20240402
2024-04-02,NIFTY500,24388.09,20240402
2024-04-02,NIFTY_MIDCAP150,25927.97,20240402
2024-04-03,BSE_SMALLCAP,32763.83,20240403
2024-04-03,CRISIL_GILT,1715.98,20240403
2024-04-03,CRISIL_LIQUID,2635.37,20240403
2024-04-03,NIFTY100,16969.37,20240403
2024-04-03,NIFTY50,26502.3,20240403
2024-04-03,NIFTY500,23968.38,20240403
2024-04-03,NIFTY_MIDCAP150,25806.46,20240403
2024-04-04,BSE_SMALLCAP,32852.35,20240404
2024-04-04,CRISIL_GILT,1717.01,20240404
2024-04-04,CRISIL_LIQUID,2636.37,20240404
2024-04-04,NIFTY100,17110.64,20240404
2024-04-04,NIFTY50,26630.64,20240404
2024-04-04,NIFTY500,23481.21,20240404
2024-04-04,NIFTY_MIDCAP150,25588.14,20240404
2024-04-05,BSE_SMALLCAP,32527.53,20240405
2024-04-05,CRISIL_GILT,1716.33,20240405
2024-04-05,CRISIL_LIQUID,2638.12,20240405
2024-04-05,NIFTY100,17036.23,20240405
2024-04-05,NIFTY50,26702.49,20240405
2024-04-05,NIFTY500,23458.27,20240405
2024-04-05,NIFTY_MIDCAP150,25689.63,20240405
2024-04-08,BSE_SMALLCAP,33401.58,20240408
2024-04-08,CRISIL_GILT,1710.85,20240408
2024-04-08,CRISIL_LIQUID,2638.56,20240408
2024-04-08,NIFTY100,17011.92,20240408
2024-04-08,NIFTY50,26539.12,20240408
2024-04-08,NIFTY500,23264.7,20240408
2024-04-08,NIFTY_MIDCAP150,25729.56,20240408
2024-04-09,BSE_SMALLCAP,33000.86,20240409
2024-04-09,CRISIL_GILT,1711.02,20240409
2024-04-09,CRISIL_LIQUID,2639.89,20240409
2024-04-09,NIFTY100,16866.83,20240409
2024-04-09,NIFTY50,26713.2,20240409
2024-04-09,NIFTY500,23177.23,20240409
2024-04-09,NIFTY_MIDCAP150,26000.44,20240409
2024-04-10,BSE_SMALLCAP,32454.97,20240410
2024-04-10,CRISIL_GILT,1714.99,20240410
2024-04-10,CRISIL_LIQUID,2640.43,20240410
2024-04-10,NIFTY100,16808.29,20240410
2024-04-10,NIFTY50,26592.91,20240410
2024-04-10,NIFTY500,23485.02,20240410
2024-04-10,NIFTY_MIDCAP150,25816.42,20240410
2024-04-11,BSE_SMALLCAP,32803.63,20240411
2024-04-11,CRISIL_GILT,1718.5,20240411
2024-04-11,CRISIL_LIQUID,2640.79,20240411
2024-04-11,NIFTY100,16823.41,20240411
2024-04-11,NIFTY50,26663.65,20240411
2024-04-11,NIFTY500,23604.47,20240411
2024-04-11,NIFTY_MIDCAP150,25772.88,20240411
2024-04-12,BSE_SMALLCAP,32595.18,20240412
2024-04-12,CRISIL_GILT,1718.9,20240412
2024-04-12,CRISIL_LIQUID,2641.83,20240412
2024-04-12,NIFTY100,16935.63,20240412
2024-04-12,NIFTY50,26377.86,20240412
2024-04-12,NIFTY500,23613.77,20240412
2024-04-12,NIFTY_MIDCAP150,26017.53,20240412
2024-04-15,BSE_SMALLCAP,32965.92,20240415
2024-04-15,CRISIL_GILT,1721.0,20240415
2024-04-15,CRISIL_LIQUID,2642.12,20240415
2024-04-15,NIFTY100,16930.0,20240415
2024-04-15,NIFTY50,26335.16,20240415
2024-04-15,NIFTY500,23666.75,20240415
2024-04-15,NIFTY_MIDCAP150,26016.11,20240415
2024-04-16,BSE_SMALLCAP,33650.78,20240416
2024-04-16,CRISIL_GILT,1728.76,20240416
2024-04-16,CRISIL_LIQUID,2642.28,20240416
2024-04-16,NIFTY100,16980.84,20240416
2024-04-16,NIFTY50,26459.58,20240416
2024-04-16,NIFTY500,23533.93,20240416
2024-04-16,NIFTY_MIDCAP150,25541.71,20240416
2024-04-17,BSE_SMALLCAP,33550.26,20240417
2024-04-17,CRISIL_GILT,1732.22,20240417
2024-04-17,CRISIL_LIQUID,2643.86,20240417
2024-04-17,NIFTY100,16803.86,20240417
2024-04-17,NIFTY50,26494.47,20240417
2024-04-17,NIFTY500,23446.85,20240417
2024-04-17,NIFTY_MIDCAP150,26033.2,20240417
2024-04-18,BSE_SMALLCAP,33787.06,20240418
2024-04-18,CRISIL_GILT,1731.69,20240418
2024-04-18,CRISIL_LIQUID,2643.03,20240418
2024-04-18,NIFTY100,16845.45,20240418
2024-04-18,NIFTY50,26330.15,20240418
2024-04-18,NIFTY500,23174.56,20240418
2024-04-18,NIFTY_MIDCAP150,26024.84,20240418
2024-04-19,BSE_SMALLCAP,33602.75,20240419
2024-04-19,CRISIL_GILT,1732.18,20240419
2024-04-19,CRISIL_LIQUID,2643.79,20240419
2024-04-19,NIFTY100,16733.93,20240419
2024-04-19,NIFTY50,26459.88,20240419
2024-04-19,NIFTY500,23346.03,20240419
2024-04-19,NIFTY_MIDCAP150,26021.75,20240419
2024-04-22,BSE_SMALLCAP,33661.25,20240422
2024-04-22,CRISIL_GILT,1735.62,20240422
2024-04-22,CRISIL_LIQUID,2643.59,20240422
2024-04-22,NIFTY100,16958.47,20240422
2024-04-22,NIFTY50,26304.4,20240422
2024-04-22,NIFTY500,23725.7,20240422
2024-04-22,NIFTY_MIDCAP150,26795.23,20240422
2024-04-23,BSE_SMALLCAP,33625.6,20240423
2024-04-23,CRISIL_GILT,1738.72,20240423
2024-04-23,CRISIL_LIQUID,2645.78,20240423
2024-04-23,NIFTY100,17220.58,20240423
2024-04-23,NIFTY50,25943.01,20240423
2024-04-23,NIFTY500,24024.7,20240423
2024-04-23,NIFTY_MIDCAP150,27462.3,20240423
2024-04-24,BSE_SMALLCAP,34100.33,20240424
2024-04-24,CRISIL_GILT,1749.14,20240424
2024-04-24,CRISIL_LIQUID,2647.21,20240424
2024-04-24,NIFTY100,17447.79,20240424
2024-04-24,NIFTY50,26175.88,20240424
2024-04-24,NIFTY500,24042.36,20240424
2024-04-24,NIFTY_MIDCAP150,27777.35,20240424
2024-04-25,BSE_SMALLCAP,33867.82,20240425
2024-04-25,CRISIL_GILT,1756.93,20240425
2024-04-25,CRISIL_LIQUID,2648.96,20240425
2024-04-25,NIFTY100,17324.95,20240425
2024-04-25,NIFTY50,25974.02,20240425
2024-04-25,NIFTY500,24258.6,20240425
2024-04-25,NIFTY_MIDCAP150,27454.75,20240425
2024-04-26,BSE_SMALLCAP,33577.05,20240426
2024-04-26,CRISIL_GILT,1752.9,20240426
2024-04-26,CRISIL_LIQUID,2649.81,20240426
2024-04-26,NIFTY100,17426.62,20240426
2024-04-26,NIFTY50,26154.9,20240426
2024-04-26,NIFTY500,24387.88,20240426
2024-04-26,NIFTY_MIDCAP150,27903.93,20240426
2024-04-29,BSE_SMALLCAP,33509.29,20240429
2024-04-29,CRISIL_GILT,1750.53,20240429
2024-04-29,CRISIL_LIQUID,2651.02,20240429
2024-04-29,NIFTY100,17082.77,20240429
2024-04-29,NIFTY50,26116.62,20240429
2024-04-29,NIFTY500,24437.67,20240429
2024-04-29,NIFTY_MIDCAP150,27366.36,20240429
2024-04-30,BSE_SMALLCAP,33842.75,20240430
2024-04-30,CRISIL_GILT,1756.68,20240430
2024-04-30,CRISIL_LIQUID,2651.88,20240430
2024-04-30,NIFTY100,17241.35,20240430
2024-04-30,NIFTY50,26267.55,20240430
2024-04-30,NIFTY500,24526.31,20240430
2024-04-30,NIFTY_MIDCAP150,27425.99,20240430
2024-05-01,BSE_SMALLCAP,33493.93,20240501
2024-05-01,CRISIL_GILT,1753.74,20240501
2024-05-01,CRISIL_LIQUID,2652.1,20240501
2024-05-01,NIFTY100,17244.51,20240501
2024-05-01,NIFTY50,26111.64,20240501
2024-05-01,NIFTY500,24255.33,20240501
2024-05-01,NIFTY_MIDCAP150,27299.31,20240501
2024-05-02,BSE_SMALLCAP,32972.81,20240502
2024-05-02,CRISIL_GILT,1754.99,20240502
2024-05-02,CRISIL_LIQUID,2654.26,20240502
2024-05-02,NIFTY100,16997.14,20240502
2024-05-02,NIFTY50,26307.62,20240502
2024-05-02,NIFTY500,24165.31,20240502
2024-05-02,NIFTY_MIDCAP150,27100.19,20240502
2024-05-03,BSE_SMALLCAP,33538.08,20240503
2024-05-03,CRISIL_GILT,1762.69,20240503
2024-05-03,CRISIL_LIQUID,2655.53,20240503
2024-05-03,NIFTY100,17089.16,20240503
2024-05-03,NIFTY50,26202.91,20240503
2024-05-03,NIFTY500,24032.75,20240503
2024-05-03,NIFTY_MIDCAP150,27188.78,20240503
2024-05-06,BSE_SMALLCAP,32543.93,20240506
2024-05-06,CRISIL_GILT,1764.58,20240506
2024-05-06,CRISIL_LIQUID,2655.53,20240506
2024-05-06,NIFTY100,17048.91,20240506
2024-05-06,NIFTY50,26156.68,20240506
2024-05-06,NIFTY500,23726.66,20240506
2024-05-06,NIFTY_MIDCAP150,27395.82,20240506
2024-05-07,BSE_SMALLCAP,31984.81,20240507
2024-05-07,CRISIL_GILT,1769.46,20240507
2024-05-07,CRISIL_LIQUID,2654.9,20240507
2024-05-07,NIFTY100,17008.18,20240507
2024-05-07,NIFTY50,25711.25,20240507
2024-05-07,NIFTY500,23859.98,20240507
2024-05-07,NIFTY_MIDCAP150,27658.74,20240507
2024-05-08,BSE_SMALLCAP,32983.03,20240508
2024-05-08,CRISIL_GILT,1770.96,20240508
2024-05-08,CRISIL_LIQUID,2654.74,20240508
2024-05-08,NIFTY100,17089.87,20240508
2024-05-08,NIFTY50,25384.42,20240508
2024-05-08,NIFTY500,24020.62,20240508
2024-05-08,NIFTY_MIDCAP150,27650.75,20240508
2024-05-09,BSE_SMALLCAP,32214.92,20240509
2024-05-09,CRISIL_GILT,1771.15,20240509
2024-05-09,CRISIL_LIQUID,2655.47,20240509
2024-05-09,NIFTY100,17238.29,20240509
2024-05-09,NIFTY50,25554.67,20240509
2024-05-09,NIFTY500,23501.77,20240509
2024-05-09,NIFTY_MIDCAP150,27602.49,20240509
2024-05-10,BSE_SMALLCAP,32043.0,20240510
2024-05-10,CRISIL_GILT,1763.45,20240510
2024-05-10,CRISIL_LIQUID,2655.61,20240510
2024-05-10,NIFTY100,17284.24,20240510
2024-05-10,NIFTY50,25427.66,20240510
2024-05-10,NIFTY500,23510.84,20240510
2024-05-10,NIFTY_MIDCAP150,27888.82,20240510
2024-05-13,BSE_SMALLCAP,31778.86,20240513
2024-05-13,CRISIL_GILT,1765.1,20240513
2024-05-13,CRISIL_LIQUID,2657.08,20240513
2024-05-13,NIFTY100,16969.97,20240513
2024-05-13,NIFTY50,25034.38,20240513
2024-05-13,NIFTY500,23452.74,20240513
2024-05-13,NIFTY_MIDCAP150,28185.85,20240513
2024-05-14,BSE_SMALLCAP,30806.42,20240514
2024-05-14,CRISIL_GILT,1763.25,20240514
2024-05-14,CRISIL_LIQUID,2658.0,20240514
2024-05-14,NIFTY100,17014.9,20240514
2024-05-14,NIFTY50,24918.63,20240514
2024-05-14,NIFTY500,23335.98,20240514
2024-05-14,NIFTY_MIDCAP150,28247.89,20240514
2024-05-15,BSE_SMALLCAP,30402.73,20240515
2024-05-15,CRISIL_GILT,1769.73,20240515
2024-05-15,CRISIL_LIQUID,2658.47,20240515
2024-05-15,NIFTY100,16878.83,20240515
2024-05-15,NIFTY50,25040.63,20240515
2024-05-15,NIFTY500,23011.19,20240515
2024-05-15,NIFTY_MIDCAP150,27989.76,20240515
2024-05-16,BSE_SMALLCAP,30536.45,20240516
2024-05-16,CRISIL_GILT,1759.01,20240516
2024-05-16,CRISIL_LIQUID,2659.16,20240516
2024-05-16,NIFTY100,16953.11,20240516
2024-05-16,NIFTY50,24808.29,20240516
2024-05-16,NIFTY500,23035.4,20240516
2024-05-16,NIFTY_MIDCAP150,27475.73,20240516
2024-05-17,BSE_SMALLCAP,30879.61,20240517
2024-05-17,CRISIL_GILT,1757.26,20240517
2024-05-17,CRISIL_LIQUID,2659.74,20240517
2024-05-17,NIFTY100,17005.88,20240517
2024-05-17,NIFTY50,25031.62,20240517
2024-05-17,NIFTY500,23051.09,20240517
2024-05-17,NIFTY_MIDCAP150,27699.54,20240517
2024-05-20,BSE_SMALLCAP,31377.87,20240520
2024-05-20,CRISIL_GILT,1763.92,20240520
2024-05-20,CRISIL_LIQUID,2660.23,20240520
2024-05-20,NIFTY100,16968.51,20240520
2024-05-20,NIFTY50,24930.84,20240520
2024-05-20,NIFTY500,22986.43,20240520
2024-05-20,NIFTY_MIDCAP150,28024.56,20240520
2024-05-21,BSE_SMALLCAP,31238.09,20240521
2024-05-21,CRISIL_GILT,1773.15,20240521
2024-05-21,CRISIL_LIQUID,2661.24,20240521
2024-05-21,NIFTY100,16955.82,20240521
2024-05-21,NIFTY50,24864.19,20240521
2024-05-21,NIFTY500,23162.88,20240521
2024-05-21,NIFTY_MIDCAP150,27977.94,20240521
2024-05-22,BSE_SMALLCAP,30469.31,20240522
2024-05-22,CRISIL_GILT,1778.81,20240522
2024-05-22,CRISIL_LIQUID,2661.5,20240522
2024-05-22,NIFTY100,16708.03,20240522
2024-05-22,NIFTY50,24718.66,20240522
2024-05-22,NIFTY500,23331.69,20240522
2024-05-22,NIFTY_MIDCAP150,28114.42,20240522
2024-05-23,BSE_SMALLCAP,30512.96,20240523
2024-05-23,CRISIL_GILT,1782.32,20240523
2024-05-23,CRISIL_LIQUID,2661.21,20240523
2024-05-23,NIFTY100,16929.07,20240523
2024-05-23,NIFTY50,24352.62,20240523
2024-05-23,NIFTY500,22963.31,20240523
2024-05-23,NIFTY_MIDCAP150,28556.53,20240523
2024-05-24,BSE_SMALLCAP,31121.98,20240524
2024-05-24,CRISIL_GILT,1775.1,20240524
2024-05-24,CRISIL_LIQUID,2662.52,20240524
2024-05-24,NIFTY100,16972.13,20240524
2024-05-24,NIFTY50,24302.31,20240524
2024-05-24,NIFTY500,23130.23,20240524
2024-05-24,NIFTY_MIDCAP150,29233.71,20240524
2024-05-27,BSE_SMALLCAP,31809.83,20240527
2024-05-27,CRISIL_GILT,1770.88,20240527
2024-05-27,CRISIL_LIQUID,2662.54,20240527
2024-05-27,NIFTY100,17005.04,20240527
2024-05-27,NIFTY50,24294.5,20240527
2024-05-27,NIFTY500,22947.9,20240527
2024-05-27,NIFTY_MIDCAP150,29121.41,20240527
2024-05-28,BSE_SMALLCAP,32268.94,20240528
2024-05-28,CRISIL_GILT,1775.53,20240528
2024-05-28,CRISIL_LIQUID,2664.27,20240528
2024-05-28,NIFTY100,17044.52,20240528
2024-05-28,NIFTY50,24377.48,20240528
2024-05-28,NIFTY500,22904.57,20240528
2024-05-28,NIFTY_MIDCAP150,29110.99,20240528
2024-05-29,BSE_SMALLCAP,31687.7,20240529
2024-05-29,CRISIL_GILT,1770.28,20240529
2024-05-29,CRISIL_LIQUID,2664.82,20240529
2024-05-29,NIFTY100,16791.53,20240529
2024-05-29,NIFTY50,24232.85,20240529
2024-05-29,NIFTY500,23251.95,20240529
2024-05-29,NIFTY_MIDCAP150,29279.9,20240529
2024-05-30,BSE_SMALLCAP,31624.96,20240530
2024-05-30,CRISIL_GILT,1769.74,20240530
2024-05-30,CRISIL_LIQUID,2665.13,20240530
2024-05-30,NIFTY100,16923.37,20240530
2024-05-30,NIFTY50,23918.07,20240530
2024-05-30,NIFTY500,23255.08,20240530
2024-05-30,NIFTY_MIDCAP150,28897.63,20240530
2024-05-31,BSE_SMALLCAP,31748.58,20240531
2024-05-31,CRISIL_GILT,1768.86,20240531
2024-05-31,CRISIL_LIQUID,2665.03,20240531
2024-05-31,NIFTY100,16863.56,20240531
2024-05-31,NIFTY50,24263.56,20240531
2024-05-31,NIFTY500,23478.88,20240531
2024-05-31,NIFTY_MIDCAP150,28221.43,20240531
2024-06-03,BSE_SMALLCAP,31944.41,20240603
2024-06-03,CRISIL_GILT,1771.23,20240603
2024-06-03,CRISIL_LIQUID,2665.46,20240603
2024-06-03,NIFTY100,16875.43,20240603
2024-06-03,NIFTY50,24306.96,20240603
2024-06-03,NIFTY500,23438.49,20240603
2024-06-03,NIFTY_MIDCAP150,27815.24,20240603
2024-06-04,BSE_SMALLCAP,31188.91,20240604
2024-06-04,CRISIL_GILT,1774.73,20240604
2024-06-04,CRISIL_LIQUID,2666.44,20240604
2024-06-04,NIFTY100,16788.29,20240604
2024-06-04,NIFTY50,24298.76,20240604
2024-06-04,NIFTY500,23645.04,20240604
2024-06-04,NIFTY_MIDCAP150,27746.21,20240604
2024-06-05,BSE_SMALLCAP,32113.4,20240605
2024-06-05,CRISIL_GILT,1763.92,20240605
2024-06-05,CRISIL_LIQUID,2666.46,20240605
2024-06-05,NIFTY100,16616.34,20240605
2024-06-05,NIFTY50,24515.94,20240605
2024-06-05,NIFTY500,23645.91,20240605
2024-06-05,NIFTY_MIDCAP150,27536.84,20240605
2024-06-06,BSE_SMALLCAP,32729.43,20240606
2024-06-06,CRISIL_GILT,1765.69,20240606
2024-06-06,CRISIL_LIQUID,2667.77,20240606
2024-06-06,NIFTY100,16538.08,20240606
2024-06-06,NIFTY50,24327.82,20240606
2024-06-06,NIFTY500,23602.06,20240606
2024-06-06,NIFTY_MIDCAP150,27300.7,20240606
2024-06-07,BSE_SMALLCAP,32751.58,20240607
2024-06-07,CRISIL_GILT,1763.17,20240607
2024-06-07,CRISIL_LIQUID,2667.53,20240607
2024-06-07,NIFTY100,16507.71,20240607
2024-06-07,NIFTY50,24108.83,20240607
2024-06-07,NIFTY500,23639.83,20240607
2024-06-07,NIFTY_MIDCAP150,27333.86,20240607
2024-06-10,BSE_SMALLCAP,32833.07,20240610
2024-06-10,CRISIL_GILT,1766.15,20240610
2024-06-10,CRISIL_LIQUID,2668.99,20240610
2024-06-10,NIFTY100,16501.34,20240610
2024-06-10,NIFTY50,24240.59,20240610
2024-06-10,NIFTY500,23419.81,20240610
2024-06-10,NIFTY_MIDCAP150,27346.65,20240610
2024-06-11,BSE_SMALLCAP,32629.81,20240611
2024-06-11,CRISIL_GILT,1758.75,20240611
2024-06-11,CRISIL_LIQUID,2669.77,20240611
2024-06-11,NIFTY100,16428.76,20240611
2024-06-11,NIFTY50,24606.36,20240611
2024-06-11,NIFTY500,23325.61,20240611
2024-06-11,NIFTY_MIDCAP150,27130.41,20240611
2024-06-12,BSE_SMALLCAP,33217.28,20240612
2024-06-12,CRISIL_GILT,1763.76,20240612
2024-06-12,CRISIL_LIQUID,2670.08,20240612
2024-06-12,NIFTY100,16409.74,20240612
2024-06-12,NIFTY50,24329.59,20240612
2024-06-12,NIFTY500,23463.75,20240612
2024-06-12,NIFTY_MIDCAP150,26655.2,20240612
2024-06-13,BSE_SMALLCAP,32712.14,20240613
2024-06-13,CRISIL_GILT,1761.09,20240613
2024-06-13,CRISIL_LIQUID,2671.09,20240613
2024-06-13,NIFTY100,16364.28,20240613
2024-06-13,NIFTY50,24328.14,20240613
2024-06-13,NIFTY500,23650.0,20240613
2024-06-13,NIFTY_MIDCAP150,26795.81,20240613
2024-06-14,BSE_SMALLCAP,32787.1,20240614
2024-06-14,CRISIL_GILT,1759.88,20240614
2024-06-14,CRISIL_LIQUID,2673.13,20240614
2024-06-14,NIFTY100,16176.78,20240614
2024-06-14,NIFTY50,24400.26,20240614
2024-06-14,NIFTY500,23472.75,20240614
2024-06-14,NIFTY_MIDCAP150,27135.17,20240614
2024-06-17,BSE_SMALLCAP,32431.97,20240617
2024-06-17,CRISIL_GILT,1767.63,20240617
2024-06-17,CRISIL_LIQUID,2674.79,20240617
2024-06-17,NIFTY100,16167.64,20240617
2024-06-17,NIFTY50,24493.03,20240617
2024-06-17,NIFTY500,23844.44,20240617
2024-06-17,NIFTY_MIDCAP150,26962.64,20240617
2024-06-18,BSE_SMALLCAP,32447.21,20240618
2024-06-18,CRISIL_GILT,1767.53,20240618
2024-06-18,CRISIL_LIQUID,2675.79,20240618
2024-06-18,NIFTY100,16158.44,20240618
2024-06-18,NIFTY50,24433.08,20240618
2024-06-18,NIFTY500,24240.12,20240618
2024-06-18,NIFTY_MIDCAP150,26862.34,20240618
2024-06-19,BSE_SMALLCAP,33000.73,20240619
2024-06-19,CRISIL_GILT,1772.44,20240619
2024-06-19,CRISIL_LIQUID,2677.26,20240619
2024-06-19,NIFTY100,16061.79,20240619
2024-06-19,NIFTY50,24251.6,20240619
2024-06-19,NIFTY500,24055.68,20240619
2024-06-19,NIFTY_MIDCAP150,27128.23,20240619
2024-06-20,BSE_SMALLCAP,32731.29,20240620
2024-06-20,CRISIL_GILT,1772.84,20240620
2024-06-20,CRISIL_LIQUID,2677.6,20240620
2024-06-20,NIFTY100,16179.78,20240620
2024-06-20,NIFTY50,23845.04,20240620
2024-06-20,NIFTY500,23971.49,20240620
2024-06-20,NIFTY_MIDCAP150,27470.09,20240620
2024-06-21,BSE_SMALLCAP,32836.97,20240621
2024-06-21,CRISIL_GILT,1780.8,20240621
2024-06-21,CRISIL_LIQUID,2677.76,20240621
2024-06-21,NIFTY100,16173.76,20240621
2024-06-21,NIFTY50,24242.12,20240621
2024-06-21,NIFTY500,23977.41,20240621
2024-06-21,NIFTY_MIDCAP150,27345.17,20240621
2024-06-24,BSE_SMALLCAP,32802.32,20240624
2024-06-24,CRISIL_GILT,1782.83,20240624
2024-06-24,CRISIL_LIQUID,2679.05,20240624
2024-06-24,NIFTY100,16220.61,20240624
2024-06-24,NIFTY50,24562.63,20240624
2024-06-24,NIFTY500,24248.12,20240624
2024-06-24,NIFTY_MIDCAP150,27330.37,20240624
2024-06-25,BSE_SMALLCAP,32493.34,20240625
2024-06-25,CRISIL_GILT,1785.67,20240625
2024-06-25,CRISIL_LIQUID,2679.94,20240625
2024-06-25,NIFTY100,16101.93,20240625
2024-06-25,NIFTY50,24429.47,20240625
2024-06-25,NIFTY500,24383.55,20240625
2024-06-25,NIFTY_MIDCAP150,27808.99,20240625
2024-06-26,BSE_SMALLCAP,32239.44,20240626
2024-06-26,CRISIL_GILT,1786.99,20240626
2024-06-26,CRISIL_LIQUID,2680.39,20240626
2024-06-26,NIFTY100,16008.77,20240626
2024-06-26,NIFTY50,24432.48,20240626
2024-06-26,NIFTY500,24330.34,20240626
2024-06-26,NIFTY_MIDCAP150,28104.76,20240626
2024-06-27,BSE_SMALLCAP,31992.44,20240627
2024-06-27,CRISIL_GILT,1786.17,20240627
2024-06-27,CRISIL_LIQUID,2681.76,20240627
2024-06-27,NIFTY100,15968.3,20240627
2024-06-27,NIFTY50,24309.96,20240627
2024-06-27,NIFTY500,24073.11,20240627
2024-06-27,NIFTY_MIDCAP150,27761.45,20240627
2024-06-28,BSE_SMALLCAP,31224.26,20240628
2024-06-28,CRISIL_GILT,1790.62,20240628
2024-06-28,CRISIL_LIQUID,2682.49,20240628
2024-06-28,NIFTY100,15806.46,20240628
2024-06-28,NIFTY50,24249.42,20240628
2024-06-28,NIFTY500,23673.46,20240628
2024-06-28,NIFTY_MIDCAP150,27243.68,20240628
2024-07-01,BSE_SMALLCAP,31178.79,20240701
2024-07-01,CRISIL_GILT,1787.76,20240701
2024-07-01,CRISIL_LIQUID,2684.27,20240701
2024-07-01,NIFTY100,15565.93,20240701
2024-07-01,NIFTY50,24219.76,20240701
2024-07-01,NIFTY500,23745.46,20240701
2024-07-01,NIFTY_MIDCAP150,27175.42,20240701
2024-07-02,BSE_SMALLCAP,31234.74,20240702
2024-07-02,CRISIL_GILT,1791.56,20240702
2024-07-02,CRISIL_LIQUID,2683.17,20240702
2024-07-02,NIFTY100,15737.05,20240702
2024-07-02,NIFTY50,23978.71,20240702
2024-07-02,NIFTY500,24142.21,20240702
2024-07-02,NIFTY_MIDCAP150,26896.48,20240702
2024-07-03,BSE_SMALLCAP,30607.32,20240703
2024-07-03,CRISIL_GILT,1796.42,20240703
2024-07-03,CRISIL_LIQUID,2683.44,20240703
2024-07-03,NIFTY100,15660.24,20240703
2024-07-03,NIFTY50,23963.28,20240703
2024-07-03,NIFTY500,24155.47,20240703
2024-07-03,NIFTY_MIDCAP150,27056.68,20240703
2024-07-04,BSE_SMALLCAP,30437.49,20240704
2024-07-04,CRISIL_GILT,1799.36,20240704
2024-07-04,CRISIL_LIQUID,2684.91,20240704
2024-07-04,NIFTY100,15639.34,20240704
2024-07-04,NIFTY50,23984.4,20240704
2024-07-04,NIFTY500,24256.59,20240704
2024-07-04,NIFTY_MIDCAP150,27293.8,20240704
2024-07-05,BSE_SMALLCAP,30364.12,20240705
2024-07-05,CRISIL_GILT,1795.61,20240705
2024-07-05,CRISIL_LIQUID,2687.0,20240705
2024-07-05,NIFTY100,15674.19,20240705
2024-07-05,NIFTY50,23663.37,20240705
2024-07-05,NIFTY500,24314.28,20240705
2024-07-05,NIFTY_MIDCAP150,27390.57,20240705
2024-07-08,BSE_SMALLCAP,30728.06,20240708
2024-07-08,CRISIL_GILT,1798.15,20240708
2024-07-08,CRISIL_LIQUID,2688.82,20240708
2024-07-08,NIFTY100,15645.06,20240708
2024-07-08,NIFTY50,23523.06,20240708
2024-07-08,NIFTY500,23977.75,20240708
2024-07-08,NIFTY_MIDCAP150,27158.7,20240708
2024-07-09,BSE_SMALLCAP,31494.07,20240709
2024-07-09,CRISIL_GILT,1803.42,20240709
2024-07-09,CRISIL_LIQUID,2688.97,20240709
2024-07-09,NIFTY100,15499.14,20240709
2024-07-09,NIFTY50,23252.67,20240709
2024-07-09,NIFTY500,24324.87,20240709
2024-07-09,NIFTY_MIDCAP150,26787.25,20240709
2024-07-10,BSE_SMALLCAP,31688.88,20240710
2024-07-10,CRISIL_GILT,1798.19,20240710
2024-07-10,CRISIL_LIQUID,2690.74,20240710
2024-07-10,NIFTY100,15630.27,20240710
2024-07-10,NIFTY50,23052.9,20240710
2024-07-10,NIFTY500,24168.88,20240710
2024-07-10,NIFTY_MIDCAP150,27005.95,20240710
2024-07-11,BSE_SMALLCAP,31112.04,20240711
2024-07-11,CRISIL_GILT,1791.8,20240711
2024-07-11,CRISIL_LIQUID,2689.9,20240711
2024-07-11,NIFTY100,15567.93,20240711
2024-07-11,NIFTY50,23007.05,20240711
2024-07-11,NIFTY500,24011.37,20240711
2024-07-11,NIFTY_MIDCAP150,27278.3,20240711
2024-07-12,BSE_SMALLCAP,30737.86,20240712
2024-07-12,CRISIL_GILT,1796.13,20240712
2024-07-12,CRISIL_LIQUID,2689.81,20240712
2024-07-12,NIFTY100,15648.16,20240712
2024-07-12,NIFTY50,22976.94,20240712
2024-07-12,NIFTY500,24122.79,20240712
2024-07-12,NIFTY_MIDCAP150,27640.52,20240712
2024-07-15,BSE_SMALLCAP,30791.16,20240715
2024-07-15,CRISIL_GILT,1793.72,20240715
2024-07-15,CRISIL_LIQUID,2690.29,20240715
2024-07-15,NIFTY100,15835.38,20240715
2024-07-15,NIFTY50,22948.31,20240715
2024-07-15,NIFTY500,23982.81,20240715
2024-07-15,NIFTY_MIDCAP150,27567.21,20240715
2024-07-16,BSE_SMALLCAP,30620.54,20240716
2024-07-16,CRISIL_GILT,1797.61,20240716
2024-07-16,CRISIL_LIQUID,2691.37,20240716
2024-07-16,NIFTY100,15673.47,20240716
2024-07-16,NIFTY50,23344.22,20240716
2024-07-16,NIFTY500,23720.95,20240716
2024-07-16,NIFTY_MIDCAP150,27556.16,20240716
2024-07-17,BSE_SMALLCAP,30625.44,20240717
2024-07-17,CRISIL_GILT,1805.9,20240717
2024-07-17,CRISIL_LIQUID,2691.23,20240717
2024-07-17,NIFTY100,15784.67,20240717
2024-07-17,NIFTY50,23403.7,20240717
2024-07-17,NIFTY500,23936.64,20240717
2024-07-17,NIFTY_MIDCAP150,27828.51,20240717
2024-07-18,BSE_SMALLCAP,31001.15,20240718
2024-07-18,CRISIL_GILT,1799.73,20240718
2024-07-18,CRISIL_LIQUID,2691.81,20240718
2024-07-18,NIFTY100,15804.86,20240718
2024-07-18,NIFTY50,23477.72,20240718
2024-07-18,NIFTY500,23976.03,20240718
2024-07-18,NIFTY_MIDCAP150,27849.89,20240718
2024-07-19,BSE_SMALLCAP,30949.63,20240719
2024-07-19,CRISIL_GILT,1793.18,20240719
2024-07-19,CRISIL_LIQUID,2693.66,20240719
2024-07-19,NIFTY100,15694.7,20240719
2024-07-19,NIFTY50,23500.87,20240719
2024-07-19,NIFTY500,24192.22,20240719
2024-07-19,NIFTY_MIDCAP150,27687.25,20240719
2024-07-22,BSE_SMALLCAP,32039.98,20240722
2024-07-22,CRISIL_GILT,1797.33,20240722
2024-07-22,CRISIL_LIQUID,2693.36,20240722
2024-07-22,NIFTY100,15756.77,20240722
2024-07-22,NIFTY50,23225.61,20240722
2024-07-22,NIFTY500,24126.28,20240722
2024-07-22,NIFTY_MIDCAP150,27442.49,20240722
2024-07-23,BSE_SMALLCAP,31369.39,20240723
2024-07-23,CRISIL_GILT,1803.79,20240723
2024-07-23,CRISIL_LIQUID,2692.99,20240723
2024-07-23,NIFTY100,15777.69,20240723
2024-07-23,NIFTY50,23202.96,20240723
2024-07-23,NIFTY500,24042.12,20240723
2024-07-23,NIFTY_MIDCAP150,27684.51,20240723
2024-07-24,BSE_SMALLCAP,31627.15,20240724
2024-07-24,CRISIL_GILT,1812.12,20240724
2024-07-24,CRISIL_LIQUID,2693.01,20240724
2024-07-24,NIFTY100,15706.33,20240724
2024-07-24,NIFTY50,23204.79,20240724
2024-07-24,NIFTY500,24108.17,20240724
2024-07-24,NIFTY_MIDCAP150,27610.56,20240724
2024-07-25,BSE_SMALLCAP,30926.4,20240725
2024-07-25,CRISIL_GILT,1816.33,20240725
2024-07-25,CRISIL_LIQUID,2695.73,20240725
2024-07-25,NIFTY100,15960.67,20240725
2024-07-25,NIFTY50,23346.45,20240725
2024-07-25,NIFTY500,24195.5,20240725
2024-07-25,NIFTY_MIDCAP150,27458.11,20240725
2024-07-26,BSE_SMALLCAP,30584.92,20240726
2024-07-26,CRISIL_GILT,1816.23,20240726
2024-07-26,CRISIL_LIQUID,2696.79,20240726
2024-07-26,NIFTY100,16018.35,20240726
2024-07-26,NIFTY50,23136.57,20240726
2024-07-26,NIFTY500,24071.29,20240726
2024-07-26,NIFTY_MIDCAP150,27616.14,20240726
2024-07-29,BSE_SMALLCAP,30965.79,20240729
2024-07-29,CRISIL_GILT,1817.19,20240729
2024-07-29,CRISIL_LIQUID,2696.75,20240729
2024-07-29,NIFTY100,15883.1,20240729
2024-07-29,NIFTY50,23030.51,20240729
2024-07-29,NIFTY500,23922.51,20240729
2024-07-29,NIFTY_MIDCAP150,27411.37,20240729
2024-07-30,BSE_SMALLCAP,30115.28,20240730
2024-07-30,CRISIL_GILT,1819.25,20240730
2024-07-30,CRISIL_LIQUID,2698.23,20240730
2024-07-30,NIFTY100,15933.58,20240730
2024-07-30,NIFTY50,22827.69,20240730
2024-07-30,NIFTY500,24127.03,20240730
2024-07-30,NIFTY_MIDCAP150,27249.63,20240730
2024-07-31,BSE_SMALLCAP,30261.13,20240731
2024-07-31,CRISIL_GILT,1827.51,20240731
2024-07-31,CRISIL_LIQUID,2697.36,20240731
2024-07-31,NIFTY100,15917.38,20240731
2024-07-31,NIFTY50,22704.38,20240731
2024-07-31,NIFTY500,24210.66,20240731
2024-07-31,NIFTY_MIDCAP150,27279.32,20240731
2024-08-01,BSE_SMALLCAP,29765.26,20240801
2024-08-01,CRISIL_GILT,1829.38,20240801
2024-08-01,CRISIL_LIQUID,2697.95,20240801
2024-08-01,NIFTY100,15777.82,20240801
2024-08-01,NIFTY50,22650.66,20240801
2024-08-01,NIFTY500,24281.92,20240801
2024-08-01,NIFTY_MIDCAP150,27152.66,20240801
2024-08-02,BSE_SMALLCAP,29757.68,20240802
2024-08-02,CRISIL_GILT,1826.72,20240802
2024-08-02,CRISIL_LIQUID,2698.76,20240802
2024-08-02,NIFTY100,15755.2,20240802
2024-08-02,NIFTY50,22431.03,20240802
2024-08-02,NIFTY500,23874.95,20240802
2024-08-02,NIFTY_MIDCAP150,27609.24,20240802
2024-08-05,BSE_SMALLCAP,29520.13,20240805
2024-08-05,CRISIL_GILT,1828.27,20240805
2024-08-05,CRISIL_LIQUID,2700.4,20240805
2024-08-05,NIFTY100,15812.79,20240805
2024-08-05,NIFTY50,22584.78,20240805
2024-08-05,NIFTY500,23941.69,20240805
2024-08-05,NIFTY_MIDCAP150,27794.38,20240805
2024-08-06,BSE_SMALLCAP,29546.99,20240806
2024-08-06,CRISIL_GILT,1821.61,20240806
2024-08-06,CRISIL_LIQUID,2699.87,20240806
2024-08-06,NIFTY100,15700.58,20240806
2024-08-06,NIFTY50,22404.45,20240806
2024-08-06,NIFTY500,24032.79,20240806
2024-08-06,NIFTY_MIDCAP150,27852.07,20240806
2024-08-07,BSE_SMALLCAP,29731.45,20240807
2024-08-07,CRISIL_GILT,1819.58,20240807
2024-08-07,CRISIL_LIQUID,2701.66,20240807
2024-08-07,NIFTY100,15529.29,20240807
2024-08-07,NIFTY50,22532.78,20240807
2024-08-07,NIFTY500,23977.43,20240807
2024-08-07,NIFTY_MIDCAP150,28317.15,20240807
2024-08-08,BSE_SMALLCAP,30192.46,20240808
2024-08-08,CRISIL_GILT,1818.69,20240808
2024-08-08,CRISIL_LIQUID,2703.23,20240808
2024-08-08,NIFTY100,15362.67,20240808
2024-08-08,NIFTY50,22452.13,20240808
2024-08-08,NIFTY500,24109.54,20240808
2024-08-08,NIFTY_MIDCAP150,28360.75,20240808
2024-08-09,BSE_SMALLCAP,30272.31,20240809
2024-08-09,CRISIL_GILT,1817.43,20240809
2024-08-09,CRISIL_LIQUID,2705.07,20240809
2024-08-09,NIFTY100,15204.19,20240809
2024-08-09,NIFTY50,22367.52,20240809
2024-08-09,NIFTY500,23975.05,20240809
2024-08-09,NIFTY_MIDCAP150,28729.05,20240809
2024-08-12,BSE_SMALLCAP,30553.49,20240812
2024-08-12,CRISIL_GILT,1810.69,20240812
2024-08-12,CRISIL_LIQUID,2704.74,20240812
2024-08-12,NIFTY100,15278.12,20240812
2024-08-12,NIFTY50,22526.84,20240812
2024-08-12,NIFTY500,24060.03,20240812
2024-08-12,NIFTY_MIDCAP150,28424.91,20240812
2024-08-13,BSE_SMALLCAP,30546.78,20240813
2024-08-13,CRISIL_GILT,1805.8,20240813
2024-08-13,CRISIL_LIQUID,2706.92,20240813
2024-08-13,NIFTY100,15336.63,20240813
2024-08-13,NIFTY50,22647.1,20240813
2024-08-13,NIFTY500,23750.83,20240813
2024-08-13,NIFTY_MIDCAP150,28239.86,20240813
2024-08-14,BSE_SMALLCAP,30005.06,20240814
2024-08-14,CRISIL_GILT,1806.23,20240814
2024-08-14,CRISIL_LIQUID,2706.01,20240814
2024-08-14,NIFTY100,15228.61,20240814
2024-08-14,NIFTY50,22735.91,20240814
2024-08-14,NIFTY500,23953.37,20240814
2024-08-14,NIFTY_MIDCAP150,27952.48,20240814
2024-08-15,BSE_SMALLCAP,29556.16,20240815
2024-08-15,CRISIL_GILT,1810.56,20240815
2024-08-15,CRISIL_LIQUID,2705.64,20240815
2024-08-15,NIFTY100,15208.95,20240815
2024-08-15,NIFTY50,22420.47,20240815
2024-08-15,NIFTY500,23803.08,20240815
2024-08-15,NIFTY_MIDCAP150,28130.66,20240815
2024-08-16,BSE_SMALLCAP,30195.11,20240816
2024-08-16,CRISIL_GILT,1809.18,20240816
2024-08-16,CRISIL_LIQUID,2706.49,20240816
2024-08-16,NIFTY100,15053.53,20240816
2024-08-16,NIFTY50,22650.74,20240816
2024-08-16,NIFTY500,23906.78,20240816
2024-08-16,NIFTY_MIDCAP150,27659.71,20240816
2024-08-19,BSE_SMALLCAP,29709.82,20240819
2024-08-19,CRISIL_GILT,1810.04,20240819
2024-08-19,CRISIL_LIQUID,2706.87,20240819
2024-08-19,NIFTY100,14981.01,20240819
2024-08-19,NIFTY50,22929.48,20240819
2024-08-19,NIFTY500,24182.83,20240819
2024-08-19,NIFTY_MIDCAP150,27777.14,20240819
2024-08-20,BSE_SMALLCAP,29809.66,20240820
2024-08-20,CRISIL_GILT,1814.56,20240820
2024-08-20,CRISIL_LIQUID,2706.43,20240820
2024-08-20,NIFTY100,14906.94,20240820
2024-08-20,NIFTY50,22884.85,20240820
2024-08-20,NIFTY500,24406.89,20240820
2024-08-20,NIFTY_MIDCAP150,27639.56,20240820
2024-08-21,BSE_SMALLCAP,29903.18,20240821
2024-08-21,CRISIL_GILT,1827.33,20240821
2024-08-21,CRISIL_LIQUID,2709.14,20240821
2024-08-21,NIFTY100,14950.61,20240821
2024-08-21,NIFTY50,22709.62,20240821
2024-08-21,NIFTY500,24512.37,20240821
2024-08-21,NIFTY_MIDCAP150,27698.08,20240821
2024-08-22,BSE_SMALLCAP,29973.56,20240822
2024-08-22,CRISIL_GILT,1826.4,20240822
2024-08-22,CRISIL_LIQUID,2708.39,20240822
2024-08-22,NIFTY100,15102.72,20240822
2024-08-22,NIFTY50,22490.05,20240822
2024-08-22,NIFTY500,24703.44,20240822
2024-08-22,NIFTY_MIDCAP150,27709.53,20240822
2024-08-23,BSE_SMALLCAP,30423.16,20240823
2024-08-23,CRISIL_GILT,1823.05,20240823
2024-08-23,CRISIL_LIQUID,2707.61,20240823
2024-08-23,NIFTY100,14975.16,20240823
2024-08-23,NIFTY50,22439.05,20240823
2024-08-23,NIFTY500,25044.06,20240823
2024-08-23,NIFTY_MIDCAP150,27902.21,20240823
2024-08-26,BSE_SMALLCAP,30173.77,20240826
2024-08-26,CRISIL_GILT,1827.21,20240826
2024-08-26,CRISIL_LIQUID,2708.58,20240826
2024-08-26,NIFTY100,14880.97,20240826
2024-08-26,NIFTY50,22243.53,20240826
2024-08-26,NIFTY500,25083.57,20240826
2024-08-26,NIFTY_MIDCAP150,28636.89,20240826
2024-08-27,BSE_SMALLCAP,30106.91,20240827
2024-08-27,CRISIL_GILT,1831.66,20240827
2024-08-27,CRISIL_LIQUID,2709.24,20240827
2024-08-27,NIFTY100,14921.39,20240827
2024-08-27,NIFTY50,22207.46,20240827
2024-08-27,NIFTY500,25312.18,20240827
2024-08-27,NIFTY_MIDCAP150,29318.73,20240827
2024-08-28,BSE_SMALLCAP,29986.43,20240828
2024-08-28,CRISIL_GILT,1826.15,20240828
2024-08-28,CRISIL_LIQUID,2708.69,20240828
2024-08-28,NIFTY100,14753.49,20240828
2024-08-28,NIFTY50,22110.53,20240828
2024-08-28,NIFTY500,25063.38,20240828
2024-08-28,NIFTY_MIDCAP150,29610.33,20240828
2024-08-29,BSE_SMALLCAP,29080.05,20240829
2024-08-29,CRISIL_GILT,1821.53,20240829
2024-08-29,CRISIL_LIQUID,2711.25,20240829
2024-08-29,NIFTY100,14650.37,20240829
2024-08-29,NIFTY50,21873.88,20240829
2024-08-29,NIFTY500,24917.35,20240829
2024-08-29,NIFTY_MIDCAP150,29514.1,20240829
2024-08-30,BSE_SMALLCAP,28795.65,20240830
2024-08-30,CRISIL_GILT,1815.77,20240830
2024-08-30,CRISIL_LIQUID,2712.03,20240830
2024-08-30,NIFTY100,14760.51,20240830
2024-08-30,NIFTY50,21757.43,20240830
2024-08-30,NIFTY500,25263.67,20240830
2024-08-30,NIFTY_MIDCAP150,29596.07,20240830
2024-09-02,BSE_SMALLCAP,29244.94,20240902
2024-09-02,CRISIL_GILT,1813.02,20240902
2024-09-02,CRISIL_LIQUID,2712.25,20240902
2024-09-02,NIFTY100,14916.24,20240902
2024-09-02,NIFTY50,21776.98,20240902
2024-09-02,NIFTY500,25221.47,20240902
2024-09-02,NIFTY_MIDCAP150,29481.68,20240902
2024-09-03,BSE_SMALLCAP,30098.31,20240903
2024-09-03,CRISIL_GILT,1817.49,20240903
2024-09-03,CRISIL_LIQUID,2712.95,20240903
2024-09-03,NIFTY100,14810.0,20240903
2024-09-03,NIFTY50,21618.96,20240903
2024-09-03,NIFTY500,25118.02,20240903
2024-09-03,NIFTY_MIDCAP150,29255.28,20240903
2024-09-04,BSE_SMALLCAP,30519.2,20240904
2024-09-04,CRISIL_GILT,1819.64,20240904
2024-09-04,CRISIL_LIQUID,2712.3,20240904
2024-09-04,NIFTY100,14717.11,20240904
2024-09-04,NIFTY50,21560.82,20240904
2024-09-04,NIFTY500,25067.76,20240904
2024-09-04,NIFTY_MIDCAP150,28632.74,20240904
2024-09-05,BSE_SMALLCAP,30705.89,20240905
2024-09-05,CRISIL_GILT,1820.94,20240905
2024-09-05,CRISIL_LIQUID,2713.93,20240905
2024-09-05,NIFTY100,14805.13,20240905
2024-09-05,NIFTY50,21723.49,20240905
2024-09-05,NIFTY500,24923.71,20240905
2024-09-05,NIFTY_MIDCAP150,28576.99,20240905
2024-09-06,BSE_SMALLCAP,30147.69,20240906
2024-09-06,CRISIL_GILT,1816.96,20240906
2024-09-06,CRISIL_LIQUID,2714.86,20240906
2024-09-06,NIFTY100,14928.9,20240906
2024-09-06,NIFTY50,21594.36,20240906
2024-09-06,NIFTY500,24899.11,20240906
2024-09-06,NIFTY_MIDCAP150,28684.76,20240906
2024-09-09,BSE_SMALLCAP,30246.83,20240909
2024-09-09,CRISIL_GILT,1812.63,20240909
2024-09-09,CRISIL_LIQUID,2715.34,20240909
2024-09-09,NIFTY100,14898.73,20240909
2024-09-09,NIFTY50,21435.0,20240909
2024-09-09,NIFTY500,24682.56,20240909
2024-09-09,NIFTY_MIDCAP150,28902.69,20240909
2024-09-10,BSE_SMALLCAP,30309.89,20240910
2024-09-10,CRISIL_GILT,1813.48,20240910
2024-09-10,CRISIL_LIQUID,2716.04,20240910
2024-09-10,NIFTY100,14819.8,20240910
2024-09-10,NIFTY50,21460.45,20240910
2024-09-10,NIFTY500,24571.86,20240910
2024-09-10,NIFTY_MIDCAP150,28958.06,20240910
2024-09-11,BSE_SMALLCAP,31331.8,20240911
2024-09-11,CRISIL_GILT,1813.78,20240911
2024-09-11,CRISIL_LIQUID,2715.98,20240911
2024-09-11,NIFTY100,14888.06,20240911
2024-09-11,NIFTY50,21670.03,20240911
2024-09-11,NIFTY500,24601.59,20240911
2024-09-11,NIFTY_MIDCAP150,28749.24,20240911
2024-09-12,BSE_SMALLCAP,30604.27,20240912
2024-09-12,CRISIL_GILT,1816.54,20240912
2024-09-12,CRISIL_LIQUID,2717.66,20240912
2024-09-12,NIFTY100,14933.94,20240912
2024-09-12,NIFTY50,21751.37,20240912
2024-09-12,NIFTY500,24958.0,20240912
2024-09-12,NIFTY_MIDCAP150,28605.42,20240912
2024-09-13,BSE_SMALLCAP,30099.76,20240913
2024-09-13,CRISIL_GILT,1823.42,20240913
2024-09-13,CRISIL_LIQUID,2717.8,20240913
2024-09-13,NIFTY100,14931.69,20240913
2024-09-13,NIFTY50,21636.51,20240913
2024-09-13,NIFTY500,24961.05,20240913
2024-09-13,NIFTY_MIDCAP150,28924.9,20240913
2024-09-16,BSE_SMALLCAP,30631.45,20240916
2024-09-16,CRISIL_GILT,1818.72,20240916
2024-09-16,CRISIL_LIQUID,2718.02,20240916
2024-09-16,NIFTY100,15160.16,20240916
2024-09-16,NIFTY50,21521.66,20240916
2024-09-16,NIFTY500,24596.8,20240916
2024-09-16,NIFTY_MIDCAP150,28387.59,20240916
2024-09-17,BSE_SMALLCAP,31316.54,20240917
2024-09-17,CRISIL_GILT,1818.55,20240917
2024-09-17,CRISIL_LIQUID,2718.89,20240917
2024-09-17,NIFTY100,15193.21,20240917
2024-09-17,NIFTY50,21440.2,20240917
2024-09-17,NIFTY500,24828.81,20240917
2024-09-17,NIFTY_MIDCAP150,28242.01,20240917
2024-09-18,BSE_SMALLCAP,31483.12,20240918
2024-09-18,CRISIL_GILT,1819.59,20240918
2024-09-18,CRISIL_LIQUID,2717.88,20240918
2024-09-18,NIFTY100,15054.54,20240918
2024-09-18,NIFTY50,21386.9,20240918
2024-09-18,NIFTY500,25018.79,20240918
2024-09-18,NIFTY_MIDCAP150,28267.44,20240918
2024-09-19,BSE_SMALLCAP,31346.65,20240919
2024-09-19,CRISIL_GILT,1821.0,20240919
2024-09-19,CRISIL_LIQUID,2719.05,20240919
2024-09-19,NIFTY100,15108.71,20240919
2024-09-19,NIFTY50,21833.13,20240919
2024-09-19,NIFTY500,24857.0,20240919
2024-09-19,NIFTY_MIDCAP150,28154.12,20240919
2024-09-20,BSE_SMALLCAP,31619.15,20240920
2024-09-20,CRISIL_GILT,1821.86,20240920
2024-09-20,CRISIL_LIQUID,2719.73,20240920
2024-09-20,NIFTY100,15026.52,20240920
2024-09-20,NIFTY50,21860.06,20240920
2024-09-20,NIFTY500,25043.56,20240920
2024-09-20,NIFTY_MIDCAP150,27691.17,20240920
2024-09-23,BSE_SMALLCAP,32611.3,20240923
2024-09-23,CRISIL_GILT,1822.21,20240923
2024-09-23,CRISIL_LIQUID,2720.89,20240923
2024-09-23,NIFTY100,15008.09,20240923
2024-09-23,NIFTY50,22193.05,20240923
2024-09-23,NIFTY500,25027.43,20240923
2024-09-23,NIFTY_MIDCAP150,28004.07,20240923
2024-09-24,BSE_SMALLCAP,32343.05,20240924
2024-09-24,CRISIL_GILT,1823.6,20240924
2024-09-24,CRISIL_LIQUID,2721.38,20240924
2024-09-24,NIFTY100,15104.99,20240924
2024-09-24,NIFTY50,22353.15,20240924
2024-09-24,NIFTY500,25361.33,20240924
2024-09-24,NIFTY_MIDCAP150,28394.2,20240924
2024-09-25,BSE_SMALLCAP,32575.59,20240925
2024-09-25,CRISIL_GILT,1826.5,20240925
2024-09-25,CRISIL_LIQUID,2721.36,20240925
2024-09-25,NIFTY100,15214.41,20240925
2024-09-25,NIFTY50,21904.89,20240925
2024-09-25,NIFTY500,25914.42,20240925
2024-09-25,NIFTY_MIDCAP150,28095.96,20240925
2024-09-26,BSE_SMALLCAP,32507.76,20240926
2024-09-26,CRISIL_GILT,1823.78,20240926
2024-09-26,CRISIL_LIQUID,2722.16,20240926
2024-09-26,NIFTY100,14853.8,20240926
2024-09-26,NIFTY50,21823.42,20240926
2024-09-26,NIFTY500,26019.04,20240926
2024-09-26,NIFTY_MIDCAP150,27109.45,20240926
2024-09-27,BSE_SMALLCAP,32697.99,20240927
2024-09-27,CRISIL_GILT,1826.46,20240927
2024-09-27,CRISIL_LIQUID,2723.72,20240927
2024-09-27,NIFTY100,14787.04,20240927
2024-09-27,NIFTY50,21820.83,20240927
2024-09-27,NIFTY500,26209.35,20240927
2024-09-27,NIFTY_MIDCAP150,27748.81,20240927
2024-09-30,BSE_SMALLCAP,33076.34,20240930
2024-09-30,CRISIL_GILT,1829.35,20240930
2024-09-30,CRISIL_LIQUID,2723.94,20240930
2024-09-30,NIFTY100,14728.18,20240930
2024-09-30,NIFTY50,21860.32,20240930
2024-09-30,NIFTY500,26596.2,20240930
2024-09-30,NIFTY_MIDCAP150,27635.87,20240930
2024-10-01,BSE_SMALLCAP,32831.98,20241001
2024-10-01,CRISIL_GILT,1830.96,20241001
2024-10-01,CRISIL_LIQUID,2725.36,20241001
2024-10-01,NIFTY100,14730.0,20241001
2024-10-01,NIFTY50,21882.13,20241001
2024-10-01,NIFTY500,26836.51,20241001
2024-10-01,NIFTY_MIDCAP150,27350.11,20241001
2024-10-02,BSE_SMALLCAP,33305.02,20241002
2024-10-02,CRISIL_GILT,1838.77,20241002
2024-10-02,CRISIL_LIQUID,2725.8,20241002
2024-10-02,NIFTY100,14626.49,20241002
2024-10-02,NIFTY50,21585.33,20241002
2024-10-02,NIFTY500,26958.29,20241002
2024-10-02,NIFTY_MIDCAP150,27332.93,20241002
2024-10-03,BSE_SMALLCAP,33102.21,20241003
2024-10-03,CRISIL_GILT,1840.3,20241003
2024-10-03,CRISIL_LIQUID,2726.12,20241003
2024-10-03,NIFTY100,14594.44,20241003
2024-10-03,NIFTY50,21285.85,20241003
2024-10-03,NIFTY500,26946.23,20241003
2024-10-03,NIFTY_MIDCAP150,27449.92,20241003
2024-10-04,BSE_SMALLCAP,33389.76,20241004
2024-10-04,CRISIL_GILT,1842.52,20241004
2024-10-04,CRISIL_LIQUID,2727.58,20241004
2024-10-04,NIFTY100,14587.3,20241004
2024-10-04,NIFTY50,21287.69,20241004
2024-10-04,NIFTY500,26691.79,20241004
2024-10-04,NIFTY_MIDCAP150,27272.19,20241004
2024-10-07,BSE_SMALLCAP,32526.0,20241007
2024-10-07,CRISIL_GILT,1838.51,20241007
2024-10-07,CRISIL_LIQUID,2728.58,20241007
2024-10-07,NIFTY100,14390.67,20241007
2024-10-07,NIFTY50,21226.63,20241007
2024-10-07,NIFTY500,26640.36,20241007
2024-10-07,NIFTY_MIDCAP150,27329.83,20241007
2024-10-08,BSE_SMALLCAP,32895.33,20241008
2024-10-08,CRISIL_GILT,1843.86,20241008
2024-10-08,CRISIL_LIQUID,2728.11,20241008
2024-10-08,NIFTY100,14372.93,20241008
2024-10-08,NIFTY50,21458.83,20241008
2024-10-08,NIFTY500,26598.69,20241008
2024-10-08,NIFTY_MIDCAP150,27310.18,20241008
2024-10-09,BSE_SMALLCAP,32516.54,20241009
2024-10-09,CRISIL_GILT,1853.31,20241009
2024-10-09,CRISIL_LIQUID,2728.64,20241009
2024-10-09,NIFTY100,14490.4,20241009
2024-10-09,NIFTY50,21469.47,20241009
2024-10-09,NIFTY500,26617.47,20241009
2024-10-09,NIFTY_MIDCAP150,27115.28,20241009
2024-10-10,BSE_SMALLCAP,32315.15,20241010
2024-10-10,CRISIL_GILT,1854.57,20241010
2024-10-10,CRISIL_LIQUID,2728.34,20241010
2024-10-10,NIFTY100,14346.96,20241010
2024-10-10,NIFTY50,21614.9,20241010
2024-10-10,NIFTY500,26204.2,20241010
2024-10-10,NIFTY_MIDCAP150,26634.68,20241010
2024-10-11,BSE_SMALLCAP,31342.41,20241011
2024-10-11,CRISIL_GILT,1845.47,20241011
2024-10-11,CRISIL_LIQUID,2729.5,20241011
2024-10-11,NIFTY100,14366.73,20241011
2024-10-11,NIFTY50,21740.08,20241011
2024-10-11,NIFTY500,26134.54,20241011
2024-10-11,NIFTY_MIDCAP150,27057.16,20241011
2024-10-14,BSE_SMALLCAP,31267.26,20241014
2024-10-14,CRISIL_GILT,1851.01,20241014
2024-10-14,CRISIL_LIQUID,2729.42,20241014
2024-10-14,NIFTY100,14379.72,20241014
2024-10-14,NIFTY50,21737.68,20241014
2024-10-14,NIFTY500,26088.37,20241014
2024-10-14,NIFTY_MIDCAP150,27248.24,20241014
2024-10-15,BSE_SMALLCAP,31870.94,20241015
2024-10-15,CRISIL_GILT,1857.94,20241015
2024-10-15,CRISIL_LIQUID,2730.26,20241015
2024-10-15,NIFTY100,14171.82,20241015
2024-10-15,NIFTY50,21945.12,20241015
2024-10-15,NIFTY500,25783.18,20241015
2024-10-15,NIFTY_MIDCAP150,27029.11,20241015
2024-10-16,BSE_SMALLCAP,31208.8,20241016
2024-10-16,CRISIL_GILT,1859.48,20241016
2024-10-16,CRISIL_LIQUID,2731.42,20241016
2024-10-16,NIFTY100,14134.89,20241016
2024-10-16,NIFTY50,21871.8,20241016
2024-10-16,NIFTY500,25889.05,20241016
2024-10-16,NIFTY_MIDCAP150,27170.99,20241016
2024-10-17,BSE_SMALLCAP,31315.41,20241017
2024-10-17,CRISIL_GILT,1857.59,20241017
2024-10-17,CRISIL_LIQUID,2732.58,20241017
2024-10-17,NIFTY100,14128.86,20241017
2024-10-17,NIFTY50,21872.35,20241017
2024-10-17,NIFTY500,26114.95,20241017
2024-10-17,NIFTY_MIDCAP150,26921.58,20241017
2024-10-18,BSE_SMALLCAP,30464.24,20241018
2024-10-18,CRISIL_GILT,1864.09,20241018
2024-10-18,CRISIL_LIQUID,2732.81,20241018
2024-10-18,NIFTY100,14278.48,20241018
2024-10-18,NIFTY50,21894.68,20241018
2024-10-18,NIFTY500,26127.48,20241018
2024-10-18,NIFTY_MIDCAP150,26926.99,20241018
2024-10-21,BSE_SMALLCAP,30422.67,20241021
2024-10-21,CRISIL_GILT,1870.26,20241021
2024-10-21,CRISIL_LIQUID,2733.56,20241021
2024-10-21,NIFTY100,14240.13,20241021
2024-10-21,NIFTY50,21753.58,20241021
2024-10-21,NIFTY500,25856.25,20241021
2024-10-21,NIFTY_MIDCAP150,27126.03,20241021
2024-10-22,BSE_SMALLCAP,30808.72,20241022
2024-10-22,CRISIL_GILT,1871.98,20241022
2024-10-22,CRISIL_LIQUID,2733.66,20241022
2024-10-22,NIFTY100,14288.49,20241022
2024-10-22,NIFTY50,21557.84,20241022
2024-10-22,NIFTY500,25846.05,20241022
2024-10-22,NIFTY_MIDCAP150,27286.43,20241022
2024-10-23,BSE_SMALLCAP,30784.4,20241023
2024-10-23,CRISIL_GILT,1877.9,20241023
2024-10-23,CRISIL_LIQUID,2734.0,20241023
2024-10-23,NIFTY100,14210.56,20241023
2024-10-23,NIFTY50,21341.42,20241023
2024-10-23,NIFTY500,26027.18,20241023
2024-10-23,NIFTY_MIDCAP150,27178.22,20241023
2024-10-24,BSE_SMALLCAP,31141.45,20241024
2024-10-24,CRISIL_GILT,1875.01,20241024
2024-10-24,CRISIL_LIQUID,2733.89,20241024
2024-10-24,NIFTY100,14250.15,20241024
2024-10-24,NIFTY50,21169.13,20241024
2024-10-24,NIFTY500,26201.53,20241024
2024-10-24,NIFTY_MIDCAP150,27448.38,20241024
2024-10-25,BSE_SMALLCAP,30947.48,20241025
2024-10-25,CRISIL_GILT,1881.66,20241025
2024-10-25,CRISIL_LIQUID,2734.64,20241025
2024-10-25,NIFTY100,14357.37,20241025
2024-10-25,NIFTY50,21155.33,20241025
2024-10-25,NIFTY500,26204.27,20241025
2024-10-25,NIFTY_MIDCAP150,27469.11,20241025
2024-10-28,BSE_SMALLCAP,32098.9,20241028
2024-10-28,CRISIL_GILT,1883.49,20241028
2024-10-28,CRISIL_LIQUID,2735.76,20241028
2024-10-28,NIFTY100,14168.56,20241028
2024-10-28,NIFTY50,21218.4,20241028
2024-10-28,NIFTY500,26312.74,20241028
2024-10-28,NIFTY_MIDCAP150,27322.79,20241028
2024-10-29,BSE_SMALLCAP,32615.67,20241029
2024-10-29,CRISIL_GILT,1882.59,20241029
2024-10-29,CRISIL_LIQUID,2735.74,20241029
2024-10-29,NIFTY100,14189.62,20241029
2024-10-29,NIFTY50,21010.6,20241029
2024-10-29,NIFTY500,26179.28,20241029
2024-10-29,NIFTY_MIDCAP150,27864.48,20241029
2024-10-30,BSE_SMALLCAP,32733.86,20241030
2024-10-30,CRISIL_GILT,1883.67,20241030
2024-10-30,CRISIL_LIQUID,2735.72,20241030
2024-10-30,NIFTY100,14256.69,20241030
2024-10-30,NIFTY50,21029.77,20241030
2024-10-30,NIFTY500,26365.46,20241030
2024-10-30,NIFTY_MIDCAP150,27529.05,20241030
2024-10-31,BSE_SMALLCAP,33543.71,20241031
2024-10-31,CRISIL_GILT,1888.05,20241031
2024-10-31,CRISIL_LIQUID,2737.8,20241031
2024-10-31,NIFTY100,14246.14,20241031
2024-10-31,NIFTY50,20995.61,20241031
2024-10-31,NIFTY500,26284.09,20241031
2024-10-31,NIFTY_MIDCAP150,27671.69,20241031
2024-11-01,BSE_SMALLCAP,34222.75,20241101
2024-11-01,CRISIL_GILT,1890.06,20241101
2024-11-01,CRISIL_LIQUID,2737.79,20241101
2024-11-01,NIFTY100,14279.33,20241101
2024-11-01,NIFTY50,21165.71,20241101
2024-11-01,NIFTY500,26120.99,20241101
2024-11-01,NIFTY_MIDCAP150,28137.69,20241101
2024-11-04,BSE_SMALLCAP,33993.08,20241104
2024-11-04,CRISIL_GILT,1899.36,20241104
2024-11-04,CRISIL_LIQUID,2739.11,20241104
2024-11-04,NIFTY100,14373.15,20241104
2024-11-04,NIFTY50,21088.33,20241104
2024-11-04,NIFTY500,26354.8,20241104
2024-11-04,NIFTY_MIDCAP150,27617.39,20241104
2024-11-05,BSE_SMALLCAP,34254.28,20241105
2024-11-05,CRISIL_GILT,1905.72,20241105
2024-11-05,CRISIL_LIQUID,2740.69,20241105
2024-11-05,NIFTY100,14218.52,20241105
2024-11-05,NIFTY50,21373.95,20241105
2024-11-05,NIFTY500,26399.43,20241105
2024-11-05,NIFTY_MIDCAP150,28152.57,20241105
2024-11-06,BSE_SMALLCAP,34138.45,20241106
2024-11-06,CRISIL_GILT,1900.65,20241106
2024-11-06,CRISIL_LIQUID,2741.64,20241106
2024-11-06,NIFTY100,14269.15,20241106
2024-11-06,NIFTY50,21517.91,20241106
2024-11-06,NIFTY500,26432.22,20241106
2024-11-06,NIFTY_MIDCAP150,28715.39,20241106
2024-11-07,BSE_SMALLCAP,34600.55,20241107
2024-11-07,CRISIL_GILT,1905.63,20241107
2024-11-07,CRISIL_LIQUID,2742.66,20241107
2024-11-07,NIFTY100,14414.19,20241107
2024-11-07,NIFTY50,21469.52,20241107
2024-11-07,NIFTY500,26570.64,20241107
2024-11-07,NIFTY_MIDCAP150,28581.36,20241107
2024-11-08,BSE_SMALLCAP,35387.83,20241108
2024-11-08,CRISIL_GILT,1911.01,20241108
2024-11-08,CRISIL_LIQUID,2743.43,20241108
2024-11-08,NIFTY100,14369.34,20241108
2024-11-08,NIFTY50,21383.49,20241108
2024-11-08,NIFTY500,26568.5,20241108
2024-11-08,NIFTY_MIDCAP150,28693.51,20241108
2024-11-11,BSE_SMALLCAP,34694.22,20241111
2024-11-11,CRISIL_GILT,1914.52,20241111
2024-11-11,CRISIL_LIQUID,2742.96,20241111
2024-11-11,NIFTY100,14300.81,20241111
2024-11-11,NIFTY50,21549.43,20241111
2024-11-11,NIFTY500,26364.64,20241111
2024-11-11,NIFTY_MIDCAP150,28472.99,20241111
2024-11-12,BSE_SMALLCAP,34776.37,20241112
2024-11-12,CRISIL_GILT,1910.49,20241112
2024-11-12,CRISIL_LIQUID,2744.59,20241112
2024-11-12,NIFTY100,14232.26,20241112
2024-11-12,NIFTY50,21500.74,20241112
2024-11-12,NIFTY500,26326.02,20241112
2024-11-12,NIFTY_MIDCAP150,28225.76,20241112
2024-11-13,BSE_SMALLCAP,35513.76,20241113
2024-11-13,CRISIL_GILT,1916.43,20241113
2024-11-13,CRISIL_LIQUID,2744.92,20241113
2024-11-13,NIFTY100,14272.7,20241113
2024-11-13,NIFTY50,21517.68,20241113
2024-11-13,NIFTY500,25995.86,20241113
2024-11-13,NIFTY_MIDCAP150,27883.52,20241113
2024-11-14,BSE_SMALLCAP,35915.63,20241114
2024-11-14,CRISIL_GILT,1918.24,20241114
2024-11-14,CRISIL_LIQUID,2746.34,20241114
2024-11-14,NIFTY100,14445.88,20241114
2024-11-14,NIFTY50,21438.01,20241114
2024-11-14,NIFTY500,26279.61,20241114
2024-11-14,NIFTY_MIDCAP150,28442.44,20241114
2024-11-15,BSE_SMALLCAP,36154.89,20241115
2024-11-15,CRISIL_GILT,1913.9,20241115
2024-11-15,CRISIL_LIQUID,2747.03,20241115
2024-11-15,NIFTY100,14699.96,20241115
2024-11-15,NIFTY50,21350.68,20241115
2024-11-15,NIFTY500,26037.24,20241115
2024-11-15,NIFTY_MIDCAP150,28385.63,20241115
2024-11-18,BSE_SMALLCAP,36723.84,20241118
2024-11-18,CRISIL_GILT,1916.17,20241118
2024-11-18,CRISIL_LIQUID,2748.16,20241118
2024-11-18,NIFTY100,14897.22,20241118
2024-11-18,NIFTY50,21147.94,20241118
2024-11-18,NIFTY500,26501.05,20241118
2024-11-18,NIFTY_MIDCAP150,27960.82,20241118
2024-11-19,BSE_SMALLCAP,36075.02,20241119
2024-11-19,CRISIL_GILT,1922.19,20241119
2024-11-19,CRISIL_LIQUID,2749.1,20241119
2024-11-19,NIFTY100,14862.16,20241119
2024-11-19,NIFTY50,21396.52,20241119
2024-11-19,NIFTY500,26330.86,20241119
2024-11-19,NIFTY_MIDCAP150,28310.01,20241119
2024-11-20,BSE_SMALLCAP,36386.2,20241120
2024-11-20,CRISIL_GILT,1918.66,20241120
2024-11-20,CRISIL_LIQUID,2749.41,20241120
2024-11-20,NIFTY100,14764.86,20241120
2024-11-20,NIFTY50,21337.55,20241120
2024-11-20,NIFTY500,26488.04,20241120
2024-11-20,NIFTY_MIDCAP150,28545.1,20241120
2024-11-21,BSE_SMALLCAP,37040.06,20241121
2024-11-21,CRISIL_GILT,1915.14,20241121
2024-11-21,CRISIL_LIQUID,2750.8,20241121
2024-11-21,NIFTY100,14586.66,20241121
2024-11-21,NIFTY50,21371.25,20241121
2024-11-21,NIFTY500,26944.27,20241121
2024-11-21,NIFTY_MIDCAP150,28685.21,20241121
2024-11-22,BSE_SMALLCAP,37360.2,20241122
2024-11-22,CRISIL_GILT,1919.21,20241122
2024-11-22,CRISIL_LIQUID,2750.35,20241122
2024-11-22,NIFTY100,14647.02,20241122
2024-11-22,NIFTY50,21467.6,20241122
2024-11-22,NIFTY500,27020.38,20241122
2024-11-22,NIFTY_MIDCAP150,28489.96,20241122
2024-11-25,BSE_SMALLCAP,36760.39,20241125
2024-11-25,CRISIL_GILT,1921.54,20241125
2024-11-25,CRISIL_LIQUID,2752.13,20241125
2024-11-25,NIFTY100,15010.84,20241125
2024-11-25,NIFTY50,21717.8,20241125
2024-11-25,NIFTY500,26957.63,20241125
2024-11-25,NIFTY_MIDCAP150,28377.97,20241125
2024-11-26,BSE_SMALLCAP,36595.04,20241126
2024-11-26,CRISIL_GILT,1926.07,20241126
2024-11-26,CRISIL_LIQUID,2753.79,20241126
2024-11-26,NIFTY100,15043.38,20241126
2024-11-26,NIFTY50,21628.92,20241126
2024-11-26,NIFTY500,26979.24,20241126
2024-11-26,NIFTY_MIDCAP150,29071.23,20241126
2024-11-27,BSE_SMALLCAP,36626.79,20241127
2024-11-27,CRISIL_GILT,1926.96,20241127
2024-11-27,CRISIL_LIQUID,2754.27,20241127
2024-11-27,NIFTY100,15092.83,20241127
2024-11-27,NIFTY50,21234.91,20241127
2024-11-27,NIFTY500,26787.95,20241127
2024-11-27,NIFTY_MIDCAP150,29217.02,20241127
2024-11-28,BSE_SMALLCAP,36239.2,20241128
2024-11-28,CRISIL_GILT,1939.74,20241128
2024-11-28,CRISIL_LIQUID,2755.2,20241128
2024-11-28,NIFTY100,15094.69,20241128
2024-11-28,NIFTY50,21260.85,20241128
2024-11-28,NIFTY500,26327.15,20241128
2024-11-28,NIFTY_MIDCAP150,29060.84,20241128
2024-11-29,BSE_SMALLCAP,35814.92,20241129
2024-11-29,CRISIL_GILT,1938.58,20241129
2024-11-29,CRISIL_LIQUID,2755.69,20241129
2024-11-29,NIFTY100,15170.81,20241129
2024-11-29,NIFTY50,21358.1,20241129
2024-11-29,NIFTY500,26479.58,20241129
2024-11-29,NIFTY_MIDCAP150,29325.47,20241129
2024-12-02,BSE_SMALLCAP,36085.33,20241202
2024-12-02,CRISIL_GILT,1942.4,20241202
2024-12-02,CRISIL_LIQUID,2755.68,20241202
2024-12-02,NIFTY100,15100.92,20241202
2024-12-02,NIFTY50,21273.83,20241202
2024-12-02,NIFTY500,26024.02,20241202
2024-12-02,NIFTY_MIDCAP150,29626.17,20241202
2024-12-03,BSE_SMALLCAP,36945.06,20241203
2024-12-03,CRISIL_GILT,1940.73,20241203
2024-12-03,CRISIL_LIQUID,2756.32,20241203
2024-12-03,NIFTY100,15148.34,20241203
2024-12-03,NIFTY50,21379.73,20241203
2024-12-03,NIFTY500,25725.11,20241203
2024-12-03,NIFTY_MIDCAP150,30260.81,20241203
2024-12-04,BSE_SMALLCAP,36017.96,20241204
2024-12-04,CRISIL_GILT,1934.44,20241204
2024-12-04,CRISIL_LIQUID,2757.27,20241204
2024-12-04,NIFTY100,15118.43,20241204
2024-12-04,NIFTY50,21390.01,20241204
2024-12-04,NIFTY500,25751.46,20241204
2024-12-04,NIFTY_MIDCAP150,30302.55,20241204
2024-12-05,BSE_SMALLCAP,35803.23,20241205
2024-12-05,CRISIL_GILT,1934.4,20241205
2024-12-05,CRISIL_LIQUID,2759.14,20241205
2024-12-05,NIFTY100,15184.85,20241205
2024-12-05,NIFTY50,21338.71,20241205
2024-12-05,NIFTY500,25615.27,20241205
2024-12-05,NIFTY_MIDCAP150,30574.68,20241205
2024-12-06,BSE_SMALLCAP,35471.92,20241206
2024-12-06,CRISIL_GILT,1933.61,20241206
2024-12-06,CRISIL_LIQUID,2759.68,20241206
2024-12-06,NIFTY100,15190.58,20241206
2024-12-06,NIFTY50,21582.0,20241206
2024-12-06,NIFTY500,25739.62,20241206
2024-12-06,NIFTY_MIDCAP150,30779.0,20241206
2024-12-09,BSE_SMALLCAP,36243.44,20241209
2024-12-09,CRISIL_GILT,1942.89,20241209
2024-12-09,CRISIL_LIQUID,2760.4,20241209
2024-12-09,NIFTY100,15262.58,20241209
2024-12-09,NIFTY50,21535.65,20241209
2024-12-09,NIFTY500,26118.64,20241209
2024-12-09,NIFTY_MIDCAP150,30550.08,20241209
2024-12-10,BSE_SMALLCAP,36634.67,20241210
2024-12-10,CRISIL_GILT,1945.6,20241210
2024-12-10,CRISIL_LIQUID,2762.24,20241210
2024-12-10,NIFTY100,15156.27,20241210
2024-12-10,NIFTY50,21840.26,20241210
2024-12-10,NIFTY500,26073.19,20241210
2024-12-10,NIFTY_MIDCAP150,30099.69,20241210
2024-12-11,BSE_SMALLCAP,37374.7,20241211
2024-12-11,CRISIL_GILT,1942.39,20241211
2024-12-11,CRISIL_LIQUID,2763.4,20241211
2024-12-11,NIFTY100,15299.43,20241211
2024-12-11,NIFTY50,21856.57,20241211
2024-12-11,NIFTY500,25947.15,20241211
2024-12-11,NIFTY_MIDCAP150,30331.81,20241211
2024-12-12,BSE_SMALLCAP,37863.38,20241212
2024-12-12,CRISIL_GILT,1943.27,20241212
2024-12-12,CRISIL_LIQUID,2762.9,20241212
2024-12-12,NIFTY100,15429.09,20241212
2024-12-12,NIFTY50,21718.53,20241212
2024-12-12,NIFTY500,26368.59,20241212
2024-12-12,NIFTY_MIDCAP150,30590.31,20241212
2024-12-13,BSE_SMALLCAP,38515.82,20241213
2024-12-13,CRISIL_GILT,1939.44,20241213
2024-12-13,CRISIL_LIQUID,2763.58,20241213
2024-12-13,NIFTY100,15398.71,20241213
2024-12-13,NIFTY50,21392.39,20241213
2024-12-13,NIFTY500,26541.71,20241213
2024-12-13,NIFTY_MIDCAP150,29777.13,20241213
2024-12-16,BSE_SMALLCAP,38696.78,20241216
2024-12-16,CRISIL_GILT,1938.81,20241216
2024-12-16,CRISIL_LIQUID,2765.02,20241216
2024-12-16,NIFTY100,15335.05,20241216
2024-12-16,NIFTY50,21612.32,20241216
2024-12-16,NIFTY500,26772.66,20241216
2024-12-16,NIFTY_MIDCAP150,29975.62,20241216
2024-12-17,BSE_SMALLCAP,38980.65,20241217
2024-12-17,CRISIL_GILT,1944.48,20241217
2024-12-17,CRISIL_LIQUID,2767.88,20241217
2024-12-17,NIFTY100,15184.43,20241217
2024-12-17,NIFTY50,21792.31,20241217
2024-12-17,NIFTY500,26986.74,20241217
2024-12-17,NIFTY_MIDCAP150,29967.79,20241217
2024-12-18,BSE_SMALLCAP,39293.25,20241218
2024-12-18,CRISIL_GILT,1947.39,20241218
2024-12-18,CRISIL_LIQUID,2768.75,20241218
2024-12-18,NIFTY100,15047.46,20241218
2024-12-18,NIFTY50,21945.2,20241218
2024-12-18,NIFTY500,26942.01,20241218
2024-12-18,NIFTY_MIDCAP150,30135.31,20241218
2024-12-19,BSE_SMALLCAP,39339.46,20241219
2024-12-19,CRISIL_GILT,1939.89,20241219
2024-12-19,CRISIL_LIQUID,2767.65,20241219
2024-12-19,NIFTY100,15006.41,20241219
2024-12-19,NIFTY50,22187.83,20241219
2024-12-19,NIFTY500,26866.71,20241219
2024-12-19,NIFTY_MIDCAP150,29990.34,20241219
2024-12-20,BSE_SMALLCAP,39370.34,20241220
2024-12-20,CRISIL_GILT,1936.6,20241220
2024-12-20,CRISIL_LIQUID,2766.78,20241220
2024-12-20,NIFTY100,15032.5,20241220
2024-12-20,NIFTY50,22527.48,20241220
2024-12-20,NIFTY500,26656.09,20241220
2024-12-20,NIFTY_MIDCAP150,30508.39,20241220
2024-12-23,BSE_SMALLCAP,39658.63,20241223
2024-12-23,CRISIL_GILT,1933.13,20241223
2024-12-23,CRISIL_LIQUID,2766.89,20241223
2024-12-23,NIFTY100,15064.49,20241223
2024-12-23,NIFTY50,22146.78,20241223
2024-12-23,NIFTY500,26841.32,20241223
2024-12-23,NIFTY_MIDCAP150,30886.4,20241223
2024-12-24,BSE_SMALLCAP,39935.01,20241224
2024-12-24,CRISIL_GILT,1930.34,20241224
2024-12-24,CRISIL_LIQUID,2766.78,20241224
2024-12-24,NIFTY100,15288.32,20241224
2024-12-24,NIFTY50,21838.5,20241224
2024-12-24,NIFTY500,26946.6,20241224
2024-12-24,NIFTY_MIDCAP150,30423.0,20241224
2024-12-25,BSE_SMALLCAP,40080.76,20241225
2024-12-25,CRISIL_GILT,1932.34,20241225
2024-12-25,CRISIL_LIQUID,2768.22,20241225
2024-12-25,NIFTY100,15231.62,20241225
2024-12-25,NIFTY50,21798.66,20241225
2024-12-25,NIFTY500,27114.54,20241225
2024-12-25,NIFTY_MIDCAP150,30106.07,20241225
2024-12-26,BSE_SMALLCAP,40209.98,20241226
2024-12-26,CRISIL_GILT,1938.0,20241226
2024-12-26,CRISIL_LIQUID,2770.56,20241226
2024-12-26,NIFTY100,15162.79,20241226
2024-12-26,NIFTY50,21984.51,20241226
2024-12-26,NIFTY500,26684.48,20241226
2024-12-26,NIFTY_MIDCAP150,30145.79,20241226
2024-12-27,BSE_SMALLCAP,40637.66,20241227
2024-12-27,CRISIL_GILT,1936.92,20241227
2024-12-27,CRISIL_LIQUID,2771.95,20241227
2024-12-27,NIFTY100,15158.44,20241227
2024-12-27,NIFTY50,22047.05,20241227
2024-12-27,NIFTY500,26918.31,20241227
2024-12-27,NIFTY_MIDCAP150,29954.01,20241227
2024-12-30,BSE_SMALLCAP,40594.86,20241230
2024-12-30,CRISIL_GILT,1934.41,20241230
2024-12-30,CRISIL_LIQUID,2773.46,20241230
2024-12-30,NIFTY100,15052.32,20241230
2024-12-30,NIFTY50,22110.15,20241230
2024-12-30,NIFTY500,26823.28,20241230
2024-12-30,NIFTY_MIDCAP150,30342.83,20241230
2024-12-31,BSE_SMALLCAP,39942.39,20241231
2024-12-31,CRISIL_GILT,1939.04,20241231
2024-12-31,CRISIL_LIQUID,2774.76,20241231
2024-12-31,NIFTY100,15249.27,20241231
2024-12-31,NIFTY50,22040.14,20241231
2024-12-31,NIFTY500,26344.73,20241231
2024-12-31,NIFTY_MIDCAP150,30015.58,20241231
2025-01-01,BSE_SMALLCAP,40085.12,20250101
2025-01-01,CRISIL_GILT,1941.13,20250101
2025-01-01,CRISIL_LIQUID,2775.79,20250101
2025-01-01,NIFTY100,15482.17,20250101
2025-01-01,NIFTY50,21898.36,20250101
2025-01-01,NIFTY500,26058.06,20250101
2025-01-01,NIFTY_MIDCAP150,30402.21,20250101
2025-01-02,BSE_SMALLCAP,39617.6,20250102
2025-01-02,CRISIL_GILT,1939.14,20250102
2025-01-02,CRISIL_LIQUID,2775.84,20250102
2025-01-02,NIFTY100,15590.37,20250102
2025-01-02,NIFTY50,21891.34,20250102
2025-01-02,NIFTY500,25956.52,20250102
2025-01-02,NIFTY_MIDCAP150,29595.57,20250102
2025-01-03,BSE_SMALLCAP,40220.72,20250103
2025-01-03,CRISIL_GILT,1937.8,20250103
2025-01-03,CRISIL_LIQUID,2777.25,20250103
2025-01-03,NIFTY100,15717.14,20250103
2025-01-03,NIFTY50,21856.17,20250103
2025-01-03,NIFTY500,25806.28,20250103
2025-01-03,NIFTY_MIDCAP150,29478.76,20250103
2025-01-06,BSE_SMALLCAP,39923.38,20250106
2025-01-06,CRISIL_GILT,1936.94,20250106
2025-01-06,CRISIL_LIQUID,2777.64,20250106
2025-01-06,NIFTY100,15703.81,20250106
2025-01-06,NIFTY50,21786.26,20250106
2025-01-06,NIFTY500,25822.49,20250106
2025-01-06,NIFTY_MIDCAP150,29965.55,20250106
2025-01-07,BSE_SMALLCAP,39675.82,20250107
2025-01-07,CRISIL_GILT,1942.92,20250107
2025-01-07,CRISIL_LIQUID,2779.08,20250107
2025-01-07,NIFTY100,15798.1,20250107
2025-01-07,NIFTY50,21909.21,20250107
2025-01-07,NIFTY500,25940.51,20250107
2025-01-07,NIFTY_MIDCAP150,29965.1,20250107
2025-01-08,BSE_SMALLCAP,39933.13,20250108
2025-01-08,CRISIL_GILT,1945.64,20250108
2025-01-08,CRISIL_LIQUID,2780.18,20250108
2025-01-08,NIFTY100,15968.03,20250108
2025-01-08,NIFTY50,21917.86,20250108
2025-01-08,NIFTY500,25927.71,20250108
2025-01-08,NIFTY_MIDCAP150,29993.57,20250108
2025-01-09,BSE_SMALLCAP,39955.18,20250109
2025-01-09,CRISIL_GILT,1955.22,20250109
2025-01-09,CRISIL_LIQUID,2780.9,20250109
2025-01-09,NIFTY100,15933.63,20250109
2025-01-09,NIFTY50,22007.87,20250109
2025-01-09,NIFTY500,25833.22,20250109
2025-01-09,NIFTY_MIDCAP150,30278.52,20250109
2025-01-10,BSE_SMALLCAP,40644.33,20250110
2025-01-10,CRISIL_GILT,1958.48,20250110
2025-01-10,CRISIL_LIQUID,2780.96,20250110
2025-01-10,NIFTY100,16129.36,20250110
2025-01-10,NIFTY50,21998.22,20250110
2025-01-10,NIFTY500,25878.91,20250110
2025-01-10,NIFTY_MIDCAP150,30479.55,20250110
2025-01-13,BSE_SMALLCAP,40555.66,20250113
2025-01-13,CRISIL_GILT,1954.67,20250113
2025-01-13,CRISIL_LIQUID,2781.62,20250113
2025-01-13,NIFTY100,16133.9,20250113
2025-01-13,NIFTY50,22132.75,20250113
2025-01-13,NIFTY500,25927.87,20250113
2025-01-13,NIFTY_MIDCAP150,30460.14,20250113
2025-01-14,BSE_SMALLCAP,40419.5,20250114
2025-01-14,CRISIL_GILT,1947.03,20250114
2025-01-14,CRISIL_LIQUID,2781.83,20250114
2025-01-14,NIFTY100,16128.6,20250114
2025-01-14,NIFTY50,21943.93,20250114
2025-01-14,NIFTY500,26233.15,20250114
2025-01-14,NIFTY_MIDCAP150,30938.52,20250114
2025-01-15,BSE_SMALLCAP,40022.8,20250115
2025-01-15,CRISIL_GILT,1944.54,20250115
2025-01-15,CRISIL_LIQUID,2781.03,20250115
2025-01-15,NIFTY100,16020.77,20250115
2025-01-15,NIFTY50,21701.58,20250115
2025-01-15,NIFTY500,26105.68,20250115
2025-01-15,NIFTY_MIDCAP150,31003.57,20250115
2025-01-16,BSE_SMALLCAP,39398.85,20250116
2025-01-16,CRISIL_GILT,1937.11,20250116
2025-01-16,CRISIL_LIQUID,2780.78,20250116
2025-01-16,NIFTY100,16057.4,20250116
2025-01-16,NIFTY50,21652.11,20250116
2025-01-16,NIFTY500,26093.57,20250116
2025-01-16,NIFTY_MIDCAP150,31214.67,20250116
2025-01-17,BSE_SMALLCAP,39140.44,20250117
2025-01-17,CRISIL_GILT,1933.87,20250117
2025-01-17,CRISIL_LIQUID,2781.75,20250117
2025-01-17,NIFTY100,16213.08,20250117
2025-01-17,NIFTY50,21798.48,20250117
2025-01-17,NIFTY500,26489.21,20250117
2025-01-17,NIFTY_MIDCAP150,31571.01,20250117
2025-01-20,BSE_SMALLCAP,39392.4,20250120
2025-01-20,CRISIL_GILT,1934.52,20250120
2025-01-20,CRISIL_LIQUID,2780.19,20250120
2025-01-20,NIFTY100,15923.37,20250120
2025-01-20,NIFTY50,21744.26,20250120
2025-01-20,NIFTY500,26219.37,20250120
2025-01-20,NIFTY_MIDCAP150,30732.77,20250120
2025-01-21,BSE_SMALLCAP,40128.05,20250121
2025-01-21,CRISIL_GILT,1928.75,20250121
2025-01-21,CRISIL_LIQUID,2782.99,20250121
2025-01-21,NIFTY100,15975.8,20250121
2025-01-21,NIFTY50,22120.01,20250121
2025-01-21,NIFTY500,26148.59,20250121
2025-01-21,NIFTY_MIDCAP150,30502.46,20250121
2025-01-22,BSE_SMALLCAP,40633.17,20250122
2025-01-22,CRISIL_GILT,1933.13,20250122
2025-01-22,CRISIL_LIQUID,2783.26,20250122
2025-01-22,NIFTY100,16078.7,20250122
2025-01-22,NIFTY50,21946.64,20250122
2025-01-22,NIFTY500,25951.95,20250122
2025-01-22,NIFTY_MIDCAP150,30318.42,20250122
2025-01-23,BSE_SMALLCAP,40342.01,20250123
2025-01-23,CRISIL_GILT,1931.22,20250123
2025-01-23,CRISIL_LIQUID,2784.73,20250123
2025-01-23,NIFTY100,16102.07,20250123
2025-01-23,NIFTY50,21922.3,20250123
2025-01-23,NIFTY500,25679.74,20250123
2025-01-23,NIFTY_MIDCAP150,30565.15,20250123
2025-01-24,BSE_SMALLCAP,40461.7,20250124
2025-01-24,CRISIL_GILT,1935.67,20250124
2025-01-24,CRISIL_LIQUID,2783.56,20250124
2025-01-24,NIFTY100,15852.25,20250124
2025-01-24,NIFTY50,21605.35,20250124
2025-01-24,NIFTY500,25744.08,20250124
2025-01-24,NIFTY_MIDCAP150,31195.14,20250124
2025-01-27,BSE_SMALLCAP,40506.36,20250127
2025-01-27,CRISIL_GILT,1931.62,20250127
2025-01-27,CRISIL_LIQUID,2783.42,20250127
2025-01-27,NIFTY100,15684.27,20250127
2025-01-27,NIFTY50,21878.84,20250127
2025-01-27,NIFTY500,26061.36,20250127
2025-01-27,NIFTY_MIDCAP150,30561.45,20250127
2025-01-28,BSE_SMALLCAP,41191.47,20250128
2025-01-28,CRISIL_GILT,1935.7,20250128
2025-01-28,CRISIL_LIQUID,2785.06,20250128
2025-01-28,NIFTY100,15681.47,20250128
2025-01-28,NIFTY50,21867.68,20250128
2025-01-28,NIFTY500,26561.68,20250128
2025-01-28,NIFTY_MIDCAP150,30436.93,20250128
2025-01-29,BSE_SMALLCAP,41979.28,20250129
2025-01-29,CRISIL_GILT,1933.79,20250129
2025-01-29,CRISIL_LIQUID,2786.15,20250129
2025-01-29,NIFTY100,15475.43,20250129
2025-01-29,NIFTY50,21460.36,20250129
2025-01-29,NIFTY500,26565.52,20250129
2025-01-29,NIFTY_MIDCAP150,30836.5,20250129
2025-01-30,BSE_SMALLCAP,40891.03,20250130
2025-01-30,CRISIL_GILT,1933.19,20250130
2025-01-30,CRISIL_LIQUID,2786.52,20250130
2025-01-30,NIFTY100,15827.04,20250130
2025-01-30,NIFTY50,21415.14,20250130
2025-01-30,NIFTY500,26697.83,20250130
2025-01-30,NIFTY_MIDCAP150,30253.33,20250130
2025-01-31,BSE_SMALLCAP,41718.09,20250131
2025-01-31,CRISIL_GILT,1930.65,20250131
2025-01-31,CRISIL_LIQUID,2788.99,20250131
2025-01-31,NIFTY100,16003.75,20250131
2025-01-31,NIFTY50,20978.61,20250131
2025-01-31,NIFTY500,26839.46,20250131
2025-01-31,NIFTY_MIDCAP150,30404.41,20250131
2025-02-03,BSE_SMALLCAP,40849.61,20250203
2025-02-03,CRISIL_GILT,1930.47,20250203
2025-02-03,CRISIL_LIQUID,2788.46,20250203
2025-02-03,NIFTY100,15876.03,20250203
2025-02-03,NIFTY50,21199.23,20250203
2025-02-03,NIFTY500,26804.56,20250203
2025-02-03,NIFTY_MIDCAP150,30581.28,20250203
2025-02-04,BSE_SMALLCAP,41033.82,20250204
2025-02-04,CRISIL_GILT,1933.83,20250204
2025-02-04,CRISIL_LIQUID,2790.15,20250204
2025-02-04,NIFTY100,15997.59,20250204
2025-02-04,NIFTY50,21051.69,20250204
2025-02-04,NIFTY500,27122.99,20250204
2025-02-04,NIFTY_MIDCAP150,30787.79,20250204
2025-02-05,BSE_SMALLCAP,39890.85,20250205
2025-02-05,CRISIL_GILT,1927.67,20250205
2025-02-05,CRISIL_LIQUID,2790.49,20250205
2025-02-05,NIFTY100,16093.28,20250205
2025-02-05,NIFTY50,21068.72,20250205
2025-02-05,NIFTY500,27097.65,20250205
2025-02-05,NIFTY_MIDCAP150,30417.12,20250205
2025-02-06,BSE_SMALLCAP,40485.18,20250206
2025-02-06,CRISIL_GILT,1939.05,20250206
2025-02-06,CRISIL_LIQUID,2790.46,20250206
2025-02-06,NIFTY100,16053.21,20250206
2025-02-06,NIFTY50,20951.31,20250206
2025-02-06,NIFTY500,27372.52,20250206
2025-02-06,NIFTY_MIDCAP150,30422.48,20250206
2025-02-07,BSE_SMALLCAP,40324.49,20250207
2025-02-07,CRISIL_GILT,1950.55,20250207
2025-02-07,CRISIL_LIQUID,2789.45,20250207
2025-02-07,NIFTY100,16190.65,20250207
2025-02-07,NIFTY50,20926.99,20250207
2025-02-07,NIFTY500,27300.66,20250207
2025-02-07,NIFTY_MIDCAP150,30029.74,20250207
2025-02-10,BSE_SMALLCAP,40733.43,20250210
2025-02-10,CRISIL_GILT,1948.65,20250210
2025-02-10,CRISIL_LIQUID,2788.57,20250210
2025-02-10,NIFTY100,15923.94,20250210
2025-02-10,NIFTY50,21075.16,20250210
2025-02-10,NIFTY500,27038.39,20250210
2025-02-10,NIFTY_MIDCAP150,30428.47,20250210
2025-02-11,BSE_SMALLCAP,40600.07,20250211
2025-02-11,CRISIL_GILT,1954.1,20250211
2025-02-11,CRISIL_LIQUID,2789.41,20250211
2025-02-11,NIFTY100,15886.99,20250211
2025-02-11,NIFTY50,21015.32,20250211
2025-02-11,NIFTY500,26793.34,20250211
2025-02-11,NIFTY_MIDCAP150,30082.58,20250211
2025-02-12,BSE_SMALLCAP,41179.76,20250212
2025-02-12,CRISIL_GILT,1948.78,20250212
2025-02-12,CRISIL_LIQUID,2790.2,20250212
2025-02-12,NIFTY100,15826.68,20250212
2025-02-12,NIFTY50,21121.5,20250212
2025-02-12,NIFTY500,26427.25,20250212
2025-02-12,NIFTY_MIDCAP150,30114.49,20250212
2025-02-13,BSE_SMALLCAP,40268.16,20250213
2025-02-13,CRISIL_GILT,1941.3,20250213
2025-02-13,CRISIL_LIQUID,2790.25,20250213
2025-02-13,NIFTY100,16069.02,20250213
2025-02-13,NIFTY50,20650.3,20250213
2025-02-13,NIFTY500,26737.16,20250213
2025-02-13,NIFTY_MIDCAP150,30856.56,20250213
2025-02-14,BSE_SMALLCAP,40638.98,20250214
2025-02-14,CRISIL_GILT,1951.34,20250214
2025-02-14,CRISIL_LIQUID,2790.79,20250214
2025-02-14,NIFTY100,15950.73,20250214
2025-02-14,NIFTY50,20445.87,20250214
2025-02-14,NIFTY500,27053.97,20250214
2025-02-14,NIFTY_MIDCAP150,31273.5,20250214
2025-02-17,BSE_SMALLCAP,40903.68,20250217
2025-02-17,CRISIL_GILT,1955.8,20250217
2025-02-17,CRISIL_LIQUID,2791.38,20250217
2025-02-17,NIFTY100,16048.15,20250217
2025-02-17,NIFTY50,20464.36,20250217
2025-02-17,NIFTY500,26897.95,20250217
2025-02-17,NIFTY_MIDCAP150,30672.14,20250217
2025-02-18,BSE_SMALLCAP,41146.18,20250218
2025-02-18,CRISIL_GILT,1957.13,20250218
2025-02-18,CRISIL_LIQUID,2791.69,20250218
2025-02-18,NIFTY100,15965.65,20250218
2025-02-18,NIFTY50,20353.97,20250218
2025-02-18,NIFTY500,26659.64,20250218
2025-02-18,NIFTY_MIDCAP150,30586.08,20250218
2025-02-19,BSE_SMALLCAP,41469.68,20250219
2025-02-19,CRISIL_GILT,1961.42,20250219
2025-02-19,CRISIL_LIQUID,2791.53,20250219
2025-02-19,NIFTY100,16112.88,20250219
2025-02-19,NIFTY50,20560.37,20250219
2025-02-19,NIFTY500,26491.39,20250219
2025-02-19,NIFTY_MIDCAP150,30628.36,20250219
2025-02-20,BSE_SMALLCAP,42157.23,20250220
2025-02-20,CRISIL_GILT,1958.69,20250220
2025-02-20,CRISIL_LIQUID,2792.71,20250220
2025-02-20,NIFTY100,16063.67,20250220
2025-02-20,NIFTY50,20711.63,20250220
2025-02-20,NIFTY500,26546.7,20250220
2025-02-20,NIFTY_MIDCAP150,30581.87,20250220
2025-02-21,BSE_SMALLCAP,42768.28,20250221
2025-02-21,CRISIL_GILT,1959.78,20250221
2025-02-21,CRISIL_LIQUID,2794.53,20250221
2025-02-21,NIFTY100,15912.29,20250221
2025-02-21,NIFTY50,20954.15,20250221
2025-02-21,NIFTY500,26342.08,20250221
2025-02-21,NIFTY_MIDCAP150,30736.33,20250221
2025-02-24,BSE_SMALLCAP,41969.79,20250224
2025-02-24,CRISIL_GILT,1961.54,20250224
2025-02-24,CRISIL_LIQUID,2795.58,20250224
2025-02-24,NIFTY100,15915.96,20250224
2025-02-24,NIFTY50,20981.05,20250224
2025-02-24,NIFTY500,26483.79,20250224
2025-02-24,NIFTY_MIDCAP150,30971.31,20250224
2025-02-25,BSE_SMALLCAP,42066.62,20250225
2025-02-25,CRISIL_GILT,1954.99,20250225
2025-02-25,CRISIL_LIQUID,2796.68,20250225
2025-02-25,NIFTY100,16033.96,20250225
2025-02-25,NIFTY50,20863.63,20250225
2025-02-25,NIFTY500,26426.49,20250225
2025-02-25,NIFTY_MIDCAP150,31642.0,20250225
2025-02-26,BSE_SMALLCAP,42304.46,20250226
2025-02-26,CRISIL_GILT,1961.26,20250226
2025-02-26,CRISIL_LIQUID,2798.07,20250226
2025-02-26,NIFTY100,16110.42,20250226
2025-02-26,NIFTY50,20978.52,20250226
2025-02-26,NIFTY500,26694.04,20250226
2025-02-26,NIFTY_MIDCAP150,31494.8,20250226
2025-02-27,BSE_SMALLCAP,42295.84,20250227
2025-02-27,CRISIL_GILT,1959.62,20250227
2025-02-27,CRISIL_LIQUID,2798.59,20250227
2025-02-27,NIFTY100,15922.25,20250227
2025-02-27,NIFTY50,20808.01,20250227
2025-02-27,NIFTY500,26867.15,20250227
2025-02-27,NIFTY_MIDCAP150,31781.54,20250227
2025-02-28,BSE_SMALLCAP,42416.92,20250228
2025-02-28,CRISIL_GILT,1954.41,20250228
2025-02-28,CRISIL_LIQUID,2798.74,20250228
2025-02-28,NIFTY100,15722.71,20250228
2025-02-28,NIFTY50,20768.48,20250228
2025-02-28,NIFTY500,26616.33,20250228
2025-02-28,NIFTY_MIDCAP150,31736.23,20250228
2025-03-03,BSE_SMALLCAP,42729.36,20250303
2025-03-03,CRISIL_GILT,1963.32,20250303
2025-03-03,CRISIL_LIQUID,2797.71,20250303
2025-03-03,NIFTY100,15647.53,20250303
2025-03-03,NIFTY50,20847.94,20250303
2025-03-03,NIFTY500,26335.65,20250303
2025-03-03,NIFTY_MIDCAP150,32326.19,20250303
2025-03-04,BSE_SMALLCAP,43210.87,20250304
2025-03-04,CRISIL_GILT,1970.02,20250304
2025-03-04,CRISIL_LIQUID,2797.95,20250304
2025-03-04,NIFTY100,15529.22,20250304
2025-03-04,NIFTY50,20737.75,20250304
2025-03-04,NIFTY500,26397.53,20250304
2025-03-04,NIFTY_MIDCAP150,32490.53,20250304
2025-03-05,BSE_SMALLCAP,43584.9,20250305
2025-03-05,CRISIL_GILT,1969.56,20250305
2025-03-05,CRISIL_LIQUID,2798.11,20250305
2025-03-05,NIFTY100,15422.27,20250305
2025-03-05,NIFTY50,21157.49,20250305
2025-03-05,NIFTY500,26368.82,20250305
2025-03-05,NIFTY_MIDCAP150,32526.17,20250305
2025-03-06,BSE_SMALLCAP,44141.31,20250306
2025-03-06,CRISIL_GILT,1963.93,20250306
2025-03-06,CRISIL_LIQUID,2797.91,20250306
2025-03-06,NIFTY100,15371.45,20250306
2025-03-06,NIFTY50,21292.87,20250306
2025-03-06,NIFTY500,26680.53,20250306
2025-03-06,NIFTY_MIDCAP150,32450.48,20250306
2025-03-07,BSE_SMALLCAP,45395.01,20250307
2025-03-07,CRISIL_GILT,1967.14,20250307
2025-03-07,CRISIL_LIQUID,2798.84,20250307
2025-03-07,NIFTY100,15453.5,20250307
2025-03-07,NIFTY50,21143.25,20250307
2025-03-07,NIFTY500,26786.23,20250307
2025-03-07,NIFTY_MIDCAP150,32152.27,20250307
2025-03-10,BSE_SMALLCAP,45297.14,20250310
2025-03-10,CRISIL_GILT,1968.09,20250310
2025-03-10,CRISIL_LIQUID,2799.39,20250310
2025-03-10,NIFTY100,15425.92,20250310
2025-03-10,NIFTY50,21319.95,20250310
2025-03-10,NIFTY500,26692.08,20250310
2025-03-10,NIFTY_MIDCAP150,32490.39,20250310
2025-03-11,BSE_SMALLCAP,45245.3,20250311
2025-03-11,CRISIL_GILT,1979.6,20250311
2025-03-11,CRISIL_LIQUID,2800.49,20250311
2025-03-11,NIFTY100,15284.25,20250311
2025-03-11,NIFTY50,21617.26,20250311
2025-03-11,NIFTY500,27104.84,20250311
2025-03-11,NIFTY_MIDCAP150,32209.86,20250311
2025-03-12,BSE_SMALLCAP,45720.97,20250312
2025-03-12,CRISIL_GILT,1986.91,20250312
2025-03-12,CRISIL_LIQUID,2800.22,20250312
2025-03-12,NIFTY100,15177.11,20250312
2025-03-12,NIFTY50,21362.09,20250312
2025-03-12,NIFTY500,27016.48,20250312
2025-03-12,NIFTY_MIDCAP150,31555.45,20250312
2025-03-13,BSE_SMALLCAP,45750.9,20250313
2025-03-13,CRISIL_GILT,1985.23,20250313
2025-03-13,CRISIL_LIQUID,2799.59,20250313
2025-03-13,NIFTY100,15239.62,20250313
2025-03-13,NIFTY50,21597.43,20250313
2025-03-13,NIFTY500,26713.2,20250313
2025-03-13,NIFTY_MIDCAP150,31233.4,20250313
2025-03-14,BSE_SMALLCAP,45569.23,20250314
2025-03-14,CRISIL_GILT,1993.16,20250314
2025-03-14,CRISIL_LIQUID,2800.91,20250314
2025-03-14,NIFTY100,15233.0,20250314
2025-03-14,NIFTY50,21385.56,20250314
2025-03-14,NIFTY500,26678.52,20250314
2025-03-14,NIFTY_MIDCAP150,31307.49,20250314
2025-03-17,BSE_SMALLCAP,45315.33,20250317
2025-03-17,CRISIL_GILT,2000.58,20250317
2025-03-17,CRISIL_LIQUID,2802.36,20250317
2025-03-17,NIFTY100,15151.67,20250317
2025-03-17,NIFTY50,21394.22,20250317
2025-03-17,NIFTY500,26503.29,20250317
2025-03-17,NIFTY_MIDCAP150,30896.39,20250317
2025-03-18,BSE_SMALLCAP,45744.38,20250318
2025-03-18,CRISIL_GILT,1992.4,20250318
2025-03-18,CRISIL_LIQUID,2802.34,20250318
2025-03-18,NIFTY100,15237.48,20250318
2025-03-18,NIFTY50,21435.1,20250318
2025-03-18,NIFTY500,26748.86,20250318
2025-03-18,NIFTY_MIDCAP150,30635.08,20250318
2025-03-19,BSE_SMALLCAP,46064.96,20250319
2025-03-19,CRISIL_GILT,1995.95,20250319
2025-03-19,CRISIL_LIQUID,2802.75,20250319
2025-03-19,NIFTY100,15345.82,20250319
2025-03-19,NIFTY50,21329.91,20250319
2025-03-19,NIFTY500,26497.45,20250319
2025-03-19,NIFTY_MIDCAP150,30004.32,20250319
2025-03-20,BSE_SMALLCAP,47305.18,20250320
2025-03-20,CRISIL_GILT,2002.68,20250320
2025-03-20,CRISIL_LIQUID,2803.71,20250320
2025-03-20,NIFTY100,15449.69,20250320
2025-03-20,NIFTY50,21224.67,20250320
2025-03-20,NIFTY500,26710.38,20250320
2025-03-20,NIFTY_MIDCAP150,29743.03,20250320
2025-03-21,BSE_SMALLCAP,46671.55,20250321
2025-03-21,CRISIL_GILT,2001.24,20250321
2025-03-21,CRISIL_LIQUID,2804.95,20250321
2025-03-21,NIFTY100,15444.27,20250321
2025-03-21,NIFTY50,21086.44,20250321
2025-03-21,NIFTY500,26662.84,20250321
2025-03-21,NIFTY_MIDCAP150,30345.26,20250321
2025-03-24,BSE_SMALLCAP,46061.68,20250324
2025-03-24,CRISIL_GILT,1995.64,20250324
2025-03-24,CRISIL_LIQUID,2804.12,20250324
2025-03-24,NIFTY100,15338.19,20250324
2025-03-24,NIFTY50,21003.35,20250324
2025-03-24,NIFTY500,26306.34,20250324
2025-03-24,NIFTY_MIDCAP150,30147.32,20250324
2025-03-25,BSE_SMALLCAP,46137.13,20250325
2025-03-25,CRISIL_GILT,2011.47,20250325
2025-03-25,CRISIL_LIQUID,2805.71,20250325
2025-03-25,NIFTY100,15317.19,20250325
2025-03-25,NIFTY50,20842.98,20250325
2025-03-25,NIFTY500,26419.06,20250325
2025-03-25,NIFTY_MIDCAP150,30129.46,20250325
2025-03-26,BSE_SMALLCAP,45670.98,20250326
2025-03-26,CRISIL_GILT,2020.18,20250326
2025-03-26,CRISIL_LIQUID,2805.26,20250326
2025-03-26,NIFTY100,15235.68,20250326
2025-03-26,NIFTY50,21043.85,20250326
2025-03-26,NIFTY500,26710.74,20250326
2025-03-26,NIFTY_MIDCAP150,30924.71,20250326
2025-03-27,BSE_SMALLCAP,44589.33,20250327
2025-03-27,CRISIL_GILT,2022.26,20250327
2025-03-27,CRISIL_LIQUID,2804.74,20250327
2025-03-27,NIFTY100,14917.74,20250327
2025-03-27,NIFTY50,20801.86,20250327
2025-03-27,NIFTY500,26748.69,20250327
2025-03-27,NIFTY_MIDCAP150,31060.78,20250327
2025-03-28,BSE_SMALLCAP,44361.17,20250328
2025-03-28,CRISIL_GILT,2012.14,20250328
2025-03-28,CRISIL_LIQUID,2805.1,20250328
2025-03-28,NIFTY100,14896.02,20250328
2025-03-28,NIFTY50,21120.45,20250328
2025-03-28,NIFTY500,26717.5,20250328
2025-03-28,NIFTY_MIDCAP150,31183.52,20250328
2025-03-31,BSE_SMALLCAP,45743.91,20250331
2025-03-31,CRISIL_GILT,2010.83,20250331
2025-03-31,CRISIL_LIQUID,2805.44,20250331
2025-03-31,NIFTY100,14643.16,20250331
2025-03-31,NIFTY50,21107.42,20250331
2025-03-31,NIFTY500,27173.08,20250331
2025-03-31,NIFTY_MIDCAP150,30867.41,20250331
2025-04-01,BSE_SMALLCAP,47381.75,20250401
2025-04-01,CRISIL_GILT,2021.62,20250401
2025-04-01,CRISIL_LIQUID,2806.19,20250401
2025-04-01,NIFTY100,14563.29,20250401
2025-04-01,NIFTY50,20758.3,20250401
2025-04-01,NIFTY500,27476.34,20250401
2025-04-01,NIFTY_MIDCAP150,30966.5,20250401
2025-04-02,BSE_SMALLCAP,47773.1,20250402
2025-04-02,CRISIL_GILT,2029.27,20250402
2025-04-02,CRISIL_LIQUID,2807.05,20250402
2025-04-02,NIFTY100,14500.85,20250402
2025-04-02,NIFTY50,20900.04,20250402
2025-04-02,NIFTY500,27678.13,20250402
2025-04-02,NIFTY_MIDCAP150,31600.7,20250402
2025-04-03,BSE_SMALLCAP,47075.11,20250403
2025-04-03,CRISIL_GILT,2028.71,20250403
2025-04-03,CRISIL_LIQUID,2809.28,20250403
2025-04-03,NIFTY100,14692.44,20250403
2025-04-03,NIFTY50,20843.6,20250403
2025-04-03,NIFTY500,27205.67,20250403
2025-04-03,NIFTY_MIDCAP150,31190.44,20250403
2025-04-04,BSE_SMALLCAP,46601.24,20250404
2025-04-04,CRISIL_GILT,2026.96,20250404
2025-04-04,CRISIL_LIQUID,2809.2,20250404
2025-04-04,NIFTY100,14557.4,20250404
2025-04-04,NIFTY50,20650.82,20250404
2025-04-04,NIFTY500,27052.7,20250404
2025-04-04,NIFTY_MIDCAP150,31144.6,20250404
2025-04-07,BSE_SMALLCAP,46694.46,20250407
2025-04-07,CRISIL_GILT,2035.27,20250407
2025-04-07,CRISIL_LIQUID,2810.86,20250407
2025-04-07,NIFTY100,14592.18,20250407
2025-04-07,NIFTY50,20602.99,20250407
2025-04-07,NIFTY500,27015.71,20250407
2025-04-07,NIFTY_MIDCAP150,30752.24,20250407
2025-04-08,BSE_SMALLCAP,46402.49,20250408
2025-04-08,CRISIL_GILT,2034.86,20250408
2025-04-08,CRISIL_LIQUID,2810.28,20250408
2025-04-08,NIFTY100,14561.42,20250408
2025-04-08,NIFTY50,20482.53,20250408
2025-04-08,NIFTY500,27140.28,20250408
2025-04-08,NIFTY_MIDCAP150,31340.99,20250408
2025-04-09,BSE_SMALLCAP,46540.96,20250409
2025-04-09,CRISIL_GILT,2035.08,20250409
2025-04-09,CRISIL_LIQUID,2809.91,20250409
2025-04-09,NIFTY100,14623.43,20250409
2025-04-09,NIFTY50,20709.48,20250409
2025-04-09,NIFTY500,27369.71,20250409
2025-04-09,NIFTY_MIDCAP150,30944.13,20250409
2025-04-10,BSE_SMALLCAP,46602.17,20250410
2025-04-10,CRISIL_GILT,2038.15,20250410
2025-04-10,CRISIL_LIQUID,2809.8,20250410
2025-04-10,NIFTY100,14551.18,20250410
2025-04-10,NIFTY50,20587.3,20250410
2025-04-10,NIFTY500,27133.46,20250410
2025-04-10,NIFTY_MIDCAP150,30717.7,20250410
2025-04-11,BSE_SMALLCAP,45850.77,20250411
2025-04-11,CRISIL_GILT,2042.04,20250411
2025-04-11,CRISIL_LIQUID,2808.82,20250411
2025-04-11,NIFTY100,14371.11,20250411
2025-04-11,NIFTY50,20374.92,20250411
2025-04-11,NIFTY500,27286.56,20250411
2025-04-11,NIFTY_MIDCAP150,30335.75,20250411
2025-04-14,BSE_SMALLCAP,45852.39,20250414
2025-04-14,CRISIL_GILT,2037.25,20250414
2025-04-14,CRISIL_LIQUID,2809.94,20250414
2025-04-14,NIFTY100,14390.57,20250414
2025-04-14,NIFTY50,20266.64,20250414
2025-04-14,NIFTY500,27021.71,20250414
2025-04-14,NIFTY_MIDCAP150,29882.89,20250414
2025-04-15,BSE_SMALLCAP,46180.52,20250415
2025-04-15,CRISIL_GILT,2041.29,20250415
2025-04-15,CRISIL_LIQUID,2811.75,20250415
2025-04-15,NIFTY100,14399.46,20250415
2025-04-15,NIFTY50,20112.15,20250415
2025-04-15,NIFTY500,27205.69,20250415
2025-04-15,NIFTY_MIDCAP150,29933.13,20250415
2025-04-16,BSE_SMALLCAP,45974.67,20250416
2025-04-16,CRISIL_GILT,2037.03,20250416
2025-04-16,CRISIL_LIQUID,2813.27,20250416
2025-04-16,NIFTY100,14428.49,20250416
2025-04-16,NIFTY50,20300.03,20250416
2025-04-16,NIFTY500,26956.24,20250416
2025-04-16,NIFTY_MIDCAP150,29833.5,20250416
2025-04-17,BSE_SMALLCAP,46615.06,20250417
2025-04-17,CRISIL_GILT,2044.57,20250417
2025-04-17,CRISIL_LIQUID,2812.63,20250417
2025-04-17,NIFTY100,14399.95,20250417
2025-04-17,NIFTY50,20343.18,20250417
2025-04-17,NIFTY500,27267.31,20250417
2025-04-17,NIFTY_MIDCAP150,29971.49,20250417
2025-04-18,BSE_SMALLCAP,46684.41,20250418
2025-04-18,CRISIL_GILT,2043.7,20250418
2025-04-18,CRISIL_LIQUID,2815.38,20250418
2025-04-18,NIFTY100,14364.89,20250418
2025-04-18,NIFTY50,20109.89,20250418
2025-04-18,NIFTY500,27342.64,20250418
2025-04-18,NIFTY_MIDCAP150,30202.55,20250418
2025-04-21,BSE_SMALLCAP,46633.49,20250421
2025-04-21,CRISIL_GILT,2046.07,20250421
2025-04-21,CRISIL_LIQUID,2816.2,20250421
2025-04-21,NIFTY100,14466.71,20250421
2025-04-21,NIFTY50,19946.22,20250421
2025-04-21,NIFTY500,27264.24,20250421
2025-04-21,NIFTY_MIDCAP150,29650.96,20250421
2025-04-22,BSE_SMALLCAP,46706.88,20250422
2025-04-22,CRISIL_GILT,2032.18,20250422
2025-04-22,CRISIL_LIQUID,2818.3,20250422
2025-04-22,NIFTY100,14558.29,20250422
2025-04-22,NIFTY50,19883.09,20250422
2025-04-22,NIFTY500,27351.45,20250422
2025-04-22,NIFTY_MIDCAP150,29771.52,20250422
2025-04-23,BSE_SMALLCAP,46391.03,20250423
2025-04-23,CRISIL_GILT,2037.34,20250423
2025-04-23,CRISIL_LIQUID,2818.91,20250423
2025-04-23,NIFTY100,14469.62,20250423
2025-04-23,NIFTY50,19594.65,20250423
2025-04-23,NIFTY500,27208.05,20250423
2025-04-23,NIFTY_MIDCAP150,29483.71,20250423
2025-04-24,BSE_SMALLCAP,46686.01,20250424
2025-04-24,CRISIL_GILT,2043.24,20250424
2025-04-24,CRISIL_LIQUID,2819.52,20250424
2025-04-24,NIFTY100,14458.93,20250424
2025-04-24,NIFTY50,19426.95,20250424
2025-04-24,NIFTY500,27227.52,20250424
2025-04-24,NIFTY_MIDCAP150,29550.61,20250424
2025-04-25,BSE_SMALLCAP,46167.51,20250425
2025-04-25,CRISIL_GILT,2041.44,20250425
2025-04-25,CRISIL_LIQUID,2819.91,20250425
2025-04-25,NIFTY100,14324.13,20250425
2025-04-25,NIFTY50,19487.87,20250425
2025-04-25,NIFTY500,27002.82,20250425
2025-04-25,NIFTY_MIDCAP150,29681.49,20250425
2025-04-28,BSE_SMALLCAP,47755.56,20250428
2025-04-28,CRISIL_GILT,2035.26,20250428
2025-04-28,CRISIL_LIQUID,2822.48,20250428
2025-04-28,NIFTY100,14397.76,20250428
2025-04-28,NIFTY50,19789.04,20250428
2025-04-28,NIFTY500,27087.54,20250428
2025-04-28,NIFTY_MIDCAP150,29613.28,20250428
2025-04-29,BSE_SMALLCAP,49152.45,20250429
2025-04-29,CRISIL_GILT,2028.94,20250429
2025-04-29,CRISIL_LIQUID,2824.44,20250429
2025-04-29,NIFTY100,14459.24,20250429
2025-04-29,NIFTY50,19502.75,20250429
2025-04-29,NIFTY500,27041.23,20250429
2025-04-29,NIFTY_MIDCAP150,30077.78,20250429
2025-04-30,BSE_SMALLCAP,49135.04,20250430
2025-04-30,CRISIL_GILT,2029.82,20250430
2025-04-30,CRISIL_LIQUID,2825.11,20250430
2025-04-30,NIFTY100,14634.81,20250430
2025-04-30,NIFTY50,19952.62,20250430
2025-04-30,NIFTY500,27005.98,20250430
2025-04-30,NIFTY_MIDCAP150,29611.85,20250430
2025-05-01,BSE_SMALLCAP,49559.78,20250501
2025-05-01,CRISIL_GILT,2024.98,20250501
2025-05-01,CRISIL_LIQUID,2825.56,20250501
2025-05-01,NIFTY100,14730.4,20250501
2025-05-01,NIFTY50,20023.5,20250501
2025-05-01,NIFTY500,27009.92,20250501
2025-05-01,NIFTY_MIDCAP150,29254.78,20250501
2025-05-02,BSE_SMALLCAP,50010.89,20250502
2025-05-02,CRISIL_GILT,2025.52,20250502
2025-05-02,CRISIL_LIQUID,2826.95,20250502
2025-05-02,NIFTY100,14759.0,20250502
2025-05-02,NIFTY50,19847.79,20250502
2025-05-02,NIFTY500,26812.7,20250502
2025-05-02,NIFTY_MIDCAP150,29354.44,20250502
2025-05-05,BSE_SMALLCAP,50460.77,20250505
2025-05-05,CRISIL_GILT,2026.98,20250505
2025-05-05,CRISIL_LIQUID,2826.02,20250505
2025-05-05,NIFTY100,15081.25,20250505
2025-05-05,NIFTY50,20107.16,20250505
2025-05-05,NIFTY500,27322.68,20250505
2025-05-05,NIFTY_MIDCAP150,30084.96,20250505
2025-05-06,BSE_SMALLCAP,50978.4,20250506
2025-05-06,CRISIL_GILT,2029.02,20250506
2025-05-06,CRISIL_LIQUID,2824.81,20250506
2025-05-06,NIFTY100,15131.41,20250506
2025-05-06,NIFTY50,20185.78,20250506
2025-05-06,NIFTY500,27287.59,20250506
2025-05-06,NIFTY_MIDCAP150,29784.44,20250506
2025-05-07,BSE_SMALLCAP,51552.42,20250507
2025-05-07,CRISIL_GILT,2037.27,20250507
2025-05-07,CRISIL_LIQUID,2824.62,20250507
2025-05-07,NIFTY100,15207.67,20250507
2025-05-07,NIFTY50,20335.79,20250507
2025-05-07,NIFTY500,27567.51,20250507
2025-05-07,NIFTY_MIDCAP150,29781.31,20250507
2025-05-08,BSE_SMALLCAP,52087.35,20250508
2025-05-08,CRISIL_GILT,2044.88,20250508
2025-05-08,CRISIL_LIQUID,2825.68,20250508
2025-05-08,NIFTY100,14991.01,20250508
2025-05-08,NIFTY50,20483.46,20250508
2025-05-08,NIFTY500,27299.92,20250508
2025-05-08,NIFTY_MIDCAP150,30205.38,20250508
2025-05-09,BSE_SMALLCAP,51560.11,20250509
2025-05-09,CRISIL_GILT,2046.56,20250509
2025-05-09,CRISIL_LIQUID,2827.36,20250509
2025-05-09,NIFTY100,15098.24,20250509
2025-05-09,NIFTY50,20674.47,20250509
2025-05-09,NIFTY500,26776.39,20250509
2025-05-09,NIFTY_MIDCAP150,30540.16,20250509
2025-05-12,BSE_SMALLCAP,51916.11,20250512
2025-05-12,CRISIL_GILT,2050.91,20250512
2025-05-12,CRISIL_LIQUID,2826.98,20250512
2025-05-12,NIFTY100,15407.35,20250512
2025-05-12,NIFTY50,20473.51,20250512
2025-05-12,NIFTY500,26851.04,20250512
2025-05-12,NIFTY_MIDCAP150,30773.41,20250512
2025-05-13,BSE_SMALLCAP,51419.84,20250513
2025-05-13,CRISIL_GILT,2053.86,20250513
2025-05-13,CRISIL_LIQUID,2829.08,20250513
2025-05-13,NIFTY100,15450.9,20250513
2025-05-13,NIFTY50,20619.09,20250513
2025-05-13,NIFTY500,27118.65,20250513
2025-05-13,NIFTY_MIDCAP150,30542.78,20250513
2025-05-14,BSE_SMALLCAP,51831.05,20250514
2025-05-14,CRISIL_GILT,2062.37,20250514
2025-05-14,CRISIL_LIQUID,2829.33,20250514
2025-05-14,NIFTY100,15557.82,20250514
2025-05-14,NIFTY50,20637.93,20250514
2025-05-14,NIFTY500,27424.98,20250514
2025-05-14,NIFTY_MIDCAP150,30553.37,20250514
2025-05-15,BSE_SMALLCAP,52545.44,20250515
2025-05-15,CRISIL_GILT,2064.04,20250515
2025-05-15,CRISIL_LIQUID,2830.44,20250515
2025-05-15,NIFTY100,15707.27,20250515
2025-05-15,NIFTY50,20746.22,20250515
2025-05-15,NIFTY500,27666.01,20250515
2025-05-15,NIFTY_MIDCAP150,30583.05,20250515
2025-05-16,BSE_SMALLCAP,52857.0,20250516
2025-05-16,CRISIL_GILT,2069.79,20250516
2025-05-16,CRISIL_LIQUID,2830.69,20250516
2025-05-16,NIFTY100,15948.39,20250516
2025-05-16,NIFTY50,20641.62,20250516
2025-05-16,NIFTY500,27628.78,20250516
2025-05-16,NIFTY_MIDCAP150,30966.6,20250516
2025-05-19,BSE_SMALLCAP,53446.3,20250519
2025-05-19,CRISIL_GILT,2082.27,20250519
2025-05-19,CRISIL_LIQUID,2831.32,20250519
2025-05-19,NIFTY100,16035.81,20250519
2025-05-19,NIFTY50,20542.34,20250519
2025-05-19,NIFTY500,27783.79,20250519
2025-05-19,NIFTY_MIDCAP150,30939.58,20250519
2025-05-20,BSE_SMALLCAP,53647.63,20250520
2025-05-20,CRISIL_GILT,2085.45,20250520
2025-05-20,CRISIL_LIQUID,2833.66,20250520
2025-05-20,NIFTY100,15836.88,20250520
2025-05-20,NIFTY50,20454.84,20250520
2025-05-20,NIFTY500,27642.52,20250520
2025-05-20,NIFTY_MIDCAP150,31438.92,20250520
2025-05-21,BSE_SMALLCAP,55079.57,20250521
2025-05-21,CRISIL_GILT,2083.9,20250521
2025-05-21,CRISIL_LIQUID,2833.91,20250521
2025-05-21,NIFTY100,15874.16,20250521
2025-05-21,NIFTY50,20587.5,20250521
2025-05-21,NIFTY500,27507.92,20250521
2025-05-21,NIFTY_MIDCAP150,31439.4,20250521
2025-05-22,BSE_SMALLCAP,55433.48,20250522
2025-05-22,CRISIL_GILT,2082.58,20250522
2025-05-22,CRISIL_LIQUID,2833.8,20250522
2025-05-22,NIFTY100,15983.1,20250522
2025-05-22,NIFTY50,20583.11,20250522
2025-05-22,NIFTY500,27575.33,20250522
2025-05-22,NIFTY_MIDCAP150,31509.14,20250522
2025-05-23,BSE_SMALLCAP,54771.35,20250523
2025-05-23,CRISIL_GILT,2079.69,20250523
2025-05-23,CRISIL_LIQUID,2835.13,20250523
2025-05-23,NIFTY100,16082.33,20250523
2025-05-23,NIFTY50,20502.19,20250523
2025-05-23,NIFTY500,27647.3,20250523
2025-05-23,NIFTY_MIDCAP150,31483.39,20250523
2025-05-26,BSE_SMALLCAP,54442.32,20250526
2025-05-26,CRISIL_GILT,2084.66,20250526
2025-05-26,CRISIL_LIQUID,2836.73,20250526
2025-05-26,NIFTY100,16069.92,20250526
2025-05-26,NIFTY50,20455.39,20250526
2025-05-26,NIFTY500,27532.55,20250526
2025-05-26,NIFTY_MIDCAP150,31440.07,20250526
2025-05-27,BSE_SMALLCAP,54810.27,20250527
2025-05-27,CRISIL_GILT,2087.54,20250527
2025-05-27,CRISIL_LIQUID,2836.11,20250527
2025-05-27,NIFTY100,16029.25,20250527
2025-05-27,NIFTY50,20675.83,20250527
2025-05-27,NIFTY500,27591.11,20250527
2025-05-27,NIFTY_MIDCAP150,31434.69,20250527
2025-05-28,BSE_SMALLCAP,55856.33,20250528
2025-05-28,CRISIL_GILT,2086.64,20250528
2025-05-28,CRISIL_LIQUID,2837.17,20250528
2025-05-28,NIFTY100,15989.49,20250528
2025-05-28,NIFTY50,20769.54,20250528
2025-05-28,NIFTY500,27884.64,20250528
2025-05-28,NIFTY_MIDCAP150,31466.92,20250528
2025-05-29,BSE_SMALLCAP,56208.48,20250529
2025-05-29,CRISIL_GILT,2095.75,20250529
2025-05-29,CRISIL_LIQUID,2838.39,20250529
2025-05-29,NIFTY100,15977.58,20250529
2025-05-29,NIFTY50,20857.58,20250529
2025-05-29,NIFTY500,27681.69,20250529
2025-05-29,NIFTY_MIDCAP150,30913.33,20250529
2025-05-30,BSE_SMALLCAP,56424.96,20250530
2025-05-30,CRISIL_GILT,2094.65,20250530
2025-05-30,CRISIL_LIQUID,2840.68,20250530
2025-05-30,NIFTY100,16002.37,20250530
2025-05-30,NIFTY50,20913.08,20250530
2025-05-30,NIFTY500,27860.87,20250530
2025-05-30,NIFTY_MIDCAP150,30834.97,20250530
2025-06-02,BSE_SMALLCAP,55597.2,20250602
2025-06-02,CRISIL_GILT,2096.15,20250602
2025-06-02,CRISIL_LIQUID,2841.05,20250602
2025-06-02,NIFTY100,16081.24,20250602
2025-06-02,NIFTY50,21107.5,20250602
2025-06-02,NIFTY500,27541.89,20250602
2025-06-02,NIFTY_MIDCAP150,31451.06,20250602
2025-06-03,BSE_SMALLCAP,57118.39,20250603
2025-06-03,CRISIL_GILT,2093.01,20250603
2025-06-03,CRISIL_LIQUID,2842.99,20250603
2025-06-03,NIFTY100,16138.5,20250603
2025-06-03,NIFTY50,20935.42,20250603
2025-06-03,NIFTY500,27150.64,20250603
2025-06-03,NIFTY_MIDCAP150,30830.52,20250603
2025-06-04,BSE_SMALLCAP,56116.96,20250604
2025-06-04,CRISIL_GILT,2093.42,20250604
2025-06-04,CRISIL_LIQUID,2843.87,20250604
2025-06-04,NIFTY100,16089.19,20250604
2025-06-04,NIFTY50,21097.91,20250604
2025-06-04,NIFTY500,27237.26,20250604
2025-06-04,NIFTY_MIDCAP150,30764.57,20250604
2025-06-05,BSE_SMALLCAP,54966.92,20250605
2025-06-05,CRISIL_GILT,2090.17,20250605
2025-06-05,CRISIL_LIQUID,2844.33,20250605
2025-06-05,NIFTY100,15940.9,20250605
2025-06-05,NIFTY50,21121.17,20250605
2025-06-05,NIFTY500,27235.8,20250605
2025-06-05,NIFTY_MIDCAP150,30588.81,20250605
2025-06-06,BSE_SMALLCAP,54648.9,20250606
2025-06-06,CRISIL_GILT,2090.61,20250606
2025-06-06,CRISIL_LIQUID,2844.4,20250606
2025-06-06,NIFTY100,15997.98,20250606
2025-06-06,NIFTY50,20970.41,20250606
2025-06-06,NIFTY500,27277.58,20250606
2025-06-06,NIFTY_MIDCAP150,30721.85,20250606
2025-06-09,BSE_SMALLCAP,55138.92,20250609
2025-06-09,CRISIL_GILT,2086.07,20250609
2025-06-09,CRISIL_LIQUID,2845.58,20250609
2025-06-09,NIFTY100,15967.7,20250609
2025-06-09,NIFTY50,20977.09,20250609
2025-06-09,NIFTY500,27315.52,20250609
2025-06-09,NIFTY_MIDCAP150,30919.72,20250609
2025-06-10,BSE_SMALLCAP,54873.27,20250610
2025-06-10,CRISIL_GILT,2084.36,20250610
2025-06-10,CRISIL_LIQUID,2845.27,20250610
2025-06-10,NIFTY100,16186.98,20250610
2025-06-10,NIFTY50,20939.94,20250610
2025-06-10,NIFTY500,27561.0,20250610
2025-06-10,NIFTY_MIDCAP150,30990.57,20250610
2025-06-11,BSE_SMALLCAP,54445.48,20250611
2025-06-11,CRISIL_GILT,2081.61,20250611
2025-06-11,CRISIL_LIQUID,2845.02,20250611
2025-06-11,NIFTY100,16316.11,20250611
2025-06-11,NIFTY50,21008.55,20250611
2025-06-11,NIFTY500,27704.88,20250611
2025-06-11,NIFTY_MIDCAP150,30310.63,20250611
2025-06-12,BSE_SMALLCAP,53866.98,20250612
2025-06-12,CRISIL_GILT,2079.11,20250612
2025-06-12,CRISIL_LIQUID,2846.3,20250612
2025-06-12,NIFTY100,16369.52,20250612
2025-06-12,NIFTY50,21174.14,20250612
2025-06-12,NIFTY500,27833.91,20250612
2025-06-12,NIFTY_MIDCAP150,29640.44,20250612
2025-06-13,BSE_SMALLCAP,55242.36,20250613
2025-06-13,CRISIL_GILT,2075.34,20250613
2025-06-13,CRISIL_LIQUID,2848.69,20250613
2025-06-13,NIFTY100,16276.29,20250613
2025-06-13,NIFTY50,20989.16,20250613
2025-06-13,NIFTY500,28190.11,20250613
2025-06-13,NIFTY_MIDCAP150,28776.7,20250613
2025-06-16,BSE_SMALLCAP,55539.29,20250616
2025-06-16,CRISIL_GILT,2074.51,20250616
2025-06-16,CRISIL_LIQUID,2848.15,20250616
2025-06-16,NIFTY100,16104.84,20250616
2025-06-16,NIFTY50,21296.6,20250616
2025-06-16,NIFTY500,28430.19,20250616
2025-06-16,NIFTY_MIDCAP150,28750.66,20250616
2025-06-17,BSE_SMALLCAP,56273.48,20250617
2025-06-17,CRISIL_GILT,2062.31,20250617
2025-06-17,CRISIL_LIQUID,2848.23,20250617
2025-06-17,NIFTY100,16112.83,20250617
2025-06-17,NIFTY50,21015.5,20250617
2025-06-17,NIFTY500,28489.93,20250617
2025-06-17,NIFTY_MIDCAP150,28237.73,20250617
2025-06-18,BSE_SMALLCAP,57942.32,20250618
2025-06-18,CRISIL_GILT,2066.71,20250618
2025-06-18,CRISIL_LIQUID,2849.23,20250618
2025-06-18,NIFTY100,16139.8,20250618
2025-06-18,NIFTY50,20898.4,20250618
2025-06-18,NIFTY500,28771.25,20250618
2025-06-18,NIFTY_MIDCAP150,27513.22,20250618
2025-06-19,BSE_SMALLCAP,59634.15,20250619
2025-06-19,CRISIL_GILT,2069.07,20250619
2025-06-19,CRISIL_LIQUID,2849.47,20250619
2025-06-19,NIFTY100,15919.45,20250619
2025-06-19,NIFTY50,21248.57,20250619
2025-06-19,NIFTY500,28716.16,20250619
2025-06-19,NIFTY_MIDCAP150,27245.07,20250619
2025-06-20,BSE_SMALLCAP,58938.35,20250620
2025-06-20,CRISIL_GILT,2071.5,20250620
2025-06-20,CRISIL_LIQUID,2848.51,20250620
2025-06-20,NIFTY100,15988.92,20250620
2025-06-20,NIFTY50,21001.73,20250620
2025-06-20,NIFTY500,28667.87,20250620
2025-06-20,NIFTY_MIDCAP150,27052.15,20250620
2025-06-23,BSE_SMALLCAP,59184.89,20250623
2025-06-23,CRISIL_GILT,2071.46,20250623
2025-06-23,CRISIL_LIQUID,2848.48,20250623
2025-06-23,NIFTY100,16003.0,20250623
2025-06-23,NIFTY50,20910.16,20250623
2025-06-23,NIFTY500,29017.15,20250623
2025-06-23,NIFTY_MIDCAP150,27044.13,20250623
2025-06-24,BSE_SMALLCAP,59877.05,20250624
2025-06-24,CRISIL_GILT,2078.87,20250624
2025-06-24,CRISIL_LIQUID,2849.66,20250624
2025-06-24,NIFTY100,15664.24,20250624
2025-06-24,NIFTY50,20787.22,20250624
2025-06-24,NIFTY500,28974.0,20250624
2025-06-24,NIFTY_MIDCAP150,27063.55,20250624
2025-06-25,BSE_SMALLCAP,60009.88,20250625
2025-06-25,CRISIL_GILT,2075.96,20250625
2025-06-25,CRISIL_LIQUID,2850.14,20250625
2025-06-25,NIFTY100,15562.24,20250625
2025-06-25,NIFTY50,20389.07,20250625
2025-06-25,NIFTY500,29092.64,20250625
2025-06-25,NIFTY_MIDCAP150,27099.35,20250625
2025-06-26,BSE_SMALLCAP,59492.99,20250626
2025-06-26,CRISIL_GILT,2067.92,20250626
2025-06-26,CRISIL_LIQUID,2851.2,20250626
2025-06-26,NIFTY100,15469.31,20250626
2025-06-26,NIFTY50,20380.39,20250626
2025-06-26,NIFTY500,29198.08,20250626
2025-06-26,NIFTY_MIDCAP150,27369.87,20250626
2025-06-27,BSE_SMALLCAP,57375.53,20250627
2025-06-27,CRISIL_GILT,2070.12,20250627
2025-06-27,CRISIL_LIQUID,2850.72,20250627
2025-06-27,NIFTY100,15322.81,20250627
2025-06-27,NIFTY50,20464.36,20250627
2025-06-27,NIFTY500,29253.13,20250627
2025-06-27,NIFTY_MIDCAP150,27296.36,20250627
2025-06-30,BSE_SMALLCAP,58497.48,20250630
2025-06-30,CRISIL_GILT,2080.88,20250630
2025-06-30,CRISIL_LIQUID,2851.75,20250630
2025-06-30,NIFTY100,15378.83,20250630
2025-06-30,NIFTY50,20548.17,20250630
2025-06-30,NIFTY500,29736.7,20250630
2025-06-30,NIFTY_MIDCAP150,27546.64,20250630
2025-07-01,BSE_SMALLCAP,60058.23,20250701
2025-07-01,CRISIL_GILT,2089.27,20250701
2025-07-01,CRISIL_LIQUID,2850.61,20250701
2025-07-01,NIFTY100,15613.14,20250701
2025-07-01,NIFTY50,20458.04,20250701
2025-07-01,NIFTY500,29719.76,20250701
2025-07-01,NIFTY_MIDCAP150,27454.98,20250701
2025-07-02,BSE_SMALLCAP,60717.87,20250702
2025-07-02,CRISIL_GILT,2094.88,20250702
2025-07-02,CRISIL_LIQUID,2852.04,20250702
2025-07-02,NIFTY100,15679.98,20250702
2025-07-02,NIFTY50,20138.08,20250702
2025-07-02,NIFTY500,30203.76,20250702
2025-07-02,NIFTY_MIDCAP150,27348.67,20250702
2025-07-03,BSE_SMALLCAP,60741.34,20250703
2025-07-03,CRISIL_GILT,2107.68,20250703
2025-07-03,CRISIL_LIQUID,2854.01,20250703
2025-07-03,NIFTY100,15768.89,20250703
2025-07-03,NIFTY50,20032.04,20250703
2025-07-03,NIFTY500,29934.06,20250703
2025-07-03,NIFTY_MIDCAP150,27189.32,20250703
2025-07-04,BSE_SMALLCAP,60320.87,20250704
2025-07-04,CRISIL_GILT,2106.29,20250704
2025-07-04,CRISIL_LIQUID,2853.49,20250704
2025-07-04,NIFTY100,15676.47,20250704
2025-07-04,NIFTY50,19892.88,20250704
2025-07-04,NIFTY500,29937.0,20250704
2025-07-04,NIFTY_MIDCAP150,27195.37,20250704
2025-07-07,BSE_SMALLCAP,60472.49,20250707
2025-07-07,CRISIL_GILT,2104.64,20250707
2025-07-07,CRISIL_LIQUID,2853.71,20250707
2025-07-07,NIFTY100,15749.54,20250707
2025-07-07,NIFTY50,19942.66,20250707
2025-07-07,NIFTY500,29889.19,20250707
2025-07-07,NIFTY_MIDCAP150,27417.0,20250707
2025-07-08,BSE_SMALLCAP,61646.45,20250708
2025-07-08,CRISIL_GILT,2104.04,20250708
2025-07-08,CRISIL_LIQUID,2853.12,20250708
2025-07-08,NIFTY100,15733.4,20250708
2025-07-08,NIFTY50,19857.84,20250708
2025-07-08,NIFTY500,30109.66,20250708
2025-07-08,NIFTY_MIDCAP150,27634.14,20250708
2025-07-09,BSE_SMALLCAP,62163.82,20250709
2025-07-09,CRISIL_GILT,2091.61,20250709
2025-07-09,CRISIL_LIQUID,2853.94,20250709
2025-07-09,NIFTY100,15741.0,20250709
2025-07-09,NIFTY50,19930.69,20250709
2025-07-09,NIFTY500,29766.78,20250709
2025-07-09,NIFTY_MIDCAP150,27843.41,20250709
2025-07-10,BSE_SMALLCAP,60359.81,20250710
2025-07-10,CRISIL_GILT,2100.07,20250710
2025-07-10,CRISIL_LIQUID,2854.81,20250710
2025-07-10,NIFTY100,15670.84,20250710
2025-07-10,NIFTY50,19624.86,20250710
2025-07-10,NIFTY500,29882.58,20250710
2025-07-10,NIFTY_MIDCAP150,27959.35,20250710
2025-07-11,BSE_SMALLCAP,61760.28,20250711
2025-07-11,CRISIL_GILT,2100.81,20250711
2025-07-11,CRISIL_LIQUID,2854.34,20250711
2025-07-11,NIFTY100,15476.97,20250711
2025-07-11,NIFTY50,19732.14,20250711
2025-07-11,NIFTY500,30142.84,20250711
2025-07-11,NIFTY_MIDCAP150,27613.89,20250711
2025-07-14,BSE_SMALLCAP,62388.31,20250714
2025-07-14,CRISIL_GILT,2098.21,20250714
2025-07-14,CRISIL_LIQUID,2854.56,20250714
2025-07-14,NIFTY100,15601.39,20250714
2025-07-14,NIFTY50,19820.07,20250714
2025-07-14,NIFTY500,30071.5,20250714
2025-07-14,NIFTY_MIDCAP150,28508.94,20250714
2025-07-15,BSE_SMALLCAP,61512.19,20250715
2025-07-15,CRISIL_GILT,2097.87,20250715
2025-07-15,CRISIL_LIQUID,2856.26,20250715
2025-07-15,NIFTY100,15629.46,20250715
2025-07-15,NIFTY50,19646.82,20250715
2025-07-15,NIFTY500,29922.59,20250715
2025-07-15,NIFTY_MIDCAP150,28098.98,20250715
2025-07-16,BSE_SMALLCAP,62062.91,20250716
2025-07-16,CRISIL_GILT,2093.55,20250716
2025-07-16,CRISIL_LIQUID,2857.5,20250716
2025-07-16,NIFTY100,15607.59,20250716
2025-07-16,NIFTY50,19535.62,20250716
2025-07-16,NIFTY500,29776.37,20250716
2025-07-16,NIFTY_MIDCAP150,28155.85,20250716
2025-07-17,BSE_SMALLCAP,62286.47,20250717
2025-07-17,CRISIL_GILT,2094.49,20250717
2025-07-17,CRISIL_LIQUID,2858.41,20250717
2025-07-17,NIFTY100,15850.22,20250717
2025-07-17,NIFTY50,19487.91,20250717
2025-07-17,NIFTY500,29921.89,20250717
2025-07-17,NIFTY_MIDCAP150,29147.84,20250717
2025-07-18,BSE_SMALLCAP,62507.67,20250718
2025-07-18,CRISIL_GILT,2092.45,20250718
2025-07-18,CRISIL_LIQUID,2860.14,20250718
2025-07-18,NIFTY100,15728.9,20250718
2025-07-18,NIFTY50,19665.12,20250718
2025-07-18,NIFTY500,29521.59,20250718
2025-07-18,NIFTY_MIDCAP150,29459.64,20250718
2025-07-21,BSE_SMALLCAP,61684.57,20250721
2025-07-21,CRISIL_GILT,2090.65,20250721
2025-07-21,CRISIL_LIQUID,2862.51,20250721
2025-07-21,NIFTY100,15819.12,20250721
2025-07-21,NIFTY50,19621.67,20250721
2025-07-21,NIFTY500,29197.94,20250721
2025-07-21,NIFTY_MIDCAP150,29245.2,20250721
2025-07-22,BSE_SMALLCAP,61505.58,20250722
2025-07-22,CRISIL_GILT,2086.65,20250722
2025-07-22,CRISIL_LIQUID,2863.37,20250722
2025-07-22,NIFTY100,16095.0,20250722
2025-07-22,NIFTY50,19679.59,20250722
2025-07-22,NIFTY500,29234.5,20250722
2025-07-22,NIFTY_MIDCAP150,29670.86,20250722
2025-07-23,BSE_SMALLCAP,60189.81,20250723
2025-07-23,CRISIL_GILT,2087.47,20250723
2025-07-23,CRISIL_LIQUID,2864.38,20250723
2025-07-23,NIFTY100,16157.99,20250723
2025-07-23,NIFTY50,19683.16,20250723
2025-07-23,NIFTY500,29400.68,20250723
2025-07-23,NIFTY_MIDCAP150,29755.46,20250723
2025-07-24,BSE_SMALLCAP,61264.97,20250724
2025-07-24,CRISIL_GILT,2085.44,20250724
2025-07-24,CRISIL_LIQUID,2864.87,20250724
2025-07-24,NIFTY100,16012.83,20250724
2025-07-24,NIFTY50,19834.61,20250724
2025-07-24,NIFTY500,29487.34,20250724
2025-07-24,NIFTY_MIDCAP150,29500.02,20250724
2025-07-25,BSE_SMALLCAP,60584.88,20250725
2025-07-25,CRISIL_GILT,2093.2,20250725
2025-07-25,CRISIL_LIQUID,2865.76,20250725
2025-07-25,NIFTY100,16149.34,20250725
2025-07-25,NIFTY50,19866.08,20250725
2025-07-25,NIFTY500,29659.41,20250725
2025-07-25,NIFTY_MIDCAP150,29591.85,20250725
2025-07-28,BSE_SMALLCAP,61578.47,20250728
2025-07-28,CRISIL_GILT,2096.64,20250728
2025-07-28,CRISIL_LIQUID,2865.86,20250728
2025-07-28,NIFTY100,16085.02,20250728
2025-07-28,NIFTY50,19669.27,20250728
2025-07-28,NIFTY500,29401.97,20250728
2025-07-28,NIFTY_MIDCAP150,29489.1,20250728
2025-07-29,BSE_SMALLCAP,62149.46,20250729
2025-07-29,CRISIL_GILT,2090.34,20250729
2025-07-29,CRISIL_LIQUID,2865.08,20250729
2025-07-29,NIFTY100,16011.91,20250729
2025-07-29,NIFTY50,19631.76,20250729
2025-07-29,NIFTY500,28967.05,20250729
2025-07-29,NIFTY_MIDCAP150,29436.08,20250729
2025-07-30,BSE_SMALLCAP,61853.45,20250730
2025-07-30,CRISIL_GILT,2094.17,20250730
2025-07-30,CRISIL_LIQUID,2866.54,20250730
2025-07-30,NIFTY100,15901.57,20250730
2025-07-30,NIFTY50,19798.35,20250730
2025-07-30,NIFTY500,29208.54,20250730
2025-07-30,NIFTY_MIDCAP150,29468.96,20250730
2025-07-31,BSE_SMALLCAP,61258.84,20250731
2025-07-31,CRISIL_GILT,2096.58,20250731
2025-07-31,CRISIL_LIQUID,2867.91,20250731
2025-07-31,NIFTY100,16122.72,20250731
2025-07-31,NIFTY50,19856.06,20250731
2025-07-31,NIFTY500,28898.71,20250731
2025-07-31,NIFTY_MIDCAP150,29722.51,20250731
2025-08-01,BSE_SMALLCAP,61480.78,20250801
2025-08-01,CRISIL_GILT,2097.55,20250801
2025-08-01,CRISIL_LIQUID,2868.71,20250801
2025-08-01,NIFTY100,16076.99,20250801
2025-08-01,NIFTY50,19663.19,20250801
2025-08-01,NIFTY500,29045.22,20250801
2025-08-01,NIFTY_MIDCAP150,30047.02,20250801
2025-08-04,BSE_SMALLCAP,62456.79,20250804
2025-08-04,CRISIL_GILT,2097.32,20250804
2025-08-04,CRISIL_LIQUID,2869.57,20250804
2025-08-04,NIFTY100,15963.92,20250804
2025-08-04,NIFTY50,19956.72,20250804
2025-08-04,NIFTY500,28595.25,20250804
2025-08-04,NIFTY_MIDCAP150,29818.84,20250804
2025-08-05,BSE_SMALLCAP,63209.53,20250805
2025-08-05,CRISIL_GILT,2104.15,20250805
2025-08-05,CRISIL_LIQUID,2869.68,20250805
2025-08-05,NIFTY100,16135.43,20250805
2025-08-05,NIFTY50,19863.21,20250805
2025-08-05,NIFTY500,28781.28,20250805
2025-08-05,NIFTY_MIDCAP150,29959.88,20250805
2025-08-06,BSE_SMALLCAP,63752.17,20250806
2025-08-06,CRISIL_GILT,2098.89,20250806
2025-08-06,CRISIL_LIQUID,2871.51,20250806
2025-08-06,NIFTY100,15934.59,20250806
2025-08-06,NIFTY50,20020.43,20250806
2025-08-06,NIFTY500,28795.69,20250806
2025-08-06,NIFTY_MIDCAP150,29888.06,20250806
2025-08-07,BSE_SMALLCAP,63653.66,20250807
2025-08-07,CRISIL_GILT,2099.13,20250807
2025-08-07,CRISIL_LIQUID,2871.15,20250807
2025-08-07,NIFTY100,15950.57,20250807
2025-08-07,NIFTY50,20259.68,20250807
2025-08-07,NIFTY500,29076.24,20250807
2025-08-07,NIFTY_MIDCAP150,30168.35,20250807
2025-08-08,BSE_SMALLCAP,64423.76,20250808
2025-08-08,CRISIL_GILT,2090.88,20250808
2025-08-08,CRISIL_LIQUID,2873.16,20250808
2025-08-08,NIFTY100,15869.54,20250808
2025-08-08,NIFTY50,20442.73,20250808
2025-08-08,NIFTY500,29295.23,20250808
2025-08-08,NIFTY_MIDCAP150,29839.93,20250808
2025-08-11,BSE_SMALLCAP,63106.13,20250811
2025-08-11,CRISIL_GILT,2094.29,20250811
2025-08-11,CRISIL_LIQUID,2874.43,20250811
2025-08-11,NIFTY100,15956.12,20250811
2025-08-11,NIFTY50,20302.52,20250811
2025-08-11,NIFTY500,29221.28,20250811
2025-08-11,NIFTY_MIDCAP150,29851.86,20250811
2025-08-12,BSE_SMALLCAP,63367.05,20250812
2025-08-12,CRISIL_GILT,2094.55,20250812
2025-08-12,CRISIL_LIQUID,2875.44,20250812
2025-08-12,NIFTY100,15908.46,20250812
2025-08-12,NIFTY50,20492.23,20250812
2025-08-12,NIFTY500,29095.57,20250812
2025-08-12,NIFTY_MIDCAP150,29257.7,20250812
2025-08-13,BSE_SMALLCAP,63420.05,20250813
2025-08-13,CRISIL_GILT,2089.98,20250813
2025-08-13,CRISIL_LIQUID,2876.5,20250813
2025-08-13,NIFTY100,15733.14,20250813
2025-08-13,NIFTY50,20540.34,20250813
2025-08-13,NIFTY500,29191.85,20250813
2025-08-13,NIFTY_MIDCAP150,29511.01,20250813
2025-08-14,BSE_SMALLCAP,62398.27,20250814
2025-08-14,CRISIL_GILT,2091.55,20250814
2025-08-14,CRISIL_LIQUID,2878.16,20250814
2025-08-14,NIFTY100,15759.18,20250814
2025-08-14,NIFTY50,20327.49,20250814
2025-08-14,NIFTY500,29078.0,20250814
2025-08-14,NIFTY_MIDCAP150,30139.19,20250814
2025-08-15,BSE_SMALLCAP,62141.03,20250815
2025-08-15,CRISIL_GILT,2099.35,20250815
2025-08-15,CRISIL_LIQUID,2878.39,20250815
2025-08-15,NIFTY100,15707.52,20250815
2025-08-15,NIFTY50,20321.95,20250815
2025-08-15,NIFTY500,28264.29,20250815
2025-08-15,NIFTY_MIDCAP150,30691.92,20250815
2025-08-18,BSE_SMALLCAP,63661.07,20250818
2025-08-18,CRISIL_GILT,2100.54,20250818
2025-08-18,CRISIL_LIQUID,2879.85,20250818
2025-08-18,NIFTY100,15823.73,20250818
2025-08-18,NIFTY50,20165.11,20250818
2025-08-18,NIFTY500,28208.95,20250818
2025-08-18,NIFTY_MIDCAP150,31004.49,20250818
2025-08-19,BSE_SMALLCAP,64212.71,20250819
2025-08-19,CRISIL_GILT,2092.82,20250819
2025-08-19,CRISIL_LIQUID,2880.23,20250819
2025-08-19,NIFTY100,15839.96,20250819
2025-08-19,NIFTY50,20238.79,20250819
2025-08-19,NIFTY500,28010.11,20250819
2025-08-19,NIFTY_MIDCAP150,31227.06,20250819
2025-08-20,BSE_SMALLCAP,65100.35,20250820
2025-08-20,CRISIL_GILT,2093.32,20250820
2025-08-20,CRISIL_LIQUID,2881.4,20250820
2025-08-20,NIFTY100,16127.87,20250820
2025-08-20,NIFTY50,20379.02,20250820
2025-08-20,NIFTY500,27892.58,20250820
2025-08-20,NIFTY_MIDCAP150,31987.55,20250820
2025-08-21,BSE_SMALLCAP,64745.56,20250821
2025-08-21,CRISIL_GILT,2095.47,20250821
2025-08-21,CRISIL_LIQUID,2880.71,20250821
2025-08-21,NIFTY100,16062.16,20250821
2025-08-21,NIFTY50,20577.01,20250821
2025-08-21,NIFTY500,27980.22,20250821
2025-08-21,NIFTY_MIDCAP150,31806.46,20250821
2025-08-22,BSE_SMALLCAP,63301.11,20250822
2025-08-22,CRISIL_GILT,2092.41,20250822
2025-08-22,CRISIL_LIQUID,2880.84,20250822
2025-08-22,NIFTY100,16224.87,20250822
2025-08-22,NIFTY50,20573.44,20250822
2025-08-22,NIFTY500,28302.75,20250822
2025-08-22,NIFTY_MIDCAP150,31735.38,20250822
2025-08-25,BSE_SMALLCAP,64677.98,20250825
2025-08-25,CRISIL_GILT,2104.75,20250825
2025-08-25,CRISIL_LIQUID,2883.18,20250825
2025-08-25,NIFTY100,16186.11,20250825
2025-08-25,NIFTY50,20428.68,20250825
2025-08-25,NIFTY500,28780.02,20250825
2025-08-25,NIFTY_MIDCAP150,32268.28,20250825
2025-08-26,BSE_SMALLCAP,64070.33,20250826
2025-08-26,CRISIL_GILT,2097.68,20250826
2025-08-26,CRISIL_LIQUID,2885.13,20250826
2025-08-26,NIFTY100,16177.77,20250826
2025-08-26,NIFTY50,20237.5,20250826
2025-08-26,NIFTY500,28919.48,20250826
2025-08-26,NIFTY_MIDCAP150,32237.8,20250826
2025-08-27,BSE_SMALLCAP,63823.75,20250827
2025-08-27,CRISIL_GILT,2084.87,20250827
2025-08-27,CRISIL_LIQUID,2887.37,20250827
2025-08-27,NIFTY100,16286.02,20250827
2025-08-27,NIFTY50,20359.35,20250827
2025-08-27,NIFTY500,28782.96,20250827
2025-08-27,NIFTY_MIDCAP150,31921.64,20250827
2025-08-28,BSE_SMALLCAP,62686.62,20250828
2025-08-28,CRISIL_GILT,2080.55,20250828
2025-08-28,CRISIL_LIQUID,2889.16,20250828
2025-08-28,NIFTY100,16168.6,20250828
2025-08-28,NIFTY50,20531.62,20250828
2025-08-28,NIFTY500,29045.06,20250828
2025-08-28,NIFTY_MIDCAP150,31396.03,20250828
2025-08-29,BSE_SMALLCAP,63953.73,20250829
2025-08-29,CRISIL_GILT,2070.95,20250829
2025-08-29,CRISIL_LIQUID,2889.33,20250829
2025-08-29,NIFTY100,16334.53,20250829
2025-08-29,NIFTY50,20633.24,20250829
2025-08-29,NIFTY500,28675.37,20250829
2025-08-29,NIFTY_MIDCAP150,31118.29,20250829
2025-09-01,BSE_SMALLCAP,64293.37,20250901
2025-09-01,CRISIL_GILT,2076.48,20250901
2025-09-01,CRISIL_LIQUID,2889.61,20250901
2025-09-01,NIFTY100,16435.26,20250901
2025-09-01,NIFTY50,20498.69,20250901
2025-09-01,NIFTY500,28515.93,20250901
2025-09-01,NIFTY_MIDCAP150,31765.03,20250901
2025-09-02,BSE_SMALLCAP,64221.84,20250902
2025-09-02,CRISIL_GILT,2082.63,20250902
2025-09-02,CRISIL_LIQUID,2891.25,20250902
2025-09-02,NIFTY100,16549.98,20250902
2025-09-02,NIFTY50,20400.89,20250902
2025-09-02,NIFTY500,28472.92,20250902
2025-09-02,NIFTY_MIDCAP150,31747.98,20250902
2025-09-03,BSE_SMALLCAP,64816.36,20250903
2025-09-03,CRISIL_GILT,2074.79,20250903
2025-09-03,CRISIL_LIQUID,2892.98,20250903
2025-09-03,NIFTY100,16685.24,20250903
2025-09-03,NIFTY50,20314.81,20250903
2025-09-03,NIFTY500,28007.99,20250903
2025-09-03,NIFTY_MIDCAP150,31495.39,20250903
2025-09-04,BSE_SMALLCAP,64530.86,20250904
2025-09-04,CRISIL_GILT,2069.7,20250904
2025-09-04,CRISIL_LIQUID,2894.99,20250904
2025-09-04,NIFTY100,16772.48,20250904
2025-09-04,NIFTY50,20075.62,20250904
2025-09-04,NIFTY500,28083.53,20250904
2025-09-04,NIFTY_MIDCAP150,31483.81,20250904
2025-09-05,BSE_SMALLCAP,64038.05,20250905
2025-09-05,CRISIL_GILT,2063.96,20250905
2025-09-05,CRISIL_LIQUID,2895.92,20250905
2025-09-05,NIFTY100,16874.21,20250905
2025-09-05,NIFTY50,20167.91,20250905
2025-09-05,NIFTY500,27895.02,20250905
2025-09-05,NIFTY_MIDCAP150,31620.21,20250905
2025-09-08,BSE_SMALLCAP,63043.37,20250908
2025-09-08,CRISIL_GILT,2064.44,20250908
2025-09-08,CRISIL_LIQUID,2896.6,20250908
2025-09-08,NIFTY100,17065.23,20250908
2025-09-08,NIFTY50,20153.66,20250908
2025-09-08,NIFTY500,27969.82,20250908
2025-09-08,NIFTY_MIDCAP150,30980.47,20250908
2025-09-09,BSE_SMALLCAP,61954.08,20250909
2025-09-09,CRISIL_GILT,2067.47,20250909
2025-09-09,CRISIL_LIQUID,2898.44,20250909
2025-09-09,NIFTY100,17074.14,20250909
2025-09-09,NIFTY50,20400.72,20250909
2025-09-09,NIFTY500,27918.76,20250909
2025-09-09,NIFTY_MIDCAP150,30688.66,20250909
2025-09-10,BSE_SMALLCAP,62925.38,20250910
2025-09-10,CRISIL_GILT,2075.87,20250910
2025-09-10,CRISIL_LIQUID,2897.8,20250910
2025-09-10,NIFTY100,17057.3,20250910
2025-09-10,NIFTY50,20248.26,20250910
2025-09-10,NIFTY500,27726.67,20250910
2025-09-10,NIFTY_MIDCAP150,30194.5,20250910
2025-09-11,BSE_SMALLCAP,64086.53,20250911
2025-09-11,CRISIL_GILT,2078.69,20250911
2025-09-11,CRISIL_LIQUID,2898.39,20250911
2025-09-11,NIFTY100,17133.18,20250911
2025-09-11,NIFTY50,20233.43,20250911
2025-09-11,NIFTY500,27497.61,20250911
2025-09-11,NIFTY_MIDCAP150,30719.14,20250911
2025-09-12,BSE_SMALLCAP,62642.8,20250912
2025-09-12,CRISIL_GILT,2077.52,20250912
2025-09-12,CRISIL_LIQUID,2898.9,20250912
2025-09-12,NIFTY100,17155.4,20250912
2025-09-12,NIFTY50,20037.29,20250912
2025-09-12,NIFTY500,27500.06,20250912
2025-09-12,NIFTY_MIDCAP150,30697.57,20250912
2025-09-15,BSE_SMALLCAP,62643.08,20250915
2025-09-15,CRISIL_GILT,2076.11,20250915
2025-09-15,CRISIL_LIQUID,2899.42,20250915
2025-09-15,NIFTY100,17295.56,20250915
2025-09-15,NIFTY50,19984.15,20250915
2025-09-15,NIFTY500,27690.7,20250915
2025-09-15,NIFTY_MIDCAP150,30656.11,20250915
2025-09-16,BSE_SMALLCAP,62779.6,20250916
2025-09-16,CRISIL_GILT,2077.22,20250916
2025-09-16,CRISIL_LIQUID,2901.38,20250916
2025-09-16,NIFTY100,17570.14,20250916
2025-09-16,NIFTY50,20123.23,20250916
2025-09-16,NIFTY500,27875.06,20250916
2025-09-16,NIFTY_MIDCAP150,30612.92,20250916
2025-09-17,BSE_SMALLCAP,62261.02,20250917
2025-09-17,CRISIL_GILT,2078.64,20250917
2025-09-17,CRISIL_LIQUID,2902.7,20250917
2025-09-17,NIFTY100,17442.88,20250917
2025-09-17,NIFTY50,20141.99,20250917
2025-09-17,NIFTY500,27961.73,20250917
2025-09-17,NIFTY_MIDCAP150,30245.84,20250917
2025-09-18,BSE_SMALLCAP,61605.69,20250918
2025-09-18,CRISIL_GILT,2078.59,20250918
2025-09-18,CRISIL_LIQUID,2903.56,20250918
2025-09-18,NIFTY100,17465.23,20250918
2025-09-18,NIFTY50,19992.62,20250918
2025-09-18,NIFTY500,28117.79,20250918
2025-09-18,NIFTY_MIDCAP150,30443.35,20250918
2025-09-19,BSE_SMALLCAP,61736.39,20250919
2025-09-19,CRISIL_GILT,2079.69,20250919
2025-09-19,CRISIL_LIQUID,2902.91,20250919
2025-09-19,NIFTY100,17322.06,20250919
2025-09-19,NIFTY50,19758.05,20250919
2025-09-19,NIFTY500,28150.75,20250919
2025-09-19,NIFTY_MIDCAP150,31103.25,20250919
2025-09-22,BSE_SMALLCAP,61186.87,20250922
2025-09-22,CRISIL_GILT,2080.16,20250922
2025-09-22,CRISIL_LIQUID,2902.62,20250922
2025-09-22,NIFTY100,17300.46,20250922
2025-09-22,NIFTY50,19713.28,20250922
2025-09-22,NIFTY500,28002.35,20250922
2025-09-22,NIFTY_MIDCAP150,30905.79,20250922
2025-09-23,BSE_SMALLCAP,61257.8,20250923
2025-09-23,CRISIL_GILT,2073.16,20250923
2025-09-23,CRISIL_LIQUID,2904.11,20250923
2025-09-23,NIFTY100,17287.65,20250923
2025-09-23,NIFTY50,19755.9,20250923
2025-09-23,NIFTY500,28365.97,20250923
2025-09-23,NIFTY_MIDCAP150,31238.47,20250923
2025-09-24,BSE_SMALLCAP,60390.72,20250924
2025-09-24,CRISIL_GILT,2074.52,20250924
2025-09-24,CRISIL_LIQUID,2905.09,20250924
2025-09-24,NIFTY100,17240.75,20250924
2025-09-24,NIFTY50,19898.51,20250924
2025-09-24,NIFTY500,28217.1,20250924
2025-09-24,NIFTY_MIDCAP150,31218.75,20250924
2025-09-25,BSE_SMALLCAP,59946.92,20250925
2025-09-25,CRISIL_GILT,2070.55,20250925
2025-09-25,CRISIL_LIQUID,2906.97,20250925
2025-09-25,NIFTY100,17377.23,20250925
2025-09-25,NIFTY50,19786.63,20250925
2025-09-25,NIFTY500,28626.77,20250925
2025-09-25,NIFTY_MIDCAP150,30969.29,20250925
2025-09-26,BSE_SMALLCAP,59760.2,20250926
2025-09-26,CRISIL_GILT,2072.22,20250926
2025-09-26,CRISIL_LIQUID,2907.07,20250926
2025-09-26,NIFTY100,17436.66,20250926
2025-09-26,NIFTY50,19671.28,20250926
2025-09-26,NIFTY500,28802.72,20250926
2025-09-26,NIFTY_MIDCAP150,31308.76,20250926
2025-09-29,BSE_SMALLCAP,59526.72,20250929
2025-09-29,CRISIL_GILT,2075.37,20250929
2025-09-29,CRISIL_LIQUID,2907.86,20250929
2025-09-29,NIFTY100,17359.5,20250929
2025-09-29,NIFTY50,20025.86,20250929
2025-09-29,NIFTY500,28753.36,20250929
2025-09-29,NIFTY_MIDCAP150,30758.05,20250929
2025-09-30,BSE_SMALLCAP,60522.99,20250930
2025-09-30,CRISIL_GILT,2082.13,20250930
2025-09-30,CRISIL_LIQUID,2908.45,20250930
2025-09-30,NIFTY100,17497.18,20250930
2025-09-30,NIFTY50,20031.45,20250930
2025-09-30,NIFTY500,28444.08,20250930
2025-09-30,NIFTY_MIDCAP150,30285.16,20250930
2025-10-01,BSE_SMALLCAP,60104.5,20251001
2025-10-01,CRISIL_GILT,2082.55,20251001
2025-10-01,CRISIL_LIQUID,2910.01,20251001
2025-10-01,NIFTY100,17489.17,20251001
2025-10-01,NIFTY50,20198.11,20251001
2025-10-01,NIFTY500,28543.42,20251001
2025-10-01,NIFTY_MIDCAP150,30917.91,20251001
2025-10-02,BSE_SMALLCAP,60938.43,20251002
2025-10-02,CRISIL_GILT,2079.8,20251002
2025-10-02,CRISIL_LIQUID,2912.65,20251002
2025-10-02,NIFTY100,17421.42,20251002
2025-10-02,NIFTY50,19999.37,20251002
2025-10-02,NIFTY500,28546.17,20251002
2025-10-02,NIFTY_MIDCAP150,30796.43,20251002
2025-10-03,BSE_SMALLCAP,58518.22,20251003
2025-10-03,CRISIL_GILT,2084.82,20251003
2025-10-03,CRISIL_LIQUID,2912.89,20251003
2025-10-03,NIFTY100,17284.96,20251003
2025-10-03,NIFTY50,20061.7,20251003
2025-10-03,NIFTY500,28868.18,20251003
2025-10-03,NIFTY_MIDCAP150,31235.16,20251003
2025-10-06,BSE_SMALLCAP,58561.7,20251006
2025-10-06,CRISIL_GILT,2085.75,20251006
2025-10-06,CRISIL_LIQUID,2911.77,20251006
2025-10-06,NIFTY100,17086.94,20251006
2025-10-06,NIFTY50,20192.97,20251006
2025-10-06,NIFTY500,28619.76,20251006
2025-10-06,NIFTY_MIDCAP150,31213.34,20251006
2025-10-07,BSE_SMALLCAP,56926.72,20251007
2025-10-07,CRISIL_GILT,2096.7,20251007
2025-10-07,CRISIL_LIQUID,2912.97,20251007
2025-10-07,NIFTY100,17030.11,20251007
2025-10-07,NIFTY50,20212.15,20251007
2025-10-07,NIFTY500,28902.69,20251007
2025-10-07,NIFTY_MIDCAP150,30347.31,20251007
2025-10-08,BSE_SMALLCAP,57949.49,20251008
2025-10-08,CRISIL_GILT,2089.81,20251008
2025-10-08,CRISIL_LIQUID,2914.1,20251008
2025-10-08,NIFTY100,17046.39,20251008
2025-10-08,NIFTY50,19935.59,20251008
2025-10-08,NIFTY500,29296.19,20251008
2025-10-08,NIFTY_MIDCAP150,30601.69,20251008
2025-10-09,BSE_SMALLCAP,59641.19,20251009
2025-10-09,CRISIL_GILT,2087.36,20251009
2025-10-09,CRISIL_LIQUID,2913.19,20251009
2025-10-09,NIFTY100,17184.56,20251009
2025-10-09,NIFTY50,19797.34,20251009
2025-10-09,NIFTY500,29125.95,20251009
2025-10-09,NIFTY_MIDCAP150,30749.15,20251009
2025-10-10,BSE_SMALLCAP,59653.95,20251010
2025-10-10,CRISIL_GILT,2084.21,20251010
2025-10-10,CRISIL_LIQUID,2913.03,20251010
2025-10-10,NIFTY100,16907.35,20251010
2025-10-10,NIFTY50,19866.46,20251010
2025-10-10,NIFTY500,29331.25,20251010
2025-10-10,NIFTY_MIDCAP150,30508.98,20251010
2025-10-13,BSE_SMALLCAP,61138.75,20251013
2025-10-13,CRISIL_GILT,2094.51,20251013
2025-10-13,CRISIL_LIQUID,2913.38,20251013
2025-10-13,NIFTY100,17175.59,20251013
2025-10-13,NIFTY50,19617.49,20251013
2025-10-13,NIFTY500,29711.93,20251013
2025-10-13,NIFTY_MIDCAP150,30910.17,20251013
2025-10-14,BSE_SMALLCAP,60510.43,20251014
2025-10-14,CRISIL_GILT,2097.51,20251014
2025-10-14,CRISIL_LIQUID,2915.18,20251014
2025-10-14,NIFTY100,17075.83,20251014
2025-10-14,NIFTY50,20038.2,20251014
2025-10-14,NIFTY500,30086.24,20251014
2025-10-14,NIFTY_MIDCAP150,31259.55,20251014
2025-10-15,BSE_SMALLCAP,61383.81,20251015
2025-10-15,CRISIL_GILT,2088.24,20251015
2025-10-15,CRISIL_LIQUID,2914.99,20251015
2025-10-15,NIFTY100,17030.12,20251015
2025-10-15,NIFTY50,20235.74,20251015
2025-10-15,NIFTY500,30382.49,20251015
2025-10-15,NIFTY_MIDCAP150,31012.76,20251015
2025-10-16,BSE_SMALLCAP,62151.96,20251016
2025-10-16,CRISIL_GILT,2079.42,20251016
2025-10-16,CRISIL_LIQUID,2915.5,20251016
2025-10-16,NIFTY100,16989.54,20251016
2025-10-16,NIFTY50,19997.05,20251016
2025-10-16,NIFTY500,30862.74,20251016
2025-10-16,NIFTY_MIDCAP150,31415.78,20251016
2025-10-17,BSE_SMALLCAP,62064.36,20251017
2025-10-17,CRISIL_GILT,2084.52,20251017
2025-10-17,CRISIL_LIQUID,2914.44,20251017
2025-10-17,NIFTY100,16909.96,20251017
2025-10-17,NIFTY50,20049.63,20251017
2025-10-17,NIFTY500,30896.85,20251017
2025-10-17,NIFTY_MIDCAP150,31514.25,20251017
2025-10-20,BSE_SMALLCAP,62100.98,20251020
2025-10-20,CRISIL_GILT,2079.57,20251020
2025-10-20,CRISIL_LIQUID,2915.64,20251020
2025-10-20,NIFTY100,16875.87,20251020
2025-10-20,NIFTY50,20071.64,20251020
2025-10-20,NIFTY500,30900.56,20251020
2025-10-20,NIFTY_MIDCAP150,31558.95,20251020
2025-10-21,BSE_SMALLCAP,62432.12,20251021
2025-10-21,CRISIL_GILT,2080.19,20251021
2025-10-21,CRISIL_LIQUID,2915.25,20251021
2025-10-21,NIFTY100,16850.99,20251021
2025-10-21,NIFTY50,20261.08,20251021
2025-10-21,NIFTY500,31347.36,20251021
2025-10-21,NIFTY_MIDCAP150,31316.12,20251021
2025-10-22,BSE_SMALLCAP,62655.24,20251022
2025-10-22,CRISIL_GILT,2079.7,20251022
2025-10-22,CRISIL_LIQUID,2918.0,20251022
2025-10-22,NIFTY100,16838.03,20251022
2025-10-22,NIFTY50,19860.45,20251022
2025-10-22,NIFTY500,30717.62,20251022
2025-10-22,NIFTY_MIDCAP150,31012.22,20251022
2025-10-23,BSE_SMALLCAP,62999.73,20251023
2025-10-23,CRISIL_GILT,2090.69,20251023
2025-10-23,CRISIL_LIQUID,2917.97,20251023
2025-10-23,NIFTY100,17066.17,20251023
2025-10-23,NIFTY50,19897.55,20251023
2025-10-23,NIFTY500,30656.38,20251023
2025-10-23,NIFTY_MIDCAP150,31535.25,20251023
2025-10-24,BSE_SMALLCAP,64942.0,20251024
2025-10-24,CRISIL_GILT,2090.04,20251024
2025-10-24,CRISIL_LIQUID,2919.6,20251024
2025-10-24,NIFTY100,16971.86,20251024
2025-10-24,NIFTY50,19712.01,20251024
2025-10-24,NIFTY500,30452.17,20251024
2025-10-24,NIFTY_MIDCAP150,31692.73,20251024
2025-10-27,BSE_SMALLCAP,66819.39,20251027
2025-10-27,CRISIL_GILT,2088.42,20251027
2025-10-27,CRISIL_LIQUID,2920.84,20251027
2025-10-27,NIFTY100,17236.86,20251027
2025-10-27,NIFTY50,19792.4,20251027
2025-10-27,NIFTY500,30479.11,20251027
2025-10-27,NIFTY_MIDCAP150,32054.25,20251027
2025-10-28,BSE_SMALLCAP,67658.02,20251028
2025-10-28,CRISIL_GILT,2091.98,20251028
2025-10-28,CRISIL_LIQUID,2920.8,20251028
2025-10-28,NIFTY100,17322.25,20251028
2025-10-28,NIFTY50,19626.23,20251028
2025-10-28,NIFTY500,30607.19,20251028
2025-10-28,NIFTY_MIDCAP150,31900.64,20251028
2025-10-29,BSE_SMALLCAP,69674.88,20251029
2025-10-29,CRISIL_GILT,2098.45,20251029
2025-10-29,CRISIL_LIQUID,2922.57,20251029
2025-10-29,NIFTY100,17111.54,20251029
2025-10-29,NIFTY50,19856.98,20251029
2025-10-29,NIFTY500,30781.96,20251029
2025-10-29,NIFTY_MIDCAP150,32103.83,20251029
2025-10-30,BSE_SMALLCAP,68673.97,20251030
2025-10-30,CRISIL_GILT,2099.7,20251030
2025-10-30,CRISIL_LIQUID,2921.47,20251030
2025-10-30,NIFTY100,17003.55,20251030
2025-10-30,NIFTY50,19916.8,20251030
2025-10-30,NIFTY500,30819.15,20251030
2025-10-30,NIFTY_MIDCAP150,31997.5,20251030
2025-10-31,BSE_SMALLCAP,69511.77,20251031
2025-10-31,CRISIL_GILT,2088.19,20251031
2025-10-31,CRISIL_LIQUID,2922.2,20251031
2025-10-31,NIFTY100,16879.75,20251031
2025-10-31,NIFTY50,19634.35,20251031
2025-10-31,NIFTY500,30881.97,20251031
2025-10-31,NIFTY_MIDCAP150,32260.83,20251031
2025-11-03,BSE_SMALLCAP,70397.44,20251103
2025-11-03,CRISIL_GILT,2093.05,20251103
2025-11-03,CRISIL_LIQUID,2923.6,20251103
2025-11-03,NIFTY100,16884.7,20251103
2025-11-03,NIFTY50,19237.47,20251103
2025-11-03,NIFTY500,31163.15,20251103
2025-11-03,NIFTY_MIDCAP150,31771.89,20251103
2025-11-04,BSE_SMALLCAP,70046.84,20251104
2025-11-04,CRISIL_GILT,2086.5,20251104
2025-11-04,CRISIL_LIQUID,2924.13,20251104
2025-11-04,NIFTY100,17076.29,20251104
2025-11-04,NIFTY50,19325.33,20251104
2025-11-04,NIFTY500,31022.5,20251104
2025-11-04,NIFTY_MIDCAP150,31296.59,20251104
2025-11-05,BSE_SMALLCAP,72223.38,20251105
2025-11-05,CRISIL_GILT,2079.03,20251105
2025-11-05,CRISIL_LIQUID,2923.83,20251105
2025-11-05,NIFTY100,17198.7,20251105
2025-11-05,NIFTY50,19224.82,20251105
2025-11-05,NIFTY500,30944.33,20251105
2025-11-05,NIFTY_MIDCAP150,30926.29,20251105
2025-11-06,BSE_SMALLCAP,73913.59,20251106
2025-11-06,CRISIL_GILT,2077.05,20251106
2025-11-06,CRISIL_LIQUID,2926.04,20251106
2025-11-06,NIFTY100,17064.14,20251106
2025-11-06,NIFTY50,19324.55,20251106
2025-11-06,NIFTY500,30711.38,20251106
2025-11-06,NIFTY_MIDCAP150,30941.68,20251106
2025-11-07,BSE_SMALLCAP,74517.79,20251107
2025-11-07,CRISIL_GILT,2078.3,20251107
2025-11-07,CRISIL_LIQUID,2926.68,20251107
2025-11-07,NIFTY100,17242.99,20251107
2025-11-07,NIFTY50,19229.58,20251107
2025-11-07,NIFTY500,30723.73,20251107
2025-11-07,NIFTY_MIDCAP150,30192.05,20251107
2025-11-10,BSE_SMALLCAP,73842.5,20251110
2025-11-10,CRISIL_GILT,2086.55,20251110
2025-11-10,CRISIL_LIQUID,2926.92,20251110
2025-11-10,NIFTY100,17104.47,20251110
2025-11-10,NIFTY50,19429.29,20251110
2025-11-10,NIFTY500,30303.1,20251110
2025-11-10,NIFTY_MIDCAP150,30369.47,20251110
2025-11-11,BSE_SMALLCAP,72338.85,20251111
2025-11-11,CRISIL_GILT,2076.46,20251111
2025-11-11,CRISIL_LIQUID,2926.66,20251111
2025-11-11,NIFTY100,16988.07,20251111
2025-11-11,NIFTY50,19599.87,20251111
2025-11-11,NIFTY500,30668.24,20251111
2025-11-11,NIFTY_MIDCAP150,30600.75,20251111
2025-11-12,BSE_SMALLCAP,71361.43,20251112
2025-11-12,CRISIL_GILT,2077.86,20251112
2025-11-12,CRISIL_LIQUID,2927.5,20251112
2025-11-12,NIFTY100,17142.78,20251112
2025-11-12,NIFTY50,19678.69,20251112
2025-11-12,NIFTY500,30900.17,20251112
2025-11-12,NIFTY_MIDCAP150,30019.5,20251112
2025-11-13,BSE_SMALLCAP,73052.97,20251113
2025-11-13,CRISIL_GILT,2086.21,20251113
2025-11-13,CRISIL_LIQUID,2928.06,20251113
2025-11-13,NIFTY100,17295.92,20251113
2025-11-13,NIFTY50,19543.62,20251113
2025-11-13,NIFTY500,30649.55,20251113
2025-11-13,NIFTY_MIDCAP150,29900.49,20251113
2025-11-14,BSE_SMALLCAP,72829.17,20251114
2025-11-14,CRISIL_GILT,2086.27,20251114
2025-11-14,CRISIL_LIQUID,2928.55,20251114
2025-11-14,NIFTY100,17420.04,20251114
2025-11-14,NIFTY50,19459.3,20251114
2025-11-14,NIFTY500,31001.26,20251114
2025-11-14,NIFTY_MIDCAP150,30556.05,20251114
2025-11-17,BSE_SMALLCAP,74055.29,20251117
2025-11-17,CRISIL_GILT,2090.92,20251117
2025-11-17,CRISIL_LIQUID,2930.83,20251117
2025-11-17,NIFTY100,17431.2,20251117
2025-11-17,NIFTY50,19427.32,20251117
2025-11-17,NIFTY500,30944.57,20251117
2025-11-17,NIFTY_MIDCAP150,30423.58,20251117
2025-11-18,BSE_SMALLCAP,74484.52,20251118
2025-11-18,CRISIL_GILT,2095.14,20251118
2025-11-18,CRISIL_LIQUID,2933.09,20251118
2025-11-18,NIFTY100,17428.81,20251118
2025-11-18,NIFTY50,19270.2,20251118
2025-11-18,NIFTY500,30769.7,20251118
2025-11-18,NIFTY_MIDCAP150,30097.03,20251118
2025-11-19,BSE_SMALLCAP,72475.31,20251119
2025-11-19,CRISIL_GILT,2092.74,20251119
2025-11-19,CRISIL_LIQUID,2934.08,20251119
2025-11-19,NIFTY100,17270.71,20251119
2025-11-19,NIFTY50,19384.09,20251119
2025-11-19,NIFTY500,30887.19,20251119
2025-11-19,NIFTY_MIDCAP150,29988.21,20251119
2025-11-20,BSE_SMALLCAP,72265.47,20251120
2025-11-20,CRISIL_GILT,2096.54,20251120
2025-11-20,CRISIL_LIQUID,2935.47,20251120
2025-11-20,NIFTY100,17277.18,20251120
2025-11-20,NIFTY50,19341.65,20251120
2025-11-20,NIFTY500,30456.38,20251120
2025-11-20,NIFTY_MIDCAP150,30408.66,20251120
2025-11-21,BSE_SMALLCAP,71363.39,20251121
2025-11-21,CRISIL_GILT,2097.76,20251121
2025-11-21,CRISIL_LIQUID,2934.85,20251121
2025-11-21,NIFTY100,17190.35,20251121
2025-11-21,NIFTY50,19322.07,20251121
2025-11-21,NIFTY500,30379.16,20251121
2025-11-21,NIFTY_MIDCAP150,30034.14,20251121
2025-11-24,BSE_SMALLCAP,72243.38,20251124
2025-11-24,CRISIL_GILT,2096.68,20251124
2025-11-24,CRISIL_LIQUID,2935.69,20251124
2025-11-24,NIFTY100,17173.44,20251124
2025-11-24,NIFTY50,19249.08,20251124
2025-11-24,NIFTY500,30494.98,20251124
2025-11-24,NIFTY_MIDCAP150,30242.04,20251124
2025-11-25,BSE_SMALLCAP,73190.26,20251125
2025-11-25,CRISIL_GILT,2105.73,20251125
2025-11-25,CRISIL_LIQUID,2936.7,20251125
2025-11-25,NIFTY100,17507.58,20251125
2025-11-25,NIFTY50,19255.41,20251125
2025-11-25,NIFTY500,30994.15,20251125
2025-11-25,NIFTY_MIDCAP150,30406.8,20251125
2025-11-26,BSE_SMALLCAP,73055.37,20251126
2025-11-26,CRISIL_GILT,2105.41,20251126
2025-11-26,CRISIL_LIQUID,2937.26,20251126
2025-11-26,NIFTY100,17562.38,20251126
2025-11-26,NIFTY50,19292.28,20251126
2025-11-26,NIFTY500,30664.05,20251126
2025-11-26,NIFTY_MIDCAP150,30422.44,20251126
2025-11-27,BSE_SMALLCAP,74685.48,20251127
2025-11-27,CRISIL_GILT,2114.04,20251127
2025-11-27,CRISIL_LIQUID,2937.61,20251127
2025-11-27,NIFTY100,17411.94,20251127
2025-11-27,NIFTY50,19215.07,20251127
2025-11-27,NIFTY500,30358.88,20251127
2025-11-27,NIFTY_MIDCAP150,30311.71,20251127
2025-11-28,BSE_SMALLCAP,75868.06,20251128
2025-11-28,CRISIL_GILT,2112.82,20251128
2025-11-28,CRISIL_LIQUID,2937.64,20251128
2025-11-28,NIFTY100,17598.5,20251128
2025-11-28,NIFTY50,19187.01,20251128
2025-11-28,NIFTY500,30310.29,20251128
2025-11-28,NIFTY_MIDCAP150,30651.57,20251128
2025-12-01,BSE_SMALLCAP,75473.32,20251201
2025-12-01,CRISIL_GILT,2112.75,20251201
2025-12-01,CRISIL_LIQUID,2938.43,20251201
2025-12-01,NIFTY100,17801.56,20251201
2025-12-01,NIFTY50,19123.08,20251201
2025-12-01,NIFTY500,30239.55,20251201
2025-12-01,NIFTY_MIDCAP150,30277.25,20251201
2025-12-02,BSE_SMALLCAP,76100.64,20251202
2025-12-02,CRISIL_GILT,2112.11,20251202
2025-12-02,CRISIL_LIQUID,2940.25,20251202
2025-12-02,NIFTY100,18020.5,20251202
2025-12-02,NIFTY50,19059.76,20251202
2025-12-02,NIFTY500,30465.1,20251202
2025-12-02,NIFTY_MIDCAP150,30435.44,20251202
2025-12-03,BSE_SMALLCAP,75323.76,20251203
2025-12-03,CRISIL_GILT,2118.31,20251203
2025-12-03,CRISIL_LIQUID,2942.22,20251203
2025-12-03,NIFTY100,17958.85,20251203
2025-12-03,NIFTY50,19072.05,20251203
2025-12-03,NIFTY500,30892.98,20251203
2025-12-03,NIFTY_MIDCAP150,29923.96,20251203
2025-12-04,BSE_SMALLCAP,75027.45,20251204
2025-12-04,CRISIL_GILT,2114.31,20251204
2025-12-04,CRISIL_LIQUID,2942.98,20251204
2025-12-04,NIFTY100,17951.03,20251204
2025-12-04,NIFTY50,18685.61,20251204
2025-12-04,NIFTY500,31190.19,20251204
2025-12-04,NIFTY_MIDCAP150,30272.29,20251204
2025-12-05,BSE_SMALLCAP,75717.9,20251205
2025-12-05,CRISIL_GILT,2117.37,20251205
2025-12-05,CRISIL_LIQUID,2944.73,20251205
2025-12-05,NIFTY100,17774.98,20251205
2025-12-05,NIFTY50,18910.47,20251205
2025-12-05,NIFTY500,31085.07,20251205
2025-12-05,NIFTY_MIDCAP150,30552.69,20251205
2025-12-08,BSE_SMALLCAP,75833.69,20251208
2025-12-08,CRISIL_GILT,2120.09,20251208
2025-12-08,CRISIL_LIQUID,2944.62,20251208
2025-12-08,NIFTY100,18011.98,20251208
2025-12-08,NIFTY50,19038.06,20251208
2025-12-08,NIFTY500,31501.78,20251208
2025-12-08,NIFTY_MIDCAP150,30427.87,20251208
2025-12-09,BSE_SMALLCAP,74412.42,20251209
2025-12-09,CRISIL_GILT,2122.84,20251209
2025-12-09,CRISIL_LIQUID,2945.9,20251209
2025-12-09,NIFTY100,18038.89,20251209
2025-12-09,NIFTY50,19072.17,20251209
2025-12-09,NIFTY500,31496.69,20251209
2025-12-09,NIFTY_MIDCAP150,30366.77,20251209
2025-12-10,BSE_SMALLCAP,74896.54,20251210
2025-12-10,CRISIL_GILT,2134.44,20251210
2025-12-10,CRISIL_LIQUID,2946.56,20251210
2025-12-10,NIFTY100,17846.08,20251210
2025-12-10,NIFTY50,19212.55,20251210
2025-12-10,NIFTY500,31657.41,20251210
2025-12-10,NIFTY_MIDCAP150,30551.15,20251210
2025-12-11,BSE_SMALLCAP,74619.95,20251211
2025-12-11,CRISIL_GILT,2133.9,20251211
2025-12-11,CRISIL_LIQUID,2946.69,20251211
2025-12-11,NIFTY100,18098.03,20251211
2025-12-11,NIFTY50,19009.32,20251211
2025-12-11,NIFTY500,31791.03,20251211
2025-12-11,NIFTY_MIDCAP150,30104.14,20251211
2025-12-12,BSE_SMALLCAP,73853.06,20251212
2025-12-12,CRISIL_GILT,2149.26,20251212
2025-12-12,CRISIL_LIQUID,2949.45,20251212
2025-12-12,NIFTY100,18006.31,20251212
2025-12-12,NIFTY50,18748.29,20251212
2025-12-12,NIFTY500,31933.17,20251212
2025-12-12,NIFTY_MIDCAP150,30021.57,20251212
2025-12-15,BSE_SMALLCAP,72792.85,20251215
2025-12-15,CRISIL_GILT,2155.96,20251215
2025-12-15,CRISIL_LIQUID,2949.77,20251215
2025-12-15,NIFTY100,17956.77,20251215
2025-12-15,NIFTY50,18469.26,20251215
2025-12-15,NIFTY500,32196.83,20251215
2025-12-15,NIFTY_MIDCAP150,30039.92,20251215
2025-12-16,BSE_SMALLCAP,72650.05,20251216
2025-12-16,CRISIL_GILT,2148.72,20251216
2025-12-16,CRISIL_LIQUID,2950.19,20251216
2025-12-16,NIFTY100,17812.0,20251216
2025-12-16,NIFTY50,18543.66,20251216
2025-12-16,NIFTY500,32443.13,20251216
2025-12-16,NIFTY_MIDCAP150,29483.0,20251216
2025-12-17,BSE_SMALLCAP,72959.31,20251217
2025-12-17,CRISIL_GILT,2143.18,20251217
2025-12-17,CRISIL_LIQUID,2950.53,20251217
2025-12-17,NIFTY100,17645.21,20251217
2025-12-17,NIFTY50,18573.96,20251217
2025-12-17,NIFTY500,32668.27,20251217
2025-12-17,NIFTY_MIDCAP150,29803.55,20251217
2025-12-18,BSE_SMALLCAP,72778.14,20251218
2025-12-18,CRISIL_GILT,2149.35,20251218
2025-12-18,CRISIL_LIQUID,2951.61,20251218
2025-12-18,NIFTY100,17710.03,20251218
2025-12-18,NIFTY50,18637.62,20251218
2025-12-18,NIFTY500,32534.25,20251218
2025-12-18,NIFTY_MIDCAP150,30534.29,20251218
2025-12-19,BSE_SMALLCAP,73139.87,20251219
2025-12-19,CRISIL_GILT,2145.93,20251219
2025-12-19,CRISIL_LIQUID,2953.62,20251219
2025-12-19,NIFTY100,17617.69,20251219
2025-12-19,NIFTY50,18789.93,20251219
2025-12-19,NIFTY500,32302.55,20251219
2025-12-19,NIFTY_MIDCAP150,31398.29,20251219
2025-12-22,BSE_SMALLCAP,72927.04,20251222
2025-12-22,CRISIL_GILT,2147.88,20251222
2025-12-22,CRISIL_LIQUID,2953.31,20251222
2025-12-22,NIFTY100,17407.32,20251222
2025-12-22,NIFTY50,18436.93,20251222
2025-12-22,NIFTY500,32532.07,20251222
2025-12-22,NIFTY_MIDCAP150,30730.64,20251222
2025-12-23,BSE_SMALLCAP,73579.58,20251223
2025-12-23,CRISIL_GILT,2144.74,20251223
2025-12-23,CRISIL_LIQUID,2954.52,20251223
2025-12-23,NIFTY100,17557.52,20251223
2025-12-23,NIFTY50,18265.14,20251223
2025-12-23,NIFTY500,32645.1,20251223
2025-12-23,NIFTY_MIDCAP150,31157.45,20251223
2025-12-24,BSE_SMALLCAP,73482.28,20251224
2025-12-24,CRISIL_GILT,2142.85,20251224
2025-12-24,CRISIL_LIQUID,2955.61,20251224
2025-12-24,NIFTY100,17638.41,20251224
2025-12-24,NIFTY50,18176.35,20251224
2025-12-24,NIFTY500,32916.02,20251224
2025-12-24,NIFTY_MIDCAP150,30954.95,20251224
2025-12-25,BSE_SMALLCAP,71886.73,20251225
2025-12-25,CRISIL_GILT,2142.09,20251225
2025-12-25,CRISIL_LIQUID,2954.87,20251225
2025-12-25,NIFTY100,17907.08,20251225
2025-12-25,NIFTY50,18284.4,20251225
2025-12-25,NIFTY500,32798.95,20251225
2025-12-25,NIFTY_MIDCAP150,30935.73,20251225
2025-12-26,BSE_SMALLCAP,70752.27,20251226
2025-12-26,CRISIL_GILT,2148.03,20251226
2025-12-26,CRISIL_LIQUID,2956.89,20251226
2025-12-26,NIFTY100,17861.01,20251226
2025-12-26,NIFTY50,18315.42,20251226
2025-12-26,NIFTY500,33031.2,20251226
2025-12-26,NIFTY_MIDCAP150,30612.61,20251226
2025-12-29,BSE_SMALLCAP,70288.68,20251229
2025-12-29,CRISIL_GILT,2147.42,20251229
2025-12-29,CRISIL_LIQUID,2957.9,20251229
2025-12-29,NIFTY100,17875.38,20251229
2025-12-29,NIFTY50,18723.63,20251229
2025-12-29,NIFTY500,32959.96,20251229
2025-12-29,NIFTY_MIDCAP150,30843.73,20251229
2025-12-30,BSE_SMALLCAP,71578.16,20251230
2025-12-30,CRISIL_GILT,2155.78,20251230
2025-12-30,CRISIL_LIQUID,2959.34,20251230
2025-12-30,NIFTY100,17914.9,20251230
2025-12-30,NIFTY50,18565.61,20251230
2025-12-30,NIFTY500,32870.98,20251230
2025-12-30,NIFTY_MIDCAP150,29999.82,20251230
2025-12-31,BSE_SMALLCAP,70687.19,20251231
2025-12-31,CRISIL_GILT,2151.1,20251231
2025-12-31,CRISIL_LIQUID,2958.17,20251231
2025-12-31,NIFTY100,17943.93,20251231
2025-12-31,NIFTY50,18654.07,20251231
2025-12-31,NIFTY500,33230.1,20251231
2025-12-31,NIFTY_MIDCAP150,29613.27,20251231
2026-01-01,BSE_SMALLCAP,71124.08,20260101
2026-01-01,CRISIL_GILT,2156.03,20260101
2026-01-01,CRISIL_LIQUID,2960.3,20260101
2026-01-01,NIFTY100,17989.44,20260101
2026-01-01,NIFTY50,18808.75,20260101
2026-01-01,NIFTY500,33571.28,20260101
2026-01-01,NIFTY_MIDCAP150,28882.82,20260101
2026-01-02,BSE_SMALLCAP,71577.2,20260102
2026-01-02,CRISIL_GILT,2157.8,20260102
2026-01-02,CRISIL_LIQUID,2962.98,20260102
2026-01-02,NIFTY100,17950.77,20260102
2026-01-02,NIFTY50,19044.78,20260102
2026-01-02,NIFTY500,33653.42,20260102
2026-01-02,NIFTY_MIDCAP150,28712.3,20260102
2026-01-05,BSE_SMALLCAP,70430.49,20260105
2026-01-05,CRISIL_GILT,2151.71,20260105
2026-01-05,CRISIL_LIQUID,2963.61,20260105
2026-01-05,NIFTY100,17696.2,20260105
2026-01-05,NIFTY50,19021.88,20260105
2026-01-05,NIFTY500,33568.07,20260105
2026-01-05,NIFTY_MIDCAP150,28628.65,20260105
2026-01-06,BSE_SMALLCAP,70217.76,20260106
2026-01-06,CRISIL_GILT,2149.13,20260106
2026-01-06,CRISIL_LIQUID,2963.7,20260106
2026-01-06,NIFTY100,17746.43,20260106
2026-01-06,NIFTY50,18829.06,20260106
2026-01-06,NIFTY500,33560.81,20260106
2026-01-06,NIFTY_MIDCAP150,28140.18,20260106
2026-01-07,BSE_SMALLCAP,70418.66,20260107
2026-01-07,CRISIL_GILT,2149.11,20260107
2026-01-07,CRISIL_LIQUID,2962.18,20260107
2026-01-07,NIFTY100,17838.7,20260107
2026-01-07,NIFTY50,18939.51,20260107
2026-01-07,NIFTY500,33621.87,20260107
2026-01-07,NIFTY_MIDCAP150,28325.04,20260107
2026-01-08,BSE_SMALLCAP,70196.48,20260108
2026-01-08,CRISIL_GILT,2156.45,20260108
2026-01-08,CRISIL_LIQUID,2961.73,20260108
2026-01-08,NIFTY100,17798.1,20260108
2026-01-08,NIFTY50,18993.86,20260108
2026-01-08,NIFTY500,33524.45,20260108
2026-01-08,NIFTY_MIDCAP150,28482.63,20260108
2026-01-09,BSE_SMALLCAP,70800.69,20260109
2026-01-09,CRISIL_GILT,2156.38,20260109
2026-01-09,CRISIL_LIQUID,2963.27,20260109
2026-01-09,NIFTY100,18172.83,20260109
2026-01-09,NIFTY50,19092.69,20260109
2026-01-09,NIFTY500,33637.11,20260109
2026-01-09,NIFTY_MIDCAP150,28781.91,20260109
2026-01-12,BSE_SMALLCAP,71372.41,20260112
2026-01-12,CRISIL_GILT,2168.27,20260112
2026-01-12,CRISIL_LIQUID,2964.01,20260112
2026-01-12,NIFTY100,18110.58,20260112
2026-01-12,NIFTY50,19314.22,20260112
2026-01-12,NIFTY500,33504.72,20260112
2026-01-12,NIFTY_MIDCAP150,29263.11,20260112
2026-01-13,BSE_SMALLCAP,71633.28,20260113
2026-01-13,CRISIL_GILT,2167.14,20260113
2026-01-13,CRISIL_LIQUID,2963.36,20260113
2026-01-13,NIFTY100,18026.64,20260113
2026-01-13,NIFTY50,19285.86,20260113
2026-01-13,NIFTY500,33984.43,20260113
2026-01-13,NIFTY_MIDCAP150,29193.46,20260113
2026-01-14,BSE_SMALLCAP,72601.95,20260114
2026-01-14,CRISIL_GILT,2168.3,20260114
2026-01-14,CRISIL_LIQUID,2965.55,20260114
2026-01-14,NIFTY100,18100.89,20260114
2026-01-14,NIFTY50,19131.63,20260114
2026-01-14,NIFTY500,33412.5,20260114
2026-01-14,NIFTY_MIDCAP150,29285.83,20260114
2026-01-15,BSE_SMALLCAP,72650.1,20260115
2026-01-15,CRISIL_GILT,2176.16,20260115
2026-01-15,CRISIL_LIQUID,2965.69,20260115
2026-01-15,NIFTY100,18144.4,20260115
2026-01-15,NIFTY50,19229.77,20260115
2026-01-15,NIFTY500,33243.44,20260115
2026-01-15,NIFTY_MIDCAP150,28966.56,20260115
2026-01-16,BSE_SMALLCAP,72816.28,20260116
2026-01-16,CRISIL_GILT,2169.88,20260116
2026-01-16,CRISIL_LIQUID,2965.07,20260116
2026-01-16,NIFTY100,17920.55,20260116
2026-01-16,NIFTY50,19287.53,20260116
2026-01-16,NIFTY500,33488.11,20260116
2026-01-16,NIFTY_MIDCAP150,29007.09,20260116
2026-01-19,BSE_SMALLCAP,73154.3,20260119
2026-01-19,CRISIL_GILT,2177.09,20260119
2026-01-19,CRISIL_LIQUID,2965.88,20260119
2026-01-19,NIFTY100,18046.45,20260119
2026-01-19,NIFTY50,19246.63,20260119
2026-01-19,NIFTY500,33974.62,20260119
2026-01-19,NIFTY_MIDCAP150,29062.67,20260119
2026-01-20,BSE_SMALLCAP,72100.73,20260120
2026-01-20,CRISIL_GILT,2174.14,20260120
2026-01-20,CRISIL_LIQUID,2967.12,20260120
2026-01-20,NIFTY100,17987.7,20260120
2026-01-20,NIFTY50,19097.0,20260120
2026-01-20,NIFTY500,33813.26,20260120
2026-01-20,NIFTY_MIDCAP150,29588.43,20260120
2026-01-21,BSE_SMALLCAP,72734.74,20260121
2026-01-21,CRISIL_GILT,2173.49,20260121
2026-01-21,CRISIL_LIQUID,2966.63,20260121
2026-01-21,NIFTY100,18179.71,20260121
2026-01-21,NIFTY50,19159.69,20260121
2026-01-21,NIFTY500,33762.06,20260121
2026-01-21,NIFTY_MIDCAP150,29787.74,20260121
2026-01-22,BSE_SMALLCAP,72170.7,20260122
2026-01-22,CRISIL_GILT,2175.48,20260122
2026-01-22,CRISIL_LIQUID,2967.12,20260122
2026-01-22,NIFTY100,18248.01,20260122
2026-01-22,NIFTY50,19303.74,20260122
2026-01-22,NIFTY500,33916.67,20260122
2026-01-22,NIFTY_MIDCAP150,29995.08,20260122
2026-01-23,BSE_SMALLCAP,72009.36,20260123
2026-01-23,CRISIL_GILT,2171.68,20260123
2026-01-23,CRISIL_LIQUID,2969.32,20260123
2026-01-23,NIFTY100,18221.6,20260123
2026-01-23,NIFTY50,19062.89,20260123
2026-01-23,NIFTY500,34083.98,20260123
2026-01-23,NIFTY_MIDCAP150,29911.47,20260123
2026-01-26,BSE_SMALLCAP,72608.98,20260126
2026-01-26,CRISIL_GILT,2186.92,20260126
2026-01-26,CRISIL_LIQUID,2968.82,20260126
2026-01-26,NIFTY100,18421.61,20260126
2026-01-26,NIFTY50,19078.82,20260126
2026-01-26,NIFTY500,34142.45,20260126
2026-01-26,NIFTY_MIDCAP150,28842.18,20260126
2026-01-27,BSE_SMALLCAP,73112.16,20260127
2026-01-27,CRISIL_GILT,2188.77,20260127
2026-01-27,CRISIL_LIQUID,2969.91,20260127
2026-01-27,NIFTY100,18347.73,20260127
2026-01-27,NIFTY50,19180.35,20260127
2026-01-27,NIFTY500,34396.06,20260127
2026-01-27,NIFTY_MIDCAP150,28868.27,20260127
2026-01-28,BSE_SMALLCAP,71737.63,20260128
2026-01-28,CRISIL_GILT,2190.16,20260128
2026-01-28,CRISIL_LIQUID,2970.38,20260128
2026-01-28,NIFTY100,18156.81,20260128
2026-01-28,NIFTY50,19474.49,20260128
2026-01-28,NIFTY500,34503.72,20260128
2026-01-28,NIFTY_MIDCAP150,28730.88,20260128
2026-01-29,BSE_SMALLCAP,70397.83,20260129
2026-01-29,CRISIL_GILT,2187.53,20260129
2026-01-29,CRISIL_LIQUID,2971.65,20260129
2026-01-29,NIFTY100,17963.84,20260129
2026-01-29,NIFTY50,19494.43,20260129
2026-01-29,NIFTY500,34617.89,20260129
2026-01-29,NIFTY_MIDCAP150,28389.01,20260129
2026-01-30,BSE_SMALLCAP,69482.28,20260130
2026-01-30,CRISIL_GILT,2180.77,20260130
2026-01-30,CRISIL_LIQUID,2971.44,20260130
2026-01-30,NIFTY100,18008.15,20260130
2026-01-30,NIFTY50,19753.64,20260130
2026-01-30,NIFTY500,35118.14,20260130
2026-01-30,NIFTY_MIDCAP150,28646.64,20260130
2026-02-02,BSE_SMALLCAP,69726.09,20260202
2026-02-02,CRISIL_GILT,2187.65,20260202
2026-02-02,CRISIL_LIQUID,2972.42,20260202
2026-02-02,NIFTY100,18287.32,20260202
2026-02-02,NIFTY50,19899.21,20260202
2026-02-02,NIFTY500,35084.87,20260202
2026-02-02,NIFTY_MIDCAP150,28987.51,20260202
2026-02-03,BSE_SMALLCAP,71050.88,20260203
2026-02-03,CRISIL_GILT,2186.78,20260203
2026-02-03,CRISIL_LIQUID,2972.3,20260203
2026-02-03,NIFTY100,18274.68,20260203
2026-02-03,NIFTY50,20049.2,20260203
2026-02-03,NIFTY500,35028.32,20260203
2026-02-03,NIFTY_MIDCAP150,28676.71,20260203
2026-02-04,BSE_SMALLCAP,70628.63,20260204
2026-02-04,CRISIL_GILT,2189.23,20260204
2026-02-04,CRISIL_LIQUID,2971.19,20260204
2026-02-04,NIFTY100,18397.52,20260204
2026-02-04,NIFTY50,19926.84,20260204
2026-02-04,NIFTY500,34952.53,20260204
2026-02-04,NIFTY_MIDCAP150,28707.29,20260204
2026-02-05,BSE_SMALLCAP,69762.84,20260205
2026-02-05,CRISIL_GILT,2184.47,20260205
2026-02-05,CRISIL_LIQUID,2970.64,20260205
2026-02-05,NIFTY100,18453.28,20260205
2026-02-05,NIFTY50,20344.88,20260205
2026-02-05,NIFTY500,34789.12,20260205
2026-02-05,NIFTY_MIDCAP150,28690.44,20260205
2026-02-06,BSE_SMALLCAP,68911.97,20260206
2026-02-06,CRISIL_GILT,2189.58,20260206
2026-02-06,CRISIL_LIQUID,2971.2,20260206
2026-02-06,NIFTY100,18399.73,20260206
2026-02-06,NIFTY50,20364.99,20260206
2026-02-06,NIFTY500,34771.71,20260206
2026-02-06,NIFTY_MIDCAP150,29080.87,20260206
2026-02-09,BSE_SMALLCAP,69380.27,20260209
2026-02-09,CRISIL_GILT,2188.47,20260209
2026-02-09,CRISIL_LIQUID,2972.18,20260209
2026-02-09,NIFTY100,18160.3,20260209
2026-02-09,NIFTY50,20408.68,20260209
2026-02-09,NIFTY500,34601.37,20260209
2026-02-09,NIFTY_MIDCAP150,29244.0,20260209
2026-02-10,BSE_SMALLCAP,70472.14,20260210
2026-02-10,CRISIL_GILT,2180.0,20260210
2026-02-10,CRISIL_LIQUID,2974.08,20260210
2026-02-10,NIFTY100,18193.73,20260210
2026-02-10,NIFTY50,20421.69,20260210
2026-02-10,NIFTY500,34760.46,20260210
2026-02-10,NIFTY_MIDCAP150,29500.03,20260210
2026-02-11,BSE_SMALLCAP,71524.24,20260211
2026-02-11,CRISIL_GILT,2179.03,20260211
2026-02-11,CRISIL_LIQUID,2975.19,20260211
2026-02-11,NIFTY100,18322.7,20260211
2026-02-11,NIFTY50,20639.95,20260211
2026-02-11,NIFTY500,34924.42,20260211
2026-02-11,NIFTY_MIDCAP150,29395.55,20260211
2026-02-12,BSE_SMALLCAP,70908.98,20260212
2026-02-12,CRISIL_GILT,2183.94,20260212
2026-02-12,CRISIL_LIQUID,2977.42,20260212
2026-02-12,NIFTY100,18399.89,20260212
2026-02-12,NIFTY50,20983.66,20260212
2026-02-12,NIFTY500,35017.03,20260212
2026-02-12,NIFTY_MIDCAP150,29552.37,20260212
2026-02-13,BSE_SMALLCAP,69482.99,20260213
2026-02-13,CRISIL_GILT,2187.8,20260213
2026-02-13,CRISIL_LIQUID,2978.0,20260213
2026-02-13,NIFTY100,18357.52,20260213
2026-02-13,NIFTY50,21107.37,20260213
2026-02-13,NIFTY500,35158.47,20260213
2026-02-13,NIFTY_MIDCAP150,29865.06,20260213
2026-02-16,BSE_SMALLCAP,69613.38,20260216
2026-02-16,CRISIL_GILT,2190.54,20260216
2026-02-16,CRISIL_LIQUID,2979.28,20260216
2026-02-16,NIFTY100,18286.91,20260216
2026-02-16,NIFTY50,21051.16,20260216
2026-02-16,NIFTY500,35429.45,20260216
2026-02-16,NIFTY_MIDCAP150,30679.14,20260216
2026-02-17,BSE_SMALLCAP,71108.54,20260217
2026-02-17,CRISIL_GILT,2190.98,20260217
2026-02-17,CRISIL_LIQUID,2979.13,20260217
2026-02-17,NIFTY100,18200.9,20260217
2026-02-17,NIFTY50,21356.16,20260217
2026-02-17,NIFTY500,35128.61,20260217
2026-02-17,NIFTY_MIDCAP150,30510.85,20260217
2026-02-18,BSE_SMALLCAP,71586.54,20260218
2026-02-18,CRISIL_GILT,2191.81,20260218
2026-02-18,CRISIL_LIQUID,2980.19,20260218
2026-02-18,NIFTY100,18111.6,20260218
2026-02-18,NIFTY50,21146.71,20260218
2026-02-18,NIFTY500,35231.41,20260218
2026-02-18,NIFTY_MIDCAP150,30404.11,20260218
2026-02-19,BSE_SMALLCAP,70302.44,20260219
2026-02-19,CRISIL_GILT,2189.37,20260219
2026-02-19,CRISIL_LIQUID,2980.61,20260219
2026-02-19,NIFTY100,18126.9,20260219
2026-02-19,NIFTY50,21036.59,20260219
2026-02-19,NIFTY500,35752.53,20260219
2026-02-19,NIFTY_MIDCAP150,30169.65,20260219
2026-02-20,BSE_SMALLCAP,70287.18,20260220
2026-02-20,CRISIL_GILT,2196.42,20260220
2026-02-20,CRISIL_LIQUID,2980.93,20260220
2026-02-20,NIFTY100,18112.29,20260220
2026-02-20,NIFTY50,20808.75,20260220
2026-02-20,NIFTY500,35603.65,20260220
2026-02-20,NIFTY_MIDCAP150,30036.14,20260220
2026-02-23,BSE_SMALLCAP,69360.06,20260223
2026-02-23,CRISIL_GILT,2196.76,20260223
2026-02-23,CRISIL_LIQUID,2981.76,20260223
2026-02-23,NIFTY100,18196.12,20260223
2026-02-23,NIFTY50,20756.19,20260223
2026-02-23,NIFTY500,36418.15,20260223
2026-02-23,NIFTY_MIDCAP150,30529.92,20260223
2026-02-24,BSE_SMALLCAP,69727.68,20260224
2026-02-24,CRISIL_GILT,2194.48,20260224
2026-02-24,CRISIL_LIQUID,2981.2,20260224
2026-02-24,NIFTY100,18060.73,20260224
2026-02-24,NIFTY50,20937.54,20260224
2026-02-24,NIFTY500,36339.84,20260224
2026-02-24,NIFTY_MIDCAP150,30263.53,20260224
2026-02-25,BSE_SMALLCAP,69735.98,20260225
2026-02-25,CRISIL_GILT,2205.04,20260225
2026-02-25,CRISIL_LIQUID,2982.28,20260225
2026-02-25,NIFTY100,18065.44,20260225
2026-02-25,NIFTY50,20909.28,20260225
2026-02-25,NIFTY500,36438.27,20260225
2026-02-25,NIFTY_MIDCAP150,30416.85,20260225
2026-02-26,BSE_SMALLCAP,69522.59,20260226
2026-02-26,CRISIL_GILT,2212.56,20260226
2026-02-26,CRISIL_LIQUID,2983.71,20260226
2026-02-26,NIFTY100,18068.86,20260226
2026-02-26,NIFTY50,20929.33,20260226
2026-02-26,NIFTY500,36551.17,20260226
2026-02-26,NIFTY_MIDCAP150,30782.5,20260226
2026-02-27,BSE_SMALLCAP,68966.76,20260227
2026-02-27,CRISIL_GILT,2213.73,20260227
2026-02-27,CRISIL_LIQUID,2983.82,20260227
2026-02-27,NIFTY100,18002.35,20260227
2026-02-27,NIFTY50,21001.87,20260227
2026-02-27,NIFTY500,36111.37,20260227
2026-02-27,NIFTY_MIDCAP150,31223.71,20260227
2026-03-02,BSE_SMALLCAP,69424.7,20260302
2026-03-02,CRISIL_GILT,2212.41,20260302
2026-03-02,CRISIL_LIQUID,2984.76,20260302
2026-03-02,NIFTY100,18056.33,20260302
2026-03-02,NIFTY50,20972.58,20260302
2026-03-02,NIFTY500,35876.16,20260302
2026-03-02,NIFTY_MIDCAP150,31763.06,20260302
2026-03-03,BSE_SMALLCAP,70633.48,20260303
2026-03-03,CRISIL_GILT,2211.25,20260303
2026-03-03,CRISIL_LIQUID,2986.71,20260303
2026-03-03,NIFTY100,17933.37,20260303
2026-03-03,NIFTY50,20791.56,20260303
2026-03-03,NIFTY500,36104.36,20260303
2026-03-03,NIFTY_MIDCAP150,31953.29,20260303
2026-03-04,BSE_SMALLCAP,72287.04,20260304
2026-03-04,CRISIL_GILT,2206.52,20260304
2026-03-04,CRISIL_LIQUID,2988.19,20260304
2026-03-04,NIFTY100,18118.0,20260304
2026-03-04,NIFTY50,20521.62,20260304
2026-03-04,NIFTY500,36049.18,20260304
2026-03-04,NIFTY_MIDCAP150,32109.07,20260304
2026-03-05,BSE_SMALLCAP,72754.29,20260305
2026-03-05,CRISIL_GILT,2212.46,20260305
2026-03-05,CRISIL_LIQUID,2988.83,20260305
2026-03-05,NIFTY100,18189.69,20260305
2026-03-05,NIFTY50,20752.23,20260305
2026-03-05,NIFTY500,35792.23,20260305
2026-03-05,NIFTY_MIDCAP150,31923.09,20260305
2026-03-06,BSE_SMALLCAP,74099.67,20260306
2026-03-06,CRISIL_GILT,2223.37,20260306
2026-03-06,CRISIL_LIQUID,2989.98,20260306
2026-03-06,NIFTY100,18279.69,20260306
2026-03-06,NIFTY50,20654.41,20260306
2026-03-06,NIFTY500,36196.72,20260306
2026-03-06,NIFTY_MIDCAP150,31238.0,20260306
2026-03-09,BSE_SMALLCAP,73120.68,20260309
2026-03-09,CRISIL_GILT,2227.22,20260309
2026-03-09,CRISIL_LIQUID,2992.15,20260309
2026-03-09,NIFTY100,18277.65,20260309
2026-03-09,NIFTY50,20548.58,20260309
2026-03-09,NIFTY500,36314.15,20260309
2026-03-09,NIFTY_MIDCAP150,31047.48,20260309
2026-03-10,BSE_SMALLCAP,72833.76,20260310
2026-03-10,CRISIL_GILT,2236.58,20260310
2026-03-10,CRISIL_LIQUID,2993.17,20260310
2026-03-10,NIFTY100,18237.19,20260310
2026-03-10,NIFTY50,20308.33,20260310
2026-03-10,NIFTY500,36287.63,20260310
2026-03-10,NIFTY_MIDCAP150,31123.31,20260310
2026-03-11,BSE_SMALLCAP,71924.06,20260311
2026-03-11,CRISIL_GILT,2242.08,20260311
2026-03-11,CRISIL_LIQUID,2994.83,20260311
2026-03-11,NIFTY100,18138.31,20260311
2026-03-11,NIFTY50,20295.16,20260311
2026-03-11,NIFTY500,37045.24,20260311
2026-03-11,NIFTY_MIDCAP150,31503.08,20260311
2026-03-12,BSE_SMALLCAP,71489.87,20260312
2026-03-12,CRISIL_GILT,2234.43,20260312
2026-03-12,CRISIL_LIQUID,2996.35,20260312
2026-03-12,NIFTY100,18023.65,20260312
2026-03-12,NIFTY50,20395.24,20260312
2026-03-12,NIFTY500,36739.01,20260312
2026-03-12,NIFTY_MIDCAP150,32064.32,20260312
2026-03-13,BSE_SMALLCAP,70531.17,20260313
2026-03-13,CRISIL_GILT,2243.33,20260313
2026-03-13,CRISIL_LIQUID,2997.22,20260313
2026-03-13,NIFTY100,17807.85,20260313
2026-03-13,NIFTY50,20344.18,20260313
2026-03-13,NIFTY500,36424.66,20260313
2026-03-13,NIFTY_MIDCAP150,32087.05,20260313
2026-03-16,BSE_SMALLCAP,72192.84,20260316
2026-03-16,CRISIL_GILT,2242.7,20260316
2026-03-16,CRISIL_LIQUID,2999.21,20260316
2026-03-16,NIFTY100,17829.89,20260316
2026-03-16,NIFTY50,20412.45,20260316
2026-03-16,NIFTY500,36315.8,20260316
2026-03-16,NIFTY_MIDCAP150,32519.41,20260316
2026-03-17,BSE_SMALLCAP,71872.15,20260317
2026-03-17,CRISIL_GILT,2244.58,20260317
2026-03-17,CRISIL_LIQUID,2999.03,20260317
2026-03-17,NIFTY100,17940.74,20260317
2026-03-17,NIFTY50,20094.33,20260317
2026-03-17,NIFTY500,36424.03,20260317
2026-03-17,NIFTY_MIDCAP150,32601.9,20260317
2026-03-18,BSE_SMALLCAP,71782.69,20260318
2026-03-18,CRISIL_GILT,2240.08,20260318
2026-03-18,CRISIL_LIQUID,3000.2,20260318
2026-03-18,NIFTY100,17770.6,20260318
2026-03-18,NIFTY50,20131.99,20260318
2026-03-18,NIFTY500,36588.4,20260318
2026-03-18,NIFTY_MIDCAP150,32699.66,20260318
2026-03-19,BSE_SMALLCAP,70311.39,20260319
2026-03-19,CRISIL_GILT,2230.84,20260319
2026-03-19,CRISIL_LIQUID,3000.46,20260319
2026-03-19,NIFTY100,17972.7,20260319
2026-03-19,NIFTY50,20074.22,20260319
2026-03-19,NIFTY500,36373.23,20260319
2026-03-19,NIFTY_MIDCAP150,32609.61,20260319
2026-03-20,BSE_SMALLCAP,68431.22,20260320
2026-03-20,CRISIL_GILT,2227.98,20260320
2026-03-20,CRISIL_LIQUID,3002.07,20260320
2026-03-20,NIFTY100,17751.17,20260320
2026-03-20,NIFTY50,19848.33,20260320
2026-03-20,NIFTY500,35947.96,20260320
2026-03-20,NIFTY_MIDCAP150,32454.84,20260320
2026-03-23,BSE_SMALLCAP,70112.32,20260323
2026-03-23,CRISIL_GILT,2230.15,20260323
2026-03-23,CRISIL_LIQUID,3002.83,20260323
2026-03-23,NIFTY100,17884.32,20260323
2026-03-23,NIFTY50,19596.33,20260323
2026-03-23,NIFTY500,36152.24,20260323
2026-03-23,NIFTY_MIDCAP150,32261.91,20260323
2026-03-24,BSE_SMALLCAP,69930.39,20260324
2026-03-24,CRISIL_GILT,2231.52,20260324
2026-03-24,CRISIL_LIQUID,3004.51,20260324
2026-03-24,NIFTY100,17769.37,20260324
2026-03-24,NIFTY50,19468.16,20260324
2026-03-24,NIFTY500,36030.26,20260324
2026-03-24,NIFTY_MIDCAP150,32081.59,20260324
2026-03-25,BSE_SMALLCAP,72240.96,20260325
2026-03-25,CRISIL_GILT,2236.64,20260325
2026-03-25,CRISIL_LIQUID,3006.01,20260325
2026-03-25,NIFTY100,17935.62,20260325
2026-03-25,NIFTY50,19284.67,20260325
2026-03-25,NIFTY500,36051.39,20260325
2026-03-25,NIFTY_MIDCAP150,31857.44,20260325
2026-03-26,BSE_SMALLCAP,72141.98,20260326
2026-03-26,CRISIL_GILT,2238.92,20260326
2026-03-26,CRISIL_LIQUID,3006.39,20260326
2026-03-26,NIFTY100,18056.63,20260326
2026-03-26,NIFTY50,19348.8,20260326
2026-03-26,NIFTY500,36097.46,20260326
2026-03-26,NIFTY_MIDCAP150,32186.46,20260326
2026-03-27,BSE_SMALLCAP,70959.65,20260327
2026-03-27,CRISIL_GILT,2240.42,20260327
2026-03-27,CRISIL_LIQUID,3007.67,20260327
2026-03-27,NIFTY100,18461.52,20260327
2026-03-27,NIFTY50,19427.12,20260327
2026-03-27,NIFTY500,36421.99,20260327
2026-03-27,NIFTY_MIDCAP150,32673.63,20260327
2026-03-30,BSE_SMALLCAP,71031.71,20260330
2026-03-30,CRISIL_GILT,2237.99,20260330
2026-03-30,CRISIL_LIQUID,3008.88,20260330
2026-03-30,NIFTY100,18376.27,20260330
2026-03-30,NIFTY50,19463.75,20260330
2026-03-30,NIFTY500,36276.4,20260330
2026-03-30,NIFTY_MIDCAP150,32414.16,20260330
2026-03-31,BSE_SMALLCAP,71155.43,20260331
2026-03-31,CRISIL_GILT,2250.08,20260331
2026-03-31,CRISIL_LIQUID,3009.46,20260331
2026-03-31,NIFTY100,18051.34,20260331
2026-03-31,NIFTY50,19533.12,20260331
2026-03-31,NIFTY500,36807.25,20260331
2026-03-31,NIFTY_MIDCAP150,32108.14,20260331
2026-04-01,BSE_SMALLCAP,71348.05,20260401
2026-04-01,CRISIL_GILT,2261.92,20260401
2026-04-01,CRISIL_LIQUID,3011.06,20260401
2026-04-01,NIFTY100,17782.44,20260401
2026-04-01,NIFTY50,19292.7,20260401
2026-04-01,NIFTY500,36778.65,20260401
2026-04-01,NIFTY_MIDCAP150,32060.72,20260401
2026-04-02,BSE_SMALLCAP,71330.28,20260402
2026-04-02,CRISIL_GILT,2264.09,20260402
2026-04-02,CRISIL_LIQUID,3011.73,20260402
2026-04-02,NIFTY100,17760.9,20260402
2026-04-02,NIFTY50,19382.35,20260402
2026-04-02,NIFTY500,36364.63,20260402
2026-04-02,NIFTY_MIDCAP150,31765.19,20260402
2026-04-03,BSE_SMALLCAP,69899.51,20260403
2026-04-03,CRISIL_GILT,2256.85,20260403
2026-04-03,CRISIL_LIQUID,3011.77,20260403
2026-04-03,NIFTY100,17793.29,20260403
2026-04-03,NIFTY50,19497.75,20260403
2026-04-03,NIFTY500,36061.37,20260403
2026-04-03,NIFTY_MIDCAP150,31420.75,20260403
2026-04-06,BSE_SMALLCAP,68477.32,20260406
2026-04-06,CRISIL_GILT,2259.59,20260406
2026-04-06,CRISIL_LIQUID,3012.82,20260406
2026-04-06,NIFTY100,17697.48,20260406
2026-04-06,NIFTY50,19550.84,20260406
2026-04-06,NIFTY500,35746.47,20260406
2026-04-06,NIFTY_MIDCAP150,31316.6,20260406
2026-04-07,BSE_SMALLCAP,69640.27,20260407
2026-04-07,CRISIL_GILT,2253.08,20260407
2026-04-07,CRISIL_LIQUID,3014.03,20260407
2026-04-07,NIFTY100,17758.78,20260407
2026-04-07,NIFTY50,19544.45,20260407
2026-04-07,NIFTY500,35535.93,20260407
2026-04-07,NIFTY_MIDCAP150,31423.15,20260407
2026-04-08,BSE_SMALLCAP,71615.98,20260408
2026-04-08,CRISIL_GILT,2245.8,20260408
2026-04-08,CRISIL_LIQUID,3011.98,20260408
2026-04-08,NIFTY100,17897.71,20260408
2026-04-08,NIFTY50,19435.22,20260408
2026-04-08,NIFTY500,35635.3,20260408
2026-04-08,NIFTY_MIDCAP150,31525.63,20260408
2026-04-09,BSE_SMALLCAP,71382.29,20260409
2026-04-09,CRISIL_GILT,2252.11,20260409
2026-04-09,CRISIL_LIQUID,3015.03,20260409
2026-04-09,NIFTY100,17992.09,20260409
2026-04-09,NIFTY50,19498.48,20260409
2026-04-09,NIFTY500,35971.46,20260409
2026-04-09,NIFTY_MIDCAP150,31433.73,20260409
2026-04-10,BSE_SMALLCAP,69644.93,20260410
2026-04-10,CRISIL_GILT,2247.91,20260410
2026-04-10,CRISIL_LIQUID,3018.5,20260410
2026-04-10,NIFTY100,17994.82,20260410
2026-04-10,NIFTY50,19446.79,20260410
2026-04-10,NIFTY500,35291.81,20260410
2026-04-10,NIFTY_MIDCAP150,31267.19,20260410
2026-04-13,BSE_SMALLCAP,70866.93,20260413
2026-04-13,CRISIL_GILT,2245.76,20260413
2026-04-13,CRISIL_LIQUID,3018.49,20260413
2026-04-13,NIFTY100,17879.1,20260413
2026-04-13,NIFTY50,19603.64,20260413
2026-04-13,NIFTY500,35589.83,20260413
2026-04-13,NIFTY_MIDCAP150,31503.77,20260413
2026-04-14,BSE_SMALLCAP,70089.25,20260414
2026-04-14,CRISIL_GILT,2251.61,20260414
2026-04-14,CRISIL_LIQUID,3019.85,20260414
2026-04-14,NIFTY100,18009.93,20260414
2026-04-14,NIFTY50,19657.57,20260414
2026-04-14,NIFTY500,36054.78,20260414
2026-04-14,NIFTY_MIDCAP150,31662.95,20260414
2026-04-15,BSE_SMALLCAP,70477.97,20260415
2026-04-15,CRISIL_GILT,2254.94,20260415
2026-04-15,CRISIL_LIQUID,3019.61,20260415
2026-04-15,NIFTY100,18223.56,20260415
2026-04-15,NIFTY50,19639.87,20260415
2026-04-15,NIFTY500,36731.91,20260415
2026-04-15,NIFTY_MIDCAP150,31744.99,20260415
2026-04-16,BSE_SMALLCAP,70017.76,20260416
2026-04-16,CRISIL_GILT,2259.57,20260416
2026-04-16,CRISIL_LIQUID,3018.81,20260416
2026-04-16,NIFTY100,18142.7,20260416
2026-04-16,NIFTY50,19594.15,20260416
2026-04-16,NIFTY500,36887.15,20260416
2026-04-16,NIFTY_MIDCAP150,31562.54,20260416
2026-04-17,BSE_SMALLCAP,69589.51,20260417
2026-04-17,CRISIL_GILT,2270.49,20260417
2026-04-17,CRISIL_LIQUID,3019.15,20260417
2026-04-17,NIFTY100,17978.08,20260417
2026-04-17,NIFTY50,19578.04,20260417
2026-04-17,NIFTY500,36331.91,20260417
2026-04-17,NIFTY_MIDCAP150,32063.61,20260417
2026-04-20,BSE_SMALLCAP,68811.19,20260420
2026-04-20,CRISIL_GILT,2268.09,20260420
2026-04-20,CRISIL_LIQUID,3018.62,20260420
2026-04-20,NIFTY100,18157.51,20260420
2026-04-20,NIFTY50,19562.71,20260420
2026-04-20,NIFTY500,35922.39,20260420
2026-04-20,NIFTY_MIDCAP150,31610.65,20260420
2026-04-21,BSE_SMALLCAP,70206.26,20260421
2026-04-21,CRISIL_GILT,2270.69,20260421
2026-04-21,CRISIL_LIQUID,3019.9,20260421
2026-04-21,NIFTY100,18214.04,20260421
2026-04-21,NIFTY50,19559.56,20260421
2026-04-21,NIFTY500,36224.88,20260421
2026-04-21,NIFTY_MIDCAP150,31430.8,20260421
2026-04-22,BSE_SMALLCAP,70697.91,20260422
2026-04-22,CRISIL_GILT,2279.95,20260422
2026-04-22,CRISIL_LIQUID,3021.52,20260422
2026-04-22,NIFTY100,18267.78,20260422
2026-04-22,NIFTY50,19362.93,20260422
2026-04-22,NIFTY500,36273.42,20260422
2026-04-22,NIFTY_MIDCAP150,31100.86,20260422
2026-04-23,BSE_SMALLCAP,71073.65,20260423
2026-04-23,CRISIL_GILT,2275.31,20260423
2026-04-23,CRISIL_LIQUID,3023.97,20260423
2026-04-23,NIFTY100,18535.61,20260423
2026-04-23,NIFTY50,19410.04,20260423
2026-04-23,NIFTY500,36091.04,20260423
2026-04-23,NIFTY_MIDCAP150,31121.22,20260423
2026-04-24,BSE_SMALLCAP,71161.83,20260424
2026-04-24,CRISIL_GILT,2275.2,20260424
2026-04-24,CRISIL_LIQUID,3024.8,20260424
2026-04-24,NIFTY100,18274.07,20260424
2026-04-24,NIFTY50,19446.39,20260424
2026-04-24,NIFTY500,35637.61,20260424
2026-04-24,NIFTY_MIDCAP150,30906.25,20260424
2026-04-27,BSE_SMALLCAP,71593.75,20260427
2026-04-27,CRISIL_GILT,2280.81,20260427
2026-04-27,CRISIL_LIQUID,3026.4,20260427
2026-04-27,NIFTY100,18251.07,20260427
2026-04-27,NIFTY50,19268.82,20260427
2026-04-27,NIFTY500,35319.08,20260427
2026-04-27,NIFTY_MIDCAP150,30958.91,20260427
2026-04-28,BSE_SMALLCAP,70478.28,20260428
2026-04-28,CRISIL_GILT,2274.39,20260428
2026-04-28,CRISIL_LIQUID,3027.55,20260428
2026-04-28,NIFTY100,18316.33,20260428
2026-04-28,NIFTY50,19314.38,20260428
2026-04-28,NIFTY500,35501.26,20260428
2026-04-28,NIFTY_MIDCAP150,31163.05,20260428
2026-04-29,BSE_SMALLCAP,71041.47,20260429
2026-04-29,CRISIL_GILT,2276.36,20260429
2026-04-29,CRISIL_LIQUID,3028.61,20260429
2026-04-29,NIFTY100,18629.93,20260429
2026-04-29,NIFTY50,19321.75,20260429
2026-04-29,NIFTY500,35669.99,20260429
2026-04-29,NIFTY_MIDCAP150,31633.27,20260429
2026-04-30,BSE_SMALLCAP,72293.74,20260430
2026-04-30,CRISIL_GILT,2275.36,20260430
2026-04-30,CRISIL_LIQUID,3028.44,20260430
2026-04-30,NIFTY100,18631.29,20260430
2026-04-30,NIFTY50,19199.98,20260430
2026-04-30,NIFTY500,35993.84,20260430
2026-04-30,NIFTY_MIDCAP150,31730.44,20260430
2026-05-01,BSE_SMALLCAP,72566.07,20260501
2026-05-01,CRISIL_GILT,2270.81,20260501
2026-05-01,CRISIL_LIQUID,3028.99,20260501
2026-05-01,NIFTY100,18566.52,20260501
2026-05-01,NIFTY50,19304.74,20260501
2026-05-01,NIFTY500,36434.05,20260501
2026-05-01,NIFTY_MIDCAP150,31822.38,20260501
2026-05-04,BSE_SMALLCAP,73494.88,20260504
2026-05-04,CRISIL_GILT,2278.36,20260504
2026-05-04,CRISIL_LIQUID,3029.42,20260504
2026-05-04,NIFTY100,18608.36,20260504
2026-05-04,NIFTY50,19526.9,20260504
2026-05-04,NIFTY500,36171.78,20260504
2026-05-04,NIFTY_MIDCAP150,31998.33,20260504
2026-05-05,BSE_SMALLCAP,73134.17,20260505
2026-05-05,CRISIL_GILT,2284.29,20260505
2026-05-05,CRISIL_LIQUID,3030.77,20260505
2026-05-05,NIFTY100,18728.99,20260505
2026-05-05,NIFTY50,19444.78,20260505
2026-05-05,NIFTY500,36486.19,20260505
2026-05-05,NIFTY_MIDCAP150,31199.73,20260505
2026-05-06,BSE_SMALLCAP,73602.81,20260506
2026-05-06,CRISIL_GILT,2288.02,20260506
2026-05-06,CRISIL_LIQUID,3029.54,20260506
2026-05-06,NIFTY100,18921.78,20260506
2026-05-06,NIFTY50,19470.77,20260506
2026-05-06,NIFTY500,36266.94,20260506
2026-05-06,NIFTY_MIDCAP150,31239.91,20260506
2026-05-07,BSE_SMALLCAP,73261.24,20260507
2026-05-07,CRISIL_GILT,2292.76,20260507
2026-05-07,CRISIL_LIQUID,3031.32,20260507
2026-05-07,NIFTY100,19160.18,20260507
2026-05-07,NIFTY50,19680.29,20260507
2026-05-07,NIFTY500,36245.67,20260507
2026-05-07,NIFTY_MIDCAP150,30869.71,20260507
2026-05-08,BSE_SMALLCAP,71659.04,20260508
2026-05-08,CRISIL_GILT,2291.11,20260508
2026-05-08,CRISIL_LIQUID,3031.85,20260508
2026-05-08,NIFTY100,18871.35,20260508
2026-05-08,NIFTY50,19339.3,20260508
2026-05-08,NIFTY500,36030.83,20260508
2026-05-08,NIFTY_MIDCAP150,30662.83,20260508
2026-05-11,BSE_SMALLCAP,71476.92,20260511
2026-05-11,CRISIL_GILT,2292.07,20260511
2026-05-11,CRISIL_LIQUID,3032.0,20260511
2026-05-11,NIFTY100,18762.08,20260511
2026-05-11,NIFTY50,19650.77,20260511
2026-05-11,NIFTY500,36295.09,20260511
2026-05-11,NIFTY_MIDCAP150,30640.59,20260511
2026-05-12,BSE_SMALLCAP,72652.8,20260512
2026-05-12,CRISIL_GILT,2287.98,20260512
2026-05-12,CRISIL_LIQUID,3033.11,20260512
2026-05-12,NIFTY100,18904.22,20260512
2026-05-12,NIFTY50,19673.07,20260512
2026-05-12,NIFTY500,36128.67,20260512
2026-05-12,NIFTY_MIDCAP150,30992.97,20260512
2026-05-13,BSE_SMALLCAP,71372.79,20260513
2026-05-13,CRISIL_GILT,2293.1,20260513
2026-05-13,CRISIL_LIQUID,3033.87,20260513
2026-05-13,NIFTY100,18953.65,20260513
2026-05-13,NIFTY50,19804.92,20260513
2026-05-13,NIFTY500,36354.36,20260513
2026-05-13,NIFTY_MIDCAP150,30397.31,20260513
2026-05-14,BSE_SMALLCAP,73057.74,20260514
2026-05-14,CRISIL_GILT,2288.53,20260514
2026-05-14,CRISIL_LIQUID,3034.8,20260514
2026-05-14,NIFTY100,19030.41,20260514
2026-05-14,NIFTY50,19540.09,20260514
2026-05-14,NIFTY500,36527.04,20260514
2026-05-14,NIFTY_MIDCAP150,30499.17,20260514
2026-05-15,BSE_SMALLCAP,72553.23,20260515
2026-05-15,CRISIL_GILT,2286.31,20260515
2026-05-15,CRISIL_LIQUID,3036.84,20260515
2026-05-15,NIFTY100,18942.22,20260515
2026-05-15,NIFTY50,19332.08,20260515
2026-05-15,NIFTY500,36914.79,20260515
2026-05-15,NIFTY_MIDCAP150,30554.41,20260515
2026-05-18,BSE_SMALLCAP,73173.39,20260518
2026-05-18,CRISIL_GILT,2281.08,20260518
2026-05-18,CRISIL_LIQUID,3035.91,20260518
2026-05-18,NIFTY100,18988.63,20260518
2026-05-18,NIFTY50,19189.06,20260518
2026-05-18,NIFTY500,37124.71,20260518
2026-05-18,NIFTY_MIDCAP150,30723.63,20260518
2026-05-19,BSE_SMALLCAP,74782.71,20260519
2026-05-19,CRISIL_GILT,2282.98,20260519
2026-05-19,CRISIL_LIQUID,3035.36,20260519
2026-05-19,NIFTY100,18961.65,20260519
2026-05-19,NIFTY50,19032.79,20260519
2026-05-19,NIFTY500,37761.23,20260519
2026-05-19,NIFTY_MIDCAP150,31532.84,20260519
2026-05-20,BSE_SMALLCAP,76755.97,20260520
2026-05-20,CRISIL_GILT,2282.14,20260520
2026-05-20,CRISIL_LIQUID,3035.61,20260520
2026-05-20,NIFTY100,19044.55,20260520
2026-05-20,NIFTY50,18681.88,20260520
2026-05-20,NIFTY500,37567.22,20260520
2026-05-20,NIFTY_MIDCAP150,32114.68,20260520
2026-05-21,BSE_SMALLCAP,78542.05,20260521
2026-05-21,CRISIL_GILT,2285.11,20260521
2026-05-21,CRISIL_LIQUID,3037.74,20260521
2026-05-21,NIFTY100,19133.14,20260521
2026-05-21,NIFTY50,18509.36,20260521
2026-05-21,NIFTY500,37851.06,20260521
2026-05-21,NIFTY_MIDCAP150,32241.35,20260521
2026-05-22,BSE_SMALLCAP,77776.16,20260522
2026-05-22,CRISIL_GILT,2281.95,20260522
2026-05-22,CRISIL_LIQUID,3039.28,20260522
2026-05-22,NIFTY100,19193.21,20260522
2026-05-22,NIFTY50,18392.58,20260522
2026-05-22,NIFTY500,38004.83,20260522
2026-05-22,NIFTY_MIDCAP150,32467.58,20260522
2026-05-25,BSE_SMALLCAP,79075.39,20260525
2026-05-25,CRISIL_GILT,2278.26,20260525
2026-05-25,CRISIL_LIQUID,3039.94,20260525
2026-05-25,NIFTY100,19245.64,20260525
2026-05-25,NIFTY50,18186.57,20260525
2026-05-25,NIFTY500,37772.25,20260525
2026-05-25,NIFTY_MIDCAP150,32474.69,20260525
2026-05-26,BSE_SMALLCAP,78483.7,20260526
2026-05-26,CRISIL_GILT,2281.42,20260526
2026-05-26,CRISIL_LIQUID,3041.31,20260526
2026-05-26,NIFTY100,19228.08,20260526
2026-05-26,NIFTY50,18418.36,20260526
2026-05-26,NIFTY500,38111.96,20260526
2026-05-26,NIFTY_MIDCAP150,32776.35,20260526
2026-05-27,BSE_SMALLCAP,77524.06,20260527
2026-05-27,CRISIL_GILT,2281.3,20260527
2026-05-27,CRISIL_LIQUID,3042.89,20260527
2026-05-27,NIFTY100,19489.24,20260527
2026-05-27,NIFTY50,18523.57,20260527
2026-05-27,NIFTY500,38418.87,20260527
2026-05-27,NIFTY_MIDCAP150,32810.37,20260527
2026-05-28,BSE_SMALLCAP,76951.24,20260528
2026-05-28,CRISIL_GILT,2298.35,20260528
2026-05-28,CRISIL_LIQUID,3044.18,20260528
2026-05-28,NIFTY100,19677.97,20260528
2026-05-28,NIFTY50,18421.08,20260528
2026-05-28,NIFTY500,38220.66,20260528
2026-05-28,NIFTY_MIDCAP150,32990.66,20260528
2026-05-29,BSE_SMALLCAP,78367.62,20260529
2026-05-29,CRISIL_GILT,2302.79,20260529
2026-05-29,CRISIL_LIQUID,3046.0,20260529
2026-05-29,NIFTY100,19696.29,20260529
2026-05-29,NIFTY50,18517.65,20260529
2026-05-29,NIFTY500,37680.76,20260529
2026-05-29,NIFTY_MIDCAP150,32763.85,20260529
